rvac_ID,utr_originial_varylength,Length,y_pred,label,Cell_Line,ORF Name,utr_50,utr_100,diff,diff_rank,y_pred_rank,label_rank
RV-UML-m002,AGGTCCGTTATATTATTTATCTTGCAGATCAAACTTCAGAGAGGAGGGCC,50,8.419791,1.33,C2C12,Luciferase,AGGTCCGTTATATTATTTATCTTGCAGATCAAACTTCAGAGAGGAGGGCC,<pad><pad><pad><pad><pad><pad><pad><pad><pad><pad><pad><pad><pad><pad><pad><pad><pad><pad><pad><pad><pad><pad><pad><pad><pad><pad><pad><pad><pad><pad><pad><pad><pad><pad><pad><pad><pad><pad><pad><pad><pad><pad><pad><pad><pad><pad><pad><pad><pad><pad>AGGTCCGTTATATTATTTATCTTGCAGATCAAACTTCAGAGAGGAGGGCC,7.089791,136,17,1
RV-UML-m314,AGGGAACAGTGGAGCACAATAGTTGTCACAAACGCGTGACCTGTACCTTA,50,7.837474,1.31,C2C12,Luciferase,AGGGAACAGTGGAGCACAATAGTTGTCACAAACGCGTGACCTGTACCTTA,<pad><pad><pad><pad><pad><pad><pad><pad><pad><pad><pad><pad><pad><pad><pad><pad><pad><pad><pad><pad><pad><pad><pad><pad><pad><pad><pad><pad><pad><pad><pad><pad><pad><pad><pad><pad><pad><pad><pad><pad><pad><pad><pad><pad><pad><pad><pad><pad><pad><pad>AGGGAACAGTGGAGCACAATAGTTGTCACAAACGCGTGACCTGTACCTTA,6.527474,30,155,2
RV-UML-m017,AGAGAAAGAGTTTCGAGAAAGTTGCGATACACACCGACCTAATCCGTGTC,50,8.4741335,1.26,C2C12,Luciferase,AGAGAAAGAGTTTCGAGAAAGTTGCGATACACACCGACCTAATCCGTGTC,<pad><pad><pad><pad><pad><pad><pad><pad><pad><pad><pad><pad><pad><pad><pad><pad><pad><pad><pad><pad><pad><pad><pad><pad><pad><pad><pad><pad><pad><pad><pad><pad><pad><pad><pad><pad><pad><pad><pad><pad><pad><pad><pad><pad><pad><pad><pad><pad><pad><pad>AGAGAAAGAGTTTCGAGAAAGTTGCGATACACACCGACCTAATCCGTGTC,7.214133500000001,159,9,3
RV-UML-m349,AGACTGAGTAGCGTTGTCGATTGCTGTTTTCATAACCGTACCGAGCCTGC,50,7.7870603,1.24,C2C12,Luciferase,AGACTGAGTAGCGTTGTCGATTGCTGTTTTCATAACCGTACCGAGCCTGC,<pad><pad><pad><pad><pad><pad><pad><pad><pad><pad><pad><pad><pad><pad><pad><pad><pad><pad><pad><pad><pad><pad><pad><pad><pad><pad><pad><pad><pad><pad><pad><pad><pad><pad><pad><pad><pad><pad><pad><pad><pad><pad><pad><pad><pad><pad><pad><pad><pad><pad>AGACTGAGTAGCGTTGTCGATTGCTGTTTTCATAACCGTACCGAGCCTGC,6.5470603,34,161,4
RV-UML-m302,AGTTATTTGCGATAAACAGTAGGGAGACAATTGACCTGCACAGCGTGGCC,50,8.149822,1.24,C2C12,Luciferase,AGTTATTTGCGATAAACAGTAGGGAGACAATTGACCTGCACAGCGTGGCC,<pad><pad><pad><pad><pad><pad><pad><pad><pad><pad><pad><pad><pad><pad><pad><pad><pad><pad><pad><pad><pad><pad><pad><pad><pad><pad><pad><pad><pad><pad><pad><pad><pad><pad><pad><pad><pad><pad><pad><pad><pad><pad><pad><pad><pad><pad><pad><pad><pad><pad>AGTTATTTGCGATAAACAGTAGGGAGACAATTGACCTGCACAGCGTGGCC,6.909822,81,75,5
RV-UML-m286,AGTGGAGAGCGCAATCCAGTTTCCTTAGCAAAGCATATCACCCTTCGGCT,50,8.215983,1.24,C2C12,Luciferase,AGTGGAGAGCGCAATCCAGTTTCCTTAGCAAAGCATATCACCCTTCGGCT,<pad><pad><pad><pad><pad><pad><pad><pad><pad><pad><pad><pad><pad><pad><pad><pad><pad><pad><pad><pad><pad><pad><pad><pad><pad><pad><pad><pad><pad><pad><pad><pad><pad><pad><pad><pad><pad><pad><pad><pad><pad><pad><pad><pad><pad><pad><pad><pad><pad><pad>AGTGGAGAGCGCAATCCAGTTTCCTTAGCAAAGCATATCACCCTTCGGCT,6.975982999999999,101,55,6
RV-UML-m318,AGCCCTTACACGAATTCTCGAAAATCGTGCTTCAAGAAACGTACAACGGC,50,8.084414,1.23,C2C12,Luciferase,AGCCCTTACACGAATTCTCGAAAATCGTGCTTCAAGAAACGTACAACGGC,<pad><pad><pad><pad><pad><pad><pad><pad><pad><pad><pad><pad><pad><pad><pad><pad><pad><pad><pad><pad><pad><pad><pad><pad><pad><pad><pad><pad><pad><pad><pad><pad><pad><pad><pad><pad><pad><pad><pad><pad><pad><pad><pad><pad><pad><pad><pad><pad><pad><pad>AGCCCTTACACGAATTCTCGAAAATCGTGCTTCAAGAAACGTACAACGGC,6.854414,73,96,7
RV-UML-m348,AGCCTTCGCACAATACTCGCGCGTCCTAAGCAAAATCGGAACAAGTACTG,50,7.8543386,1.21,C2C12,Luciferase,AGCCTTCGCACAATACTCGCGCGTCCTAAGCAAAATCGGAACAAGTACTG,<pad><pad><pad><pad><pad><pad><pad><pad><pad><pad><pad><pad><pad><pad><pad><pad><pad><pad><pad><pad><pad><pad><pad><pad><pad><pad><pad><pad><pad><pad><pad><pad><pad><pad><pad><pad><pad><pad><pad><pad><pad><pad><pad><pad><pad><pad><pad><pad><pad><pad>AGCCTTCGCACAATACTCGCGCGTCCTAAGCAAAATCGGAACAAGTACTG,6.6443386,40,151,8
RV-UML-m025,AGGCGAAGTCTTCGACTACCACTACCCTCGCCGTCGCGGTCTTTGCTGTC,50,7.5106726,1.21,C2C12,Luciferase,AGGCGAAGTCTTCGACTACCACTACCCTCGCCGTCGCGGTCTTTGCTGTC,<pad><pad><pad><pad><pad><pad><pad><pad><pad><pad><pad><pad><pad><pad><pad><pad><pad><pad><pad><pad><pad><pad><pad><pad><pad><pad><pad><pad><pad><pad><pad><pad><pad><pad><pad><pad><pad><pad><pad><pad><pad><pad><pad><pad><pad><pad><pad><pad><pad><pad>AGGCGAAGTCTTCGACTACCACTACCCTCGCCGTCGCGGTCTTTGCTGTC,6.3006726,20,186,9
RV-UML-m290,AGGTTGCACTTTACCCTCCCTTCCCGTGGGAACGCATTGCGAAAATCGCA,50,7.9533877,1.2,C2C12,Luciferase,AGGTTGCACTTTACCCTCCCTTCCCGTGGGAACGCATTGCGAAAATCGCA,<pad><pad><pad><pad><pad><pad><pad><pad><pad><pad><pad><pad><pad><pad><pad><pad><pad><pad><pad><pad><pad><pad><pad><pad><pad><pad><pad><pad><pad><pad><pad><pad><pad><pad><pad><pad><pad><pad><pad><pad><pad><pad><pad><pad><pad><pad><pad><pad><pad><pad>AGGTTGCACTTTACCCTCCCTTCCCGTGGGAACGCATTGCGAAAATCGCA,6.7533877,54,131,10
RV-UML-m007,AGGGATTTACCGAGAATCTAGTTACAGAACAACCTCTTCCTAAAAGGGCC,50,8.445252,1.2,C2C12,Luciferase,AGGGATTTACCGAGAATCTAGTTACAGAACAACCTCTTCCTAAAAGGGCC,<pad><pad><pad><pad><pad><pad><pad><pad><pad><pad><pad><pad><pad><pad><pad><pad><pad><pad><pad><pad><pad><pad><pad><pad><pad><pad><pad><pad><pad><pad><pad><pad><pad><pad><pad><pad><pad><pad><pad><pad><pad><pad><pad><pad><pad><pad><pad><pad><pad><pad>AGGGATTTACCGAGAATCTAGTTACAGAACAACCTCTTCCTAAAAGGGCC,7.245252,164,11,11
RV-UML-m006,AGGCCGAGTCATTATCATACTTGGTTCAATCTATTGAACGAAGTATTGCT,50,8.399383,1.2,C2C12,Luciferase,AGGCCGAGTCATTATCATACTTGGTTCAATCTATTGAACGAAGTATTGCT,<pad><pad><pad><pad><pad><pad><pad><pad><pad><pad><pad><pad><pad><pad><pad><pad><pad><pad><pad><pad><pad><pad><pad><pad><pad><pad><pad><pad><pad><pad><pad><pad><pad><pad><pad><pad><pad><pad><pad><pad><pad><pad><pad><pad><pad><pad><pad><pad><pad><pad>AGGCCGAGTCATTATCATACTTGGTTCAATCTATTGAACGAAGTATTGCT,7.199383,158,22,12
RV-UML-m004,AGGGACCAAGAGTTCGATACCTCATCGAACTGCGAGTCATAAGCAGGGCC,50,8.179081,1.2,C2C12,Luciferase,AGGGACCAAGAGTTCGATACCTCATCGAACTGCGAGTCATAAGCAGGGCC,<pad><pad><pad><pad><pad><pad><pad><pad><pad><pad><pad><pad><pad><pad><pad><pad><pad><pad><pad><pad><pad><pad><pad><pad><pad><pad><pad><pad><pad><pad><pad><pad><pad><pad><pad><pad><pad><pad><pad><pad><pad><pad><pad><pad><pad><pad><pad><pad><pad><pad>AGGGACCAAGAGTTCGATACCTCATCGAACTGCGAGTCATAAGCAGGGCC,6.979081,102,67,13
RV-UML-m291,AGTGGAGATTCGGGATCTGCAAATCACCGATAAAACATCCCTTCGGGAGG,50,8.104761,1.19,C2C12,Luciferase,AGTGGAGATTCGGGATCTGCAAATCACCGATAAAACATCCCTTCGGGAGG,<pad><pad><pad><pad><pad><pad><pad><pad><pad><pad><pad><pad><pad><pad><pad><pad><pad><pad><pad><pad><pad><pad><pad><pad><pad><pad><pad><pad><pad><pad><pad><pad><pad><pad><pad><pad><pad><pad><pad><pad><pad><pad><pad><pad><pad><pad><pad><pad><pad><pad>AGTGGAGATTCGGGATCTGCAAATCACCGATAAAACATCCCTTCGGGAGG,6.914761,84,90,14
RV-UML-m038,AGCCGGAACACGGTATCTGTGCGTTCGTAATCAGTACTAACTCTATCCAG,50,7.990851,1.19,C2C12,Luciferase,AGCCGGAACACGGTATCTGTGCGTTCGTAATCAGTACTAACTCTATCCAG,<pad><pad><pad><pad><pad><pad><pad><pad><pad><pad><pad><pad><pad><pad><pad><pad><pad><pad><pad><pad><pad><pad><pad><pad><pad><pad><pad><pad><pad><pad><pad><pad><pad><pad><pad><pad><pad><pad><pad><pad><pad><pad><pad><pad><pad><pad><pad><pad><pad><pad>AGCCGGAACACGGTATCTGTGCGTTCGTAATCAGTACTAACTCTATCCAG,6.800851,62,123,15
RV-UML-m091,AGAACGCGAGTTCCTTCTTCACTGGTACCTCACACCCAATAGCAATTCCA,50,8.248914,1.18,C2C12,Luciferase,AGAACGCGAGTTCCTTCTTCACTGGTACCTCACACCCAATAGCAATTCCA,<pad><pad><pad><pad><pad><pad><pad><pad><pad><pad><pad><pad><pad><pad><pad><pad><pad><pad><pad><pad><pad><pad><pad><pad><pad><pad><pad><pad><pad><pad><pad><pad><pad><pad><pad><pad><pad><pad><pad><pad><pad><pad><pad><pad><pad><pad><pad><pad><pad><pad>AGAACGCGAGTTCCTTCTTCACTGGTACCTCACACCCAATAGCAATTCCA,7.0689139999999995,130,47,16
RV-UML-m280,AGACGGTAGACAAGGAATCGAAAGACTGCTCCTCACTGCTTACGTTTACC,50,8.126152,1.18,C2C12,Luciferase,AGACGGTAGACAAGGAATCGAAAGACTGCTCCTCACTGCTTACGTTTACC,<pad><pad><pad><pad><pad><pad><pad><pad><pad><pad><pad><pad><pad><pad><pad><pad><pad><pad><pad><pad><pad><pad><pad><pad><pad><pad><pad><pad><pad><pad><pad><pad><pad><pad><pad><pad><pad><pad><pad><pad><pad><pad><pad><pad><pad><pad><pad><pad><pad><pad>AGACGGTAGACAAGGAATCGAAAGACTGCTCCTCACTGCTTACGTTTACC,6.946152,95,83,17
RV-UML-m354,AGTGAGTCCCCGTCAACCGTATCGGGAGGGCGATCGACAATTCTCTACCA,50,7.4154162,1.17,C2C12,Luciferase,AGTGAGTCCCCGTCAACCGTATCGGGAGGGCGATCGACAATTCTCTACCA,<pad><pad><pad><pad><pad><pad><pad><pad><pad><pad><pad><pad><pad><pad><pad><pad><pad><pad><pad><pad><pad><pad><pad><pad><pad><pad><pad><pad><pad><pad><pad><pad><pad><pad><pad><pad><pad><pad><pad><pad><pad><pad><pad><pad><pad><pad><pad><pad><pad><pad>AGTGAGTCCCCGTCAACCGTATCGGGAGGGCGATCGACAATTCTCTACCA,6.2454162,16,189,18
RV-UML-m076,AGTGCCGCATTGTCTTCTTGTGTTCGCTTGCCGCCGACGAACAACTGGAA,50,8.048086,1.17,C2C12,Luciferase,AGTGCCGCATTGTCTTCTTGTGTTCGCTTGCCGCCGACGAACAACTGGAA,<pad><pad><pad><pad><pad><pad><pad><pad><pad><pad><pad><pad><pad><pad><pad><pad><pad><pad><pad><pad><pad><pad><pad><pad><pad><pad><pad><pad><pad><pad><pad><pad><pad><pad><pad><pad><pad><pad><pad><pad><pad><pad><pad><pad><pad><pad><pad><pad><pad><pad>AGTGCCGCATTGTCTTCTTGTGTTCGCTTGCCGCCGACGAACAACTGGAA,6.878086,75,108,19
RV-UML-m078,AGGTGGTCTTCTTGTTGCTACAGGAACCCACGGACTTATTCGATAGCGAC,50,8.072656,1.17,C2C12,Luciferase,AGGTGGTCTTCTTGTTGCTACAGGAACCCACGGACTTATTCGATAGCGAC,<pad><pad><pad><pad><pad><pad><pad><pad><pad><pad><pad><pad><pad><pad><pad><pad><pad><pad><pad><pad><pad><pad><pad><pad><pad><pad><pad><pad><pad><pad><pad><pad><pad><pad><pad><pad><pad><pad><pad><pad><pad><pad><pad><pad><pad><pad><pad><pad><pad><pad>AGGTGGTCTTCTTGTTGCTACAGGAACCCACGGACTTATTCGATAGCGAC,6.902656,78,101,20
RV-UML-m361,AGACCTATCCAGACCTTCTCGGCCTCACCATTGCCGTCGCACTCGTACTG,50,7.622689,1.16,C2C12,Luciferase,AGACCTATCCAGACCTTCTCGGCCTCACCATTGCCGTCGCACTCGTACTG,<pad><pad><pad><pad><pad><pad><pad><pad><pad><pad><pad><pad><pad><pad><pad><pad><pad><pad><pad><pad><pad><pad><pad><pad><pad><pad><pad><pad><pad><pad><pad><pad><pad><pad><pad><pad><pad><pad><pad><pad><pad><pad><pad><pad><pad><pad><pad><pad><pad><pad>AGACCTATCCAGACCTTCTCGGCCTCACCATTGCCGTCGCACTCGTACTG,6.462689,24,178,21
RV-UML-m063,AGTTGTTCGACGAGATCCTTTCTCTCGCGATTATATCGTTCCGCTTTGCA,50,8.2673855,1.16,C2C12,Luciferase,AGTTGTTCGACGAGATCCTTTCTCTCGCGATTATATCGTTCCGCTTTGCA,<pad><pad><pad><pad><pad><pad><pad><pad><pad><pad><pad><pad><pad><pad><pad><pad><pad><pad><pad><pad><pad><pad><pad><pad><pad><pad><pad><pad><pad><pad><pad><pad><pad><pad><pad><pad><pad><pad><pad><pad><pad><pad><pad><pad><pad><pad><pad><pad><pad><pad>AGTTGTTCGACGAGATCCTTTCTCTCGCGATTATATCGTTCCGCTTTGCA,7.1073854999999995,140,43,22
RV-UML-m276,AGGCTGCAACGTATCGAGTCAAATATATCGGTTGCAGTAGTACCGTGGCC,50,7.9123435,1.16,C2C12,Luciferase,AGGCTGCAACGTATCGAGTCAAATATATCGGTTGCAGTAGTACCGTGGCC,<pad><pad><pad><pad><pad><pad><pad><pad><pad><pad><pad><pad><pad><pad><pad><pad><pad><pad><pad><pad><pad><pad><pad><pad><pad><pad><pad><pad><pad><pad><pad><pad><pad><pad><pad><pad><pad><pad><pad><pad><pad><pad><pad><pad><pad><pad><pad><pad><pad><pad>AGGCTGCAACGTATCGAGTCAAATATATCGGTTGCAGTAGTACCGTGGCC,6.7523435,52,141,23
RV-UML-m358,AGAAGGTTCCGCGACGCTCCCGCCTTCTATCCCCTTCTTTAAAGTCGCTG,50,7.526611,1.16,C2C12,Luciferase,AGAAGGTTCCGCGACGCTCCCGCCTTCTATCCCCTTCTTTAAAGTCGCTG,<pad><pad><pad><pad><pad><pad><pad><pad><pad><pad><pad><pad><pad><pad><pad><pad><pad><pad><pad><pad><pad><pad><pad><pad><pad><pad><pad><pad><pad><pad><pad><pad><pad><pad><pad><pad><pad><pad><pad><pad><pad><pad><pad><pad><pad><pad><pad><pad><pad><pad>AGAAGGTTCCGCGACGCTCCCGCCTTCTATCCCCTTCTTTAAAGTCGCTG,6.366611,22,184,24
RV-UML-m069,AGATTGGCGCAAACCAGTTTCCCGAACGTTTGTCCAGAGAGGCAATACGG,50,7.7708898,1.16,C2C12,Luciferase,AGATTGGCGCAAACCAGTTTCCCGAACGTTTGTCCAGAGAGGCAATACGG,<pad><pad><pad><pad><pad><pad><pad><pad><pad><pad><pad><pad><pad><pad><pad><pad><pad><pad><pad><pad><pad><pad><pad><pad><pad><pad><pad><pad><pad><pad><pad><pad><pad><pad><pad><pad><pad><pad><pad><pad><pad><pad><pad><pad><pad><pad><pad><pad><pad><pad>AGATTGGCGCAAACCAGTTTCCCGAACGTTTGTCCAGAGAGGCAATACGG,6.6108898,39,162,25
RV-UML-m100,AGAGATTGTTGCATTGTCAGCACCACGCAATTGCAGCGCACCCGATCGCA,50,7.998518,1.16,C2C12,Luciferase,AGAGATTGTTGCATTGTCAGCACCACGCAATTGCAGCGCACCCGATCGCA,<pad><pad><pad><pad><pad><pad><pad><pad><pad><pad><pad><pad><pad><pad><pad><pad><pad><pad><pad><pad><pad><pad><pad><pad><pad><pad><pad><pad><pad><pad><pad><pad><pad><pad><pad><pad><pad><pad><pad><pad><pad><pad><pad><pad><pad><pad><pad><pad><pad><pad>AGAGATTGTTGCATTGTCAGCACCACGCAATTGCAGCGCACCCGATCGCA,6.838518,68,117,26
RV-UML-m304,AGTACATTCATCGCTCGCTACCCGTCTGTCGAGCACACATTCAGGACAAG,50,7.8437843,1.16,C2C12,Luciferase,AGTACATTCATCGCTCGCTACCCGTCTGTCGAGCACACATTCAGGACAAG,<pad><pad><pad><pad><pad><pad><pad><pad><pad><pad><pad><pad><pad><pad><pad><pad><pad><pad><pad><pad><pad><pad><pad><pad><pad><pad><pad><pad><pad><pad><pad><pad><pad><pad><pad><pad><pad><pad><pad><pad><pad><pad><pad><pad><pad><pad><pad><pad><pad><pad>AGTACATTCATCGCTCGCTACCCGTCTGTCGAGCACACATTCAGGACAAG,6.6837843,43,153,27
RV-UML-m279,AGTCGAGGGGCTTATTCTGCGTTTCTGCACGAGCGAATTCTGACGGATCA,50,7.940648,1.16,C2C12,Luciferase,AGTCGAGGGGCTTATTCTGCGTTTCTGCACGAGCGAATTCTGACGGATCA,<pad><pad><pad><pad><pad><pad><pad><pad><pad><pad><pad><pad><pad><pad><pad><pad><pad><pad><pad><pad><pad><pad><pad><pad><pad><pad><pad><pad><pad><pad><pad><pad><pad><pad><pad><pad><pad><pad><pad><pad><pad><pad><pad><pad><pad><pad><pad><pad><pad><pad>AGTCGAGGGGCTTATTCTGCGTTTCTGCACGAGCGAATTCTGACGGATCA,6.780648,57,134,28
RV-UML-m028,AGACCGGGTTTCTCTGCATAATCTTTATACTGGCAGATAAAGCCATTGCC,50,7.976418,1.16,C2C12,Luciferase,AGACCGGGTTTCTCTGCATAATCTTTATACTGGCAGATAAAGCCATTGCC,<pad><pad><pad><pad><pad><pad><pad><pad><pad><pad><pad><pad><pad><pad><pad><pad><pad><pad><pad><pad><pad><pad><pad><pad><pad><pad><pad><pad><pad><pad><pad><pad><pad><pad><pad><pad><pad><pad><pad><pad><pad><pad><pad><pad><pad><pad><pad><pad><pad><pad>AGACCGGGTTTCTCTGCATAATCTTTATACTGGCAGATAAAGCCATTGCC,6.816418,66,126,29
RV-UML-m026,AGTTGATCTTCGTCCGTGCATCACACCGGTCTTGTCCCCTGAACAGGGTA,50,7.037791,1.16,C2C12,Luciferase,AGTTGATCTTCGTCCGTGCATCACACCGGTCTTGTCCCCTGAACAGGGTA,<pad><pad><pad><pad><pad><pad><pad><pad><pad><pad><pad><pad><pad><pad><pad><pad><pad><pad><pad><pad><pad><pad><pad><pad><pad><pad><pad><pad><pad><pad><pad><pad><pad><pad><pad><pad><pad><pad><pad><pad><pad><pad><pad><pad><pad><pad><pad><pad><pad><pad>AGTTGATCTTCGTCCGTGCATCACACCGGTCTTGTCCCCTGAACAGGGTA,5.877791,8,202,30
RV-UML-m303,AGGAAAATCCGGAAACCGGAAATTAACCGAGTGTCTTCAGCTCACTGAGC,50,8.200647,1.15,C2C12,Luciferase,AGGAAAATCCGGAAACCGGAAATTAACCGAGTGTCTTCAGCTCACTGAGC,<pad><pad><pad><pad><pad><pad><pad><pad><pad><pad><pad><pad><pad><pad><pad><pad><pad><pad><pad><pad><pad><pad><pad><pad><pad><pad><pad><pad><pad><pad><pad><pad><pad><pad><pad><pad><pad><pad><pad><pad><pad><pad><pad><pad><pad><pad><pad><pad><pad><pad>AGGAAAATCCGGAAACCGGAAATTAACCGAGTGTCTTCAGCTCACTGAGC,7.050647,121,57,31
RV-UML-m048,AGATACGTCAACTGGGACTCGGATCCTTACAGAACCGAGTTATAATCTCA,50,8.136586,1.15,C2C12,Luciferase,AGATACGTCAACTGGGACTCGGATCCTTACAGAACCGAGTTATAATCTCA,<pad><pad><pad><pad><pad><pad><pad><pad><pad><pad><pad><pad><pad><pad><pad><pad><pad><pad><pad><pad><pad><pad><pad><pad><pad><pad><pad><pad><pad><pad><pad><pad><pad><pad><pad><pad><pad><pad><pad><pad><pad><pad><pad><pad><pad><pad><pad><pad><pad><pad>AGATACGTCAACTGGGACTCGGATCCTTACAGAACCGAGTTATAATCTCA,6.986585999999999,103,78,32
RV-UML-m313,AGCCAAACTTCGGCTATTCTGCGGTACCCTACCCAACGAGATCTCGAACA,50,7.996581,1.15,C2C12,Luciferase,AGCCAAACTTCGGCTATTCTGCGGTACCCTACCCAACGAGATCTCGAACA,<pad><pad><pad><pad><pad><pad><pad><pad><pad><pad><pad><pad><pad><pad><pad><pad><pad><pad><pad><pad><pad><pad><pad><pad><pad><pad><pad><pad><pad><pad><pad><pad><pad><pad><pad><pad><pad><pad><pad><pad><pad><pad><pad><pad><pad><pad><pad><pad><pad><pad>AGCCAAACTTCGGCTATTCTGCGGTACCCTACCCAACGAGATCTCGAACA,6.8465810000000005,70,119,33
RV-UML-m051,AGGTCATCGGACAATACTTTAGTGGTGTTTTCAGCCCACTCTTCAAAGCA,50,8.114816,1.15,C2C12,Luciferase,AGGTCATCGGACAATACTTTAGTGGTGTTTTCAGCCCACTCTTCAAAGCA,<pad><pad><pad><pad><pad><pad><pad><pad><pad><pad><pad><pad><pad><pad><pad><pad><pad><pad><pad><pad><pad><pad><pad><pad><pad><pad><pad><pad><pad><pad><pad><pad><pad><pad><pad><pad><pad><pad><pad><pad><pad><pad><pad><pad><pad><pad><pad><pad><pad><pad>AGGTCATCGGACAATACTTTAGTGGTGTTTTCAGCCCACTCTTCAAAGCA,6.964815999999999,99,86,34
RV-UML-m324,AGAGAATCTTGTGCTTATTGTGATCGAGCATTGCAGTGGCGTTGGCCATT,50,8.178204,1.14,C2C12,Luciferase,AGAGAATCTTGTGCTTATTGTGATCGAGCATTGCAGTGGCGTTGGCCATT,<pad><pad><pad><pad><pad><pad><pad><pad><pad><pad><pad><pad><pad><pad><pad><pad><pad><pad><pad><pad><pad><pad><pad><pad><pad><pad><pad><pad><pad><pad><pad><pad><pad><pad><pad><pad><pad><pad><pad><pad><pad><pad><pad><pad><pad><pad><pad><pad><pad><pad>AGAGAATCTTGTGCTTATTGTGATCGAGCATTGCAGTGGCGTTGGCCATT,7.0382039999999995,116,68,35
RV-UML-m281,AGGAAATTCAGGAAGAATTTTCCTCCTCTACAGAACTCGTCTGGTCCGTC,50,8.168616,1.14,C2C12,Luciferase,AGGAAATTCAGGAAGAATTTTCCTCCTCTACAGAACTCGTCTGGTCCGTC,<pad><pad><pad><pad><pad><pad><pad><pad><pad><pad><pad><pad><pad><pad><pad><pad><pad><pad><pad><pad><pad><pad><pad><pad><pad><pad><pad><pad><pad><pad><pad><pad><pad><pad><pad><pad><pad><pad><pad><pad><pad><pad><pad><pad><pad><pad><pad><pad><pad><pad>AGGAAATTCAGGAAGAATTTTCCTCCTCTACAGAACTCGTCTGGTCCGTC,7.028616,112,70,36
RV-UML-m351,AGGCGCCTCTACTACTACCCTCGAACGAGGCCGATACTGACGAGAACCCG,50,7.4301248,1.14,C2C12,Luciferase,AGGCGCCTCTACTACTACCCTCGAACGAGGCCGATACTGACGAGAACCCG,<pad><pad><pad><pad><pad><pad><pad><pad><pad><pad><pad><pad><pad><pad><pad><pad><pad><pad><pad><pad><pad><pad><pad><pad><pad><pad><pad><pad><pad><pad><pad><pad><pad><pad><pad><pad><pad><pad><pad><pad><pad><pad><pad><pad><pad><pad><pad><pad><pad><pad>AGGCGCCTCTACTACTACCCTCGAACGAGGCCGATACTGACGAGAACCCG,6.2901248,18,188,37
RV-UML-m068,AGGAGTGTTCTGCACCCCATCTCTTTTCCGGTTTGAGATTTAGCCTGACT,50,8.192484,1.14,C2C12,Luciferase,AGGAGTGTTCTGCACCCCATCTCTTTTCCGGTTTGAGATTTAGCCTGACT,<pad><pad><pad><pad><pad><pad><pad><pad><pad><pad><pad><pad><pad><pad><pad><pad><pad><pad><pad><pad><pad><pad><pad><pad><pad><pad><pad><pad><pad><pad><pad><pad><pad><pad><pad><pad><pad><pad><pad><pad><pad><pad><pad><pad><pad><pad><pad><pad><pad><pad>AGGAGTGTTCTGCACCCCATCTCTTTTCCGGTTTGAGATTTAGCCTGACT,7.052484000000001,122,63,38
RV-UML-m294,AGCATCGTTTCTGCATTAAGAGAAAACTTTGTCTGCAAGGACAGCCGGGG,50,7.874827,1.14,C2C12,Luciferase,AGCATCGTTTCTGCATTAAGAGAAAACTTTGTCTGCAAGGACAGCCGGGG,<pad><pad><pad><pad><pad><pad><pad><pad><pad><pad><pad><pad><pad><pad><pad><pad><pad><pad><pad><pad><pad><pad><pad><pad><pad><pad><pad><pad><pad><pad><pad><pad><pad><pad><pad><pad><pad><pad><pad><pad><pad><pad><pad><pad><pad><pad><pad><pad><pad><pad>AGCATCGTTTCTGCATTAAGAGAAAACTTTGTCTGCAAGGACAGCCGGGG,6.734827,48,147,39
RV-UML-m319,AGAGAACCCAGTACCCAATTCCACGCGAACGTAGACGAGAAGGAGGTGCG,50,8.048683,1.14,C2C12,Luciferase,AGAGAACCCAGTACCCAATTCCACGCGAACGTAGACGAGAAGGAGGTGCG,<pad><pad><pad><pad><pad><pad><pad><pad><pad><pad><pad><pad><pad><pad><pad><pad><pad><pad><pad><pad><pad><pad><pad><pad><pad><pad><pad><pad><pad><pad><pad><pad><pad><pad><pad><pad><pad><pad><pad><pad><pad><pad><pad><pad><pad><pad><pad><pad><pad><pad>AGAGAACCCAGTACCCAATTCCACGCGAACGTAGACGAGAAGGAGGTGCG,6.908683000000001,80,107,40
RV-UML-m305,AGCTGCCCAAATTCTCGTTATTTCTTCACCTTCCAGAACCTCCCGATCCA,50,8.079148,1.14,C2C12,Luciferase,AGCTGCCCAAATTCTCGTTATTTCTTCACCTTCCAGAACCTCCCGATCCA,<pad><pad><pad><pad><pad><pad><pad><pad><pad><pad><pad><pad><pad><pad><pad><pad><pad><pad><pad><pad><pad><pad><pad><pad><pad><pad><pad><pad><pad><pad><pad><pad><pad><pad><pad><pad><pad><pad><pad><pad><pad><pad><pad><pad><pad><pad><pad><pad><pad><pad>AGCTGCCCAAATTCTCGTTATTTCTTCACCTTCCAGAACCTCCCGATCCA,6.939148,92,99,41
RV-UML-m374,AGATTCGGAGGAAACGAGAATTCCAAAGCATCCTTACCTCTCGTAGGGCT,50,8.388475,1.13,C2C12,Luciferase,AGATTCGGAGGAAACGAGAATTCCAAAGCATCCTTACCTCTCGTAGGGCT,<pad><pad><pad><pad><pad><pad><pad><pad><pad><pad><pad><pad><pad><pad><pad><pad><pad><pad><pad><pad><pad><pad><pad><pad><pad><pad><pad><pad><pad><pad><pad><pad><pad><pad><pad><pad><pad><pad><pad><pad><pad><pad><pad><pad><pad><pad><pad><pad><pad><pad>AGATTCGGAGGAAACGAGAATTCCAAAGCATCCTTACCTCTCGTAGGGCT,7.258475,169,25,42
RV-UML-m014,AGGGTTTGAACATATTCGTTTACTTTCCAATCCCTAACTTAGTCCTTGCT,50,8.538143,1.13,C2C12,Luciferase,AGGGTTTGAACATATTCGTTTACTTTCCAATCCCTAACTTAGTCCTTGCT,<pad><pad><pad><pad><pad><pad><pad><pad><pad><pad><pad><pad><pad><pad><pad><pad><pad><pad><pad><pad><pad><pad><pad><pad><pad><pad><pad><pad><pad><pad><pad><pad><pad><pad><pad><pad><pad><pad><pad><pad><pad><pad><pad><pad><pad><pad><pad><pad><pad><pad>AGGGTTTGAACATATTCGTTTACTTTCCAATCCCTAACTTAGTCCTTGCT,7.408143,195,4,43
RV-UML-m015,AGATACACTCGAAACCTGTGTTAAGCATTACTTCTGCTGTAATCGGGGGC,50,8.212938,1.13,C2C12,Luciferase,AGATACACTCGAAACCTGTGTTAAGCATTACTTCTGCTGTAATCGGGGGC,<pad><pad><pad><pad><pad><pad><pad><pad><pad><pad><pad><pad><pad><pad><pad><pad><pad><pad><pad><pad><pad><pad><pad><pad><pad><pad><pad><pad><pad><pad><pad><pad><pad><pad><pad><pad><pad><pad><pad><pad><pad><pad><pad><pad><pad><pad><pad><pad><pad><pad>AGATACACTCGAAACCTGTGTTAAGCATTACTTCTGCTGTAATCGGGGGC,7.0829379999999995,134,56,44
RV-UML-m371,AGGAAATCCTACCGCAACGCAGAGCGTAGATAACTAGTCTCTTCGAAGTC,50,8.379838,1.13,C2C12,Luciferase,AGGAAATCCTACCGCAACGCAGAGCGTAGATAACTAGTCTCTTCGAAGTC,<pad><pad><pad><pad><pad><pad><pad><pad><pad><pad><pad><pad><pad><pad><pad><pad><pad><pad><pad><pad><pad><pad><pad><pad><pad><pad><pad><pad><pad><pad><pad><pad><pad><pad><pad><pad><pad><pad><pad><pad><pad><pad><pad><pad><pad><pad><pad><pad><pad><pad>AGGAAATCCTACCGCAACGCAGAGCGTAGATAACTAGTCTCTTCGAAGTC,7.249838,165,26,45
RV-UML-m027,AGGACCTTCATCCAAGTGACCTCAGGTGTATTGCGTAACAACGTTCGACC,50,7.7173605,1.12,C2C12,Luciferase,AGGACCTTCATCCAAGTGACCTCAGGTGTATTGCGTAACAACGTTCGACC,<pad><pad><pad><pad><pad><pad><pad><pad><pad><pad><pad><pad><pad><pad><pad><pad><pad><pad><pad><pad><pad><pad><pad><pad><pad><pad><pad><pad><pad><pad><pad><pad><pad><pad><pad><pad><pad><pad><pad><pad><pad><pad><pad><pad><pad><pad><pad><pad><pad><pad>AGGACCTTCATCCAAGTGACCTCAGGTGTATTGCGTAACAACGTTCGACC,6.5973605,36,170,46
RV-UML-m283,AGCCGCAGCAAGAGAGCGAGTGATTACAGAGCGATCTTTGTGCAAAAGCT,50,8.189394,1.12,C2C12,Luciferase,AGCCGCAGCAAGAGAGCGAGTGATTACAGAGCGATCTTTGTGCAAAAGCT,<pad><pad><pad><pad><pad><pad><pad><pad><pad><pad><pad><pad><pad><pad><pad><pad><pad><pad><pad><pad><pad><pad><pad><pad><pad><pad><pad><pad><pad><pad><pad><pad><pad><pad><pad><pad><pad><pad><pad><pad><pad><pad><pad><pad><pad><pad><pad><pad><pad><pad>AGCCGCAGCAAGAGAGCGAGTGATTACAGAGCGATCTTTGTGCAAAAGCT,7.069394,131,65,47
RV-UML-m052,AGAGTGGATCGCACCCAAACCTAGCCTCACACACCGGGTCTACCACCGGA,50,7.3922396,1.12,C2C12,Luciferase,AGAGTGGATCGCACCCAAACCTAGCCTCACACACCGGGTCTACCACCGGA,<pad><pad><pad><pad><pad><pad><pad><pad><pad><pad><pad><pad><pad><pad><pad><pad><pad><pad><pad><pad><pad><pad><pad><pad><pad><pad><pad><pad><pad><pad><pad><pad><pad><pad><pad><pad><pad><pad><pad><pad><pad><pad><pad><pad><pad><pad><pad><pad><pad><pad>AGAGTGGATCGCACCCAAACCTAGCCTCACACACCGGGTCTACCACCGGA,6.2722396,17,191,48
RV-UML-m005,AGTGGACTTGTTATCTCGCATTTGCGCAATCCACTATACTGCGTTGGGCC,50,8.346268,1.12,C2C12,Luciferase,AGTGGACTTGTTATCTCGCATTTGCGCAATCCACTATACTGCGTTGGGCC,<pad><pad><pad><pad><pad><pad><pad><pad><pad><pad><pad><pad><pad><pad><pad><pad><pad><pad><pad><pad><pad><pad><pad><pad><pad><pad><pad><pad><pad><pad><pad><pad><pad><pad><pad><pad><pad><pad><pad><pad><pad><pad><pad><pad><pad><pad><pad><pad><pad><pad>AGTGGACTTGTTATCTCGCATTTGCGCAATCCACTATACTGCGTTGGGCC,7.226268,160,34,49
RV-UML-m047,AGCCAATTTCGACGGAATCGAGCGTTGGAGTTCACCTCCAATACGTCATC,50,7.864481,1.12,C2C12,Luciferase,AGCCAATTTCGACGGAATCGAGCGTTGGAGTTCACCTCCAATACGTCATC,<pad><pad><pad><pad><pad><pad><pad><pad><pad><pad><pad><pad><pad><pad><pad><pad><pad><pad><pad><pad><pad><pad><pad><pad><pad><pad><pad><pad><pad><pad><pad><pad><pad><pad><pad><pad><pad><pad><pad><pad><pad><pad><pad><pad><pad><pad><pad><pad><pad><pad>AGCCAATTTCGACGGAATCGAGCGTTGGAGTTCACCTCCAATACGTCATC,6.7444809999999995,49,148,50
RV-UML-m288,AGCTTAAGTGTTTCCGCTATTCTTGTTGTCTGCTTTACTTGACGGGCGAC,50,8.315631,1.12,C2C12,Luciferase,AGCTTAAGTGTTTCCGCTATTCTTGTTGTCTGCTTTACTTGACGGGCGAC,<pad><pad><pad><pad><pad><pad><pad><pad><pad><pad><pad><pad><pad><pad><pad><pad><pad><pad><pad><pad><pad><pad><pad><pad><pad><pad><pad><pad><pad><pad><pad><pad><pad><pad><pad><pad><pad><pad><pad><pad><pad><pad><pad><pad><pad><pad><pad><pad><pad><pad>AGCTTAAGTGTTTCCGCTATTCTTGTTGTCTGCTTTACTTGACGGGCGAC,7.195631,156,38,51
RV-UML-m099,AGCAATTCCGCGAAATCACTTACCTTCTTACTTGGTCATTGCCAGAACCA,50,8.11312,1.12,C2C12,Luciferase,AGCAATTCCGCGAAATCACTTACCTTCTTACTTGGTCATTGCCAGAACCA,<pad><pad><pad><pad><pad><pad><pad><pad><pad><pad><pad><pad><pad><pad><pad><pad><pad><pad><pad><pad><pad><pad><pad><pad><pad><pad><pad><pad><pad><pad><pad><pad><pad><pad><pad><pad><pad><pad><pad><pad><pad><pad><pad><pad><pad><pad><pad><pad><pad><pad>AGCAATTCCGCGAAATCACTTACCTTCTTACTTGGTCATTGCCAGAACCA,6.99312,107,87,52
RV-UML-m033,AGGAGTCATTTCGTTCGACACCTTTTACGCCTCCACACCAGTAGTGGATC,50,7.971066,1.12,C2C12,Luciferase,AGGAGTCATTTCGTTCGACACCTTTTACGCCTCCACACCAGTAGTGGATC,<pad><pad><pad><pad><pad><pad><pad><pad><pad><pad><pad><pad><pad><pad><pad><pad><pad><pad><pad><pad><pad><pad><pad><pad><pad><pad><pad><pad><pad><pad><pad><pad><pad><pad><pad><pad><pad><pad><pad><pad><pad><pad><pad><pad><pad><pad><pad><pad><pad><pad>AGGAGTCATTTCGTTCGACACCTTTTACGCCTCCACACCAGTAGTGGATC,6.851066,71,129,53
RV-UML-m373,AGTTAGAACGTTATCTGGTTCGAAGAGTTGATAGACGCAGAATCAGGGCC,50,8.402516,1.11,C2C12,Luciferase,AGTTAGAACGTTATCTGGTTCGAAGAGTTGATAGACGCAGAATCAGGGCC,<pad><pad><pad><pad><pad><pad><pad><pad><pad><pad><pad><pad><pad><pad><pad><pad><pad><pad><pad><pad><pad><pad><pad><pad><pad><pad><pad><pad><pad><pad><pad><pad><pad><pad><pad><pad><pad><pad><pad><pad><pad><pad><pad><pad><pad><pad><pad><pad><pad><pad>AGTTAGAACGTTATCTGGTTCGAAGAGTTGATAGACGCAGAATCAGGGCC,7.292516,175,20,54
RV-UML-m285,AGGGATTCAAACTACGCCTTCAATCTCTCGATTTACGTGTGAGGGGATCG,50,7.9203606,1.11,C2C12,Luciferase,AGGGATTCAAACTACGCCTTCAATCTCTCGATTTACGTGTGAGGGGATCG,<pad><pad><pad><pad><pad><pad><pad><pad><pad><pad><pad><pad><pad><pad><pad><pad><pad><pad><pad><pad><pad><pad><pad><pad><pad><pad><pad><pad><pad><pad><pad><pad><pad><pad><pad><pad><pad><pad><pad><pad><pad><pad><pad><pad><pad><pad><pad><pad><pad><pad>AGGGATTCAAACTACGCCTTCAATCTCTCGATTTACGTGTGAGGGGATCG,6.8103606,64,140,55
RV-UML-m008,AGGGAATACAACCTTATTCTCCGATTGCAAAGCGTAGTGTAATTAGCGTA,50,8.39494,1.11,C2C12,Luciferase,AGGGAATACAACCTTATTCTCCGATTGCAAAGCGTAGTGTAATTAGCGTA,<pad><pad><pad><pad><pad><pad><pad><pad><pad><pad><pad><pad><pad><pad><pad><pad><pad><pad><pad><pad><pad><pad><pad><pad><pad><pad><pad><pad><pad><pad><pad><pad><pad><pad><pad><pad><pad><pad><pad><pad><pad><pad><pad><pad><pad><pad><pad><pad><pad><pad>AGGGAATACAACCTTATTCTCCGATTGCAAAGCGTAGTGTAATTAGCGTA,7.28494,172,24,56
RV-UML-m311,AGAGAGCCTACAAGTCTTTACTATCAGCTGATTCGATCACTCGTCCCGCC,50,8.190188,1.11,C2C12,Luciferase,AGAGAGCCTACAAGTCTTTACTATCAGCTGATTCGATCACTCGTCCCGCC,<pad><pad><pad><pad><pad><pad><pad><pad><pad><pad><pad><pad><pad><pad><pad><pad><pad><pad><pad><pad><pad><pad><pad><pad><pad><pad><pad><pad><pad><pad><pad><pad><pad><pad><pad><pad><pad><pad><pad><pad><pad><pad><pad><pad><pad><pad><pad><pad><pad><pad>AGAGAGCCTACAAGTCTTTACTATCAGCTGATTCGATCACTCGTCCCGCC,7.080187999999999,132,64,57
RV-UML-m037,AGGAGGTTCGCCTTGCGCGCATCGCGCCTCAGTCGCACGTGGCGAGACTC,50,7.162429,1.11,C2C12,Luciferase,AGGAGGTTCGCCTTGCGCGCATCGCGCCTCAGTCGCACGTGGCGAGACTC,<pad><pad><pad><pad><pad><pad><pad><pad><pad><pad><pad><pad><pad><pad><pad><pad><pad><pad><pad><pad><pad><pad><pad><pad><pad><pad><pad><pad><pad><pad><pad><pad><pad><pad><pad><pad><pad><pad><pad><pad><pad><pad><pad><pad><pad><pad><pad><pad><pad><pad>AGGAGGTTCGCCTTGCGCGCATCGCGCCTCAGTCGCACGTGGCGAGACTC,6.052429,12,197,58
RV-UML-m334,AGTGGAGTACCTATTTAAGGGAGAGTGTTAGATCCCGACTAACGTTCGCT,50,8.446008,1.11,C2C12,Luciferase,AGTGGAGTACCTATTTAAGGGAGAGTGTTAGATCCCGACTAACGTTCGCT,<pad><pad><pad><pad><pad><pad><pad><pad><pad><pad><pad><pad><pad><pad><pad><pad><pad><pad><pad><pad><pad><pad><pad><pad><pad><pad><pad><pad><pad><pad><pad><pad><pad><pad><pad><pad><pad><pad><pad><pad><pad><pad><pad><pad><pad><pad><pad><pad><pad><pad>AGTGGAGTACCTATTTAAGGGAGAGTGTTAGATCCCGACTAACGTTCGCT,7.3360080000000005,183,10,59
RV-UML-m013,AGGAGAGGATCCATATCAATCGAGTTCGTAGAATTCCCGTGAAAGATAAC,50,8.568978,1.11,C2C12,Luciferase,AGGAGAGGATCCATATCAATCGAGTTCGTAGAATTCCCGTGAAAGATAAC,<pad><pad><pad><pad><pad><pad><pad><pad><pad><pad><pad><pad><pad><pad><pad><pad><pad><pad><pad><pad><pad><pad><pad><pad><pad><pad><pad><pad><pad><pad><pad><pad><pad><pad><pad><pad><pad><pad><pad><pad><pad><pad><pad><pad><pad><pad><pad><pad><pad><pad>AGGAGAGGATCCATATCAATCGAGTTCGTAGAATTCCCGTGAAAGATAAC,7.458977999999999,198,3,60
RV-UML-m095,AGAAGATCCCGTTGTTCATTTCTAGTGACGTGTTTGGCTTCTGCGGGGTA,50,8.25801,1.11,C2C12,Luciferase,AGAAGATCCCGTTGTTCATTTCTAGTGACGTGTTTGGCTTCTGCGGGGTA,<pad><pad><pad><pad><pad><pad><pad><pad><pad><pad><pad><pad><pad><pad><pad><pad><pad><pad><pad><pad><pad><pad><pad><pad><pad><pad><pad><pad><pad><pad><pad><pad><pad><pad><pad><pad><pad><pad><pad><pad><pad><pad><pad><pad><pad><pad><pad><pad><pad><pad>AGAAGATCCCGTTGTTCATTTCTAGTGACGTGTTTGGCTTCTGCGGGGTA,7.14801,149,46,61
RV-UML-m071,AGGAAACCTTCCTCCACAAATCGACACACCGAAACAAAATCGCGGACACG,50,8.06482,1.11,C2C12,Luciferase,AGGAAACCTTCCTCCACAAATCGACACACCGAAACAAAATCGCGGACACG,<pad><pad><pad><pad><pad><pad><pad><pad><pad><pad><pad><pad><pad><pad><pad><pad><pad><pad><pad><pad><pad><pad><pad><pad><pad><pad><pad><pad><pad><pad><pad><pad><pad><pad><pad><pad><pad><pad><pad><pad><pad><pad><pad><pad><pad><pad><pad><pad><pad><pad>AGGAAACCTTCCTCCACAAATCGACACACCGAAACAAAATCGCGGACACG,6.954819999999999,97,104,62
RV-UML-m032,AGGGAGGTTTCAGTTCAGTATCTCCTATAACGAACTTCGAGAGGGGCTTC,50,8.131628,1.1,C2C12,Luciferase,AGGGAGGTTTCAGTTCAGTATCTCCTATAACGAACTTCGAGAGGGGCTTC,<pad><pad><pad><pad><pad><pad><pad><pad><pad><pad><pad><pad><pad><pad><pad><pad><pad><pad><pad><pad><pad><pad><pad><pad><pad><pad><pad><pad><pad><pad><pad><pad><pad><pad><pad><pad><pad><pad><pad><pad><pad><pad><pad><pad><pad><pad><pad><pad><pad><pad>AGGGAGGTTTCAGTTCAGTATCTCCTATAACGAACTTCGAGAGGGGCTTC,7.0316279999999995,113,81,63
RV-UML-m090,AGCGAGACCTATCGAAGGGTTTATCCAGTTTCCTAGTGGTCAAGTCGCAA,50,8.106037,1.1,C2C12,Luciferase,AGCGAGACCTATCGAAGGGTTTATCCAGTTTCCTAGTGGTCAAGTCGCAA,<pad><pad><pad><pad><pad><pad><pad><pad><pad><pad><pad><pad><pad><pad><pad><pad><pad><pad><pad><pad><pad><pad><pad><pad><pad><pad><pad><pad><pad><pad><pad><pad><pad><pad><pad><pad><pad><pad><pad><pad><pad><pad><pad><pad><pad><pad><pad><pad><pad><pad>AGCGAGACCTATCGAAGGGTTTATCCAGTTTCCTAGTGGTCAAGTCGCAA,7.006037000000001,108,88,64
RV-UML-m289,AGCGATCCGTGATTTCTGCGTTCCAGTAGATTTCAGATAGGCCTTTCGAT,50,8.153191,1.1,C2C12,Luciferase,AGCGATCCGTGATTTCTGCGTTCCAGTAGATTTCAGATAGGCCTTTCGAT,<pad><pad><pad><pad><pad><pad><pad><pad><pad><pad><pad><pad><pad><pad><pad><pad><pad><pad><pad><pad><pad><pad><pad><pad><pad><pad><pad><pad><pad><pad><pad><pad><pad><pad><pad><pad><pad><pad><pad><pad><pad><pad><pad><pad><pad><pad><pad><pad><pad><pad>AGCGATCCGTGATTTCTGCGTTCCAGTAGATTTCAGATAGGCCTTTCGAT,7.053191,123,74,65
RV-UML-m011,AGCAGAGGATAAATTTGGAGAGATTCCGTATTCTGCATCACCAAATTGTA,50,8.441207,1.1,C2C12,Luciferase,AGCAGAGGATAAATTTGGAGAGATTCCGTATTCTGCATCACCAAATTGTA,<pad><pad><pad><pad><pad><pad><pad><pad><pad><pad><pad><pad><pad><pad><pad><pad><pad><pad><pad><pad><pad><pad><pad><pad><pad><pad><pad><pad><pad><pad><pad><pad><pad><pad><pad><pad><pad><pad><pad><pad><pad><pad><pad><pad><pad><pad><pad><pad><pad><pad>AGCAGAGGATAAATTTGGAGAGATTCCGTATTCTGCATCACCAAATTGTA,7.341207000000001,187,12,66
RV-UML-m018,AGTGATATAGAGTTATAGCGAAATTCCCATATCAATCAAGCATCAGGGGC,50,8.425625,1.1,C2C12,Luciferase,AGTGATATAGAGTTATAGCGAAATTCCCATATCAATCAAGCATCAGGGGC,<pad><pad><pad><pad><pad><pad><pad><pad><pad><pad><pad><pad><pad><pad><pad><pad><pad><pad><pad><pad><pad><pad><pad><pad><pad><pad><pad><pad><pad><pad><pad><pad><pad><pad><pad><pad><pad><pad><pad><pad><pad><pad><pad><pad><pad><pad><pad><pad><pad><pad>AGTGATATAGAGTTATAGCGAAATTCCCATATCAATCAAGCATCAGGGGC,7.3256250000000005,182,15,67
RV-UML-m088,AGAAGAAATTCAAGCTCCTACGTGCTGATATAAGTTGGGAAGCGATCCCA,50,8.155128,1.1,C2C12,Luciferase,AGAAGAAATTCAAGCTCCTACGTGCTGATATAAGTTGGGAAGCGATCCCA,<pad><pad><pad><pad><pad><pad><pad><pad><pad><pad><pad><pad><pad><pad><pad><pad><pad><pad><pad><pad><pad><pad><pad><pad><pad><pad><pad><pad><pad><pad><pad><pad><pad><pad><pad><pad><pad><pad><pad><pad><pad><pad><pad><pad><pad><pad><pad><pad><pad><pad>AGAAGAAATTCAAGCTCCTACGTGCTGATATAAGTTGGGAAGCGATCCCA,7.055128,125,73,68
RV-UML-m336,AGTCACTTGGCGGAATTCGTCGAAGGTGTATTGCGGTTCATCACAAAGCA,50,8.04334,1.1,C2C12,Luciferase,AGTCACTTGGCGGAATTCGTCGAAGGTGTATTGCGGTTCATCACAAAGCA,<pad><pad><pad><pad><pad><pad><pad><pad><pad><pad><pad><pad><pad><pad><pad><pad><pad><pad><pad><pad><pad><pad><pad><pad><pad><pad><pad><pad><pad><pad><pad><pad><pad><pad><pad><pad><pad><pad><pad><pad><pad><pad><pad><pad><pad><pad><pad><pad><pad><pad>AGTCACTTGGCGGAATTCGTCGAAGGTGTATTGCGGTTCATCACAAAGCA,6.943340000000001,94,109,69
RV-UML-m030,AGAGGGTTTAAGCCGCAGCCCTGGAGATCACCCCACTTCCCCAGCGCATC,50,7.2014103,1.1,C2C12,Luciferase,AGAGGGTTTAAGCCGCAGCCCTGGAGATCACCCCACTTCCCCAGCGCATC,<pad><pad><pad><pad><pad><pad><pad><pad><pad><pad><pad><pad><pad><pad><pad><pad><pad><pad><pad><pad><pad><pad><pad><pad><pad><pad><pad><pad><pad><pad><pad><pad><pad><pad><pad><pad><pad><pad><pad><pad><pad><pad><pad><pad><pad><pad><pad><pad><pad><pad>AGAGGGTTTAAGCCGCAGCCCTGGAGATCACCCCACTTCCCCAGCGCATC,6.1014102999999995,13,195,70
RV-UML-m087,AGCACATATCGGACTGATCTGCATCTTCACACATCTGCCGAGGCGAGGTG,50,7.884714,1.1,C2C12,Luciferase,AGCACATATCGGACTGATCTGCATCTTCACACATCTGCCGAGGCGAGGTG,<pad><pad><pad><pad><pad><pad><pad><pad><pad><pad><pad><pad><pad><pad><pad><pad><pad><pad><pad><pad><pad><pad><pad><pad><pad><pad><pad><pad><pad><pad><pad><pad><pad><pad><pad><pad><pad><pad><pad><pad><pad><pad><pad><pad><pad><pad><pad><pad><pad><pad>AGCACATATCGGACTGATCTGCATCTTCACACATCTGCCGAGGCGAGGTG,6.784713999999999,59,146,71
RV-UML-m293,AGCTTGAATTCCGTTTTACCGAAAATCTTGGTCAAACGACGGCCGGCTTA,50,7.9069867,1.1,C2C12,Luciferase,AGCTTGAATTCCGTTTTACCGAAAATCTTGGTCAAACGACGGCCGGCTTA,<pad><pad><pad><pad><pad><pad><pad><pad><pad><pad><pad><pad><pad><pad><pad><pad><pad><pad><pad><pad><pad><pad><pad><pad><pad><pad><pad><pad><pad><pad><pad><pad><pad><pad><pad><pad><pad><pad><pad><pad><pad><pad><pad><pad><pad><pad><pad><pad><pad><pad>AGCTTGAATTCCGTTTTACCGAAAATCTTGGTCAAACGACGGCCGGCTTA,6.8069866999999995,63,145,72
RV-UML-m101,AGACTCTTCTGGTCCCCACAGACTCAGAGAGAACCCACC,39,7.322713,1.1,C2C12,Luciferase,<pad><pad><pad><pad><pad><pad><pad><pad><pad><pad><pad>AGACTCTTCTGGTCCCCACAGACTCAGAGAGAACCCACC,<pad><pad><pad><pad><pad><pad><pad><pad><pad><pad><pad><pad><pad><pad><pad><pad><pad><pad><pad><pad><pad><pad><pad><pad><pad><pad><pad><pad><pad><pad><pad><pad><pad><pad><pad><pad><pad><pad><pad><pad><pad><pad><pad><pad><pad><pad><pad><pad><pad><pad><pad><pad><pad><pad><pad><pad><pad><pad><pad><pad><pad>AGACTCTTCTGGTCCCCACAGACTCAGAGAGAACCCACC,6.222713000000001,15,193,73
RV-UML-m059,AGAAGCGTGATCTGATTGTGGGGATTTCAGTCGAGACATTCCTTTCCGCT,50,8.419099,1.1,C2C12,Luciferase,AGAAGCGTGATCTGATTGTGGGGATTTCAGTCGAGACATTCCTTTCCGCT,<pad><pad><pad><pad><pad><pad><pad><pad><pad><pad><pad><pad><pad><pad><pad><pad><pad><pad><pad><pad><pad><pad><pad><pad><pad><pad><pad><pad><pad><pad><pad><pad><pad><pad><pad><pad><pad><pad><pad><pad><pad><pad><pad><pad><pad><pad><pad><pad><pad><pad>AGAAGCGTGATCTGATTGTGGGGATTTCAGTCGAGACATTCCTTTCCGCT,7.319099,180,18,74
RV-UML-m317,AGCATAGTTAGAGCTTCTTCTCATCTGTTATCGCGATCGTACCTCCCGCT,50,8.228415,1.1,C2C12,Luciferase,AGCATAGTTAGAGCTTCTTCTCATCTGTTATCGCGATCGTACCTCCCGCT,<pad><pad><pad><pad><pad><pad><pad><pad><pad><pad><pad><pad><pad><pad><pad><pad><pad><pad><pad><pad><pad><pad><pad><pad><pad><pad><pad><pad><pad><pad><pad><pad><pad><pad><pad><pad><pad><pad><pad><pad><pad><pad><pad><pad><pad><pad><pad><pad><pad><pad>AGCATAGTTAGAGCTTCTTCTCATCTGTTATCGCGATCGTACCTCCCGCT,7.128415,142,51,75
RV-UML-m079,AGGTCCAGAAATCAACGAGATATCACTAGGAACTACTACCATCCGCGAGG,50,7.942359,1.09,C2C12,Luciferase,AGGTCCAGAAATCAACGAGATATCACTAGGAACTACTACCATCCGCGAGG,<pad><pad><pad><pad><pad><pad><pad><pad><pad><pad><pad><pad><pad><pad><pad><pad><pad><pad><pad><pad><pad><pad><pad><pad><pad><pad><pad><pad><pad><pad><pad><pad><pad><pad><pad><pad><pad><pad><pad><pad><pad><pad><pad><pad><pad><pad><pad><pad><pad><pad>AGGTCCAGAAATCAACGAGATATCACTAGGAACTACTACCATCCGCGAGG,6.852359,72,133,76
RV-UML-m060,AGTGCCCTATACAGCTTTTGCATAGAATACGAGTGACGAACGCGCAACGG,50,7.695951,1.09,C2C12,Luciferase,AGTGCCCTATACAGCTTTTGCATAGAATACGAGTGACGAACGCGCAACGG,<pad><pad><pad><pad><pad><pad><pad><pad><pad><pad><pad><pad><pad><pad><pad><pad><pad><pad><pad><pad><pad><pad><pad><pad><pad><pad><pad><pad><pad><pad><pad><pad><pad><pad><pad><pad><pad><pad><pad><pad><pad><pad><pad><pad><pad><pad><pad><pad><pad><pad>AGTGCCCTATACAGCTTTTGCATAGAATACGAGTGACGAACGCGCAACGG,6.605951,38,172,77
RV-UML-m330,AGGACGAGTATACGACCTCAGTCTAGTCCAAGGGTACTTCGATAATTGCC,50,7.9849963,1.09,C2C12,Luciferase,AGGACGAGTATACGACCTCAGTCTAGTCCAAGGGTACTTCGATAATTGCC,<pad><pad><pad><pad><pad><pad><pad><pad><pad><pad><pad><pad><pad><pad><pad><pad><pad><pad><pad><pad><pad><pad><pad><pad><pad><pad><pad><pad><pad><pad><pad><pad><pad><pad><pad><pad><pad><pad><pad><pad><pad><pad><pad><pad><pad><pad><pad><pad><pad><pad>AGGACGAGTATACGACCTCAGTCTAGTCCAAGGGTACTTCGATAATTGCC,6.8949963,77,124,78
RV-UML-m370,AGACGATTTGGTCTGTACAAACGCGTACCGATATACACGAGGTAGGGGCC,50,8.261156,1.09,C2C12,Luciferase,AGACGATTTGGTCTGTACAAACGCGTACCGATATACACGAGGTAGGGGCC,<pad><pad><pad><pad><pad><pad><pad><pad><pad><pad><pad><pad><pad><pad><pad><pad><pad><pad><pad><pad><pad><pad><pad><pad><pad><pad><pad><pad><pad><pad><pad><pad><pad><pad><pad><pad><pad><pad><pad><pad><pad><pad><pad><pad><pad><pad><pad><pad><pad><pad>AGACGATTTGGTCTGTACAAACGCGTACCGATATACACGAGGTAGGGGCC,7.171156,151,45,79
RV-UML-m327,AGCTTGGAAAACAGCGCTCACAGAATTCTTAGACACTGCACGTCCCGCCC,50,7.5897665,1.09,C2C12,Luciferase,AGCTTGGAAAACAGCGCTCACAGAATTCTTAGACACTGCACGTCCCGCCC,<pad><pad><pad><pad><pad><pad><pad><pad><pad><pad><pad><pad><pad><pad><pad><pad><pad><pad><pad><pad><pad><pad><pad><pad><pad><pad><pad><pad><pad><pad><pad><pad><pad><pad><pad><pad><pad><pad><pad><pad><pad><pad><pad><pad><pad><pad><pad><pad><pad><pad>AGCTTGGAAAACAGCGCTCACAGAATTCTTAGACACTGCACGTCCCGCCC,6.4997665,28,180,80
RV-UML-m109,AGAAGATGAAGCCTGAACTGATTATAAAACCTTCCTTGGCTCAGTGCCCTTCACCACTGCTGGCTTTTTGCTGTAGCTCCACATTCCTGTGCATTGAGGGGTTAACATTAGGCTGGGAAG,120,7.8425536,1.09,C2C12,Luciferase,CTGTAGCTCCACATTCCTGTGCATTGAGGGGTTAACATTAGGCTGGGAAG,ATTATAAAACCTTCCTTGGCTCAGTGCCCTTCACCACTGCTGGCTTTTTGCTGTAGCTCCACATTCCTGTGCATTGAGGGGTTAACATTAGGCTGGGAAG,6.7525536,53,154,81
RV-UML-m058,AGTATAAAGGTATATCAGGGAAACGTCTGTCGTGCTCACACGGAGAGCCC,50,7.7921705,1.09,C2C12,Luciferase,AGTATAAAGGTATATCAGGGAAACGTCTGTCGTGCTCACACGGAGAGCCC,<pad><pad><pad><pad><pad><pad><pad><pad><pad><pad><pad><pad><pad><pad><pad><pad><pad><pad><pad><pad><pad><pad><pad><pad><pad><pad><pad><pad><pad><pad><pad><pad><pad><pad><pad><pad><pad><pad><pad><pad><pad><pad><pad><pad><pad><pad><pad><pad><pad><pad>AGTATAAAGGTATATCAGGGAAACGTCTGTCGTGCTCACACGGAGAGCCC,6.7021705,45,160,82
RV-UML-m372,AGATAATCCACACCTCGAGAGACGTTTGCGAGATTACTAACCAAGGGGCC,50,8.227862,1.09,C2C12,Luciferase,AGATAATCCACACCTCGAGAGACGTTTGCGAGATTACTAACCAAGGGGCC,<pad><pad><pad><pad><pad><pad><pad><pad><pad><pad><pad><pad><pad><pad><pad><pad><pad><pad><pad><pad><pad><pad><pad><pad><pad><pad><pad><pad><pad><pad><pad><pad><pad><pad><pad><pad><pad><pad><pad><pad><pad><pad><pad><pad><pad><pad><pad><pad><pad><pad>AGATAATCCACACCTCGAGAGACGTTTGCGAGATTACTAACCAAGGGGCC,7.137862,146,53,83
RV-UML-m362,AGAATACCGCAGGTTAAAGCTGTGGTGGAGCCGACAGTCATCACCGCCGG,50,6.9174438,1.09,C2C12,Luciferase,AGAATACCGCAGGTTAAAGCTGTGGTGGAGCCGACAGTCATCACCGCCGG,<pad><pad><pad><pad><pad><pad><pad><pad><pad><pad><pad><pad><pad><pad><pad><pad><pad><pad><pad><pad><pad><pad><pad><pad><pad><pad><pad><pad><pad><pad><pad><pad><pad><pad><pad><pad><pad><pad><pad><pad><pad><pad><pad><pad><pad><pad><pad><pad><pad><pad>AGAATACCGCAGGTTAAAGCTGTGGTGGAGCCGACAGTCATCACCGCCGG,5.8274438,7,205,84
RV-UML-m084,AGGAGAGTGACCACACCTTAAAAGTTTGCGGTAATTCGACAACCGATCCC,50,8.34103,1.09,C2C12,Luciferase,AGGAGAGTGACCACACCTTAAAAGTTTGCGGTAATTCGACAACCGATCCC,<pad><pad><pad><pad><pad><pad><pad><pad><pad><pad><pad><pad><pad><pad><pad><pad><pad><pad><pad><pad><pad><pad><pad><pad><pad><pad><pad><pad><pad><pad><pad><pad><pad><pad><pad><pad><pad><pad><pad><pad><pad><pad><pad><pad><pad><pad><pad><pad><pad><pad>AGGAGAGTGACCACACCTTAAAAGTTTGCGGTAATTCGACAACCGATCCC,7.25103,166,35,85
RV-UML-m012,AGAGGTATACTGCACCTCAGAGTACAATCCACCTCTCGAGTATCGGGGCC,50,8.127904,1.08,C2C12,Luciferase,AGAGGTATACTGCACCTCAGAGTACAATCCACCTCTCGAGTATCGGGGCC,<pad><pad><pad><pad><pad><pad><pad><pad><pad><pad><pad><pad><pad><pad><pad><pad><pad><pad><pad><pad><pad><pad><pad><pad><pad><pad><pad><pad><pad><pad><pad><pad><pad><pad><pad><pad><pad><pad><pad><pad><pad><pad><pad><pad><pad><pad><pad><pad><pad><pad>AGAGGTATACTGCACCTCAGAGTACAATCCACCTCTCGAGTATCGGGGCC,7.047903999999999,118,82,86
RV-UML-m315,AGGATCACAGAAAAGGATTCCCAAGCGAATAGCCTTCCCGCGAAGACACA,50,8.021848,1.08,C2C12,Luciferase,AGGATCACAGAAAAGGATTCCCAAGCGAATAGCCTTCCCGCGAAGACACA,<pad><pad><pad><pad><pad><pad><pad><pad><pad><pad><pad><pad><pad><pad><pad><pad><pad><pad><pad><pad><pad><pad><pad><pad><pad><pad><pad><pad><pad><pad><pad><pad><pad><pad><pad><pad><pad><pad><pad><pad><pad><pad><pad><pad><pad><pad><pad><pad><pad><pad>AGGATCACAGAAAAGGATTCCCAAGCGAATAGCCTTCCCGCGAAGACACA,6.941848,93,113,87
RV-UML-m093,AGGATTGATCAAAGATCGTTTGCACTCGCATACACTCTTTGTGCGCCTTA,50,8.0908165,1.07,C2C12,Luciferase,AGGATTGATCAAAGATCGTTTGCACTCGCATACACTCTTTGTGCGCCTTA,<pad><pad><pad><pad><pad><pad><pad><pad><pad><pad><pad><pad><pad><pad><pad><pad><pad><pad><pad><pad><pad><pad><pad><pad><pad><pad><pad><pad><pad><pad><pad><pad><pad><pad><pad><pad><pad><pad><pad><pad><pad><pad><pad><pad><pad><pad><pad><pad><pad><pad>AGGATTGATCAAAGATCGTTTGCACTCGCATACACTCTTTGTGCGCCTTA,7.0208165000000005,110,94,88
RV-UML-m326,AGTGCCAAGGTATACGGGAAGAAAGTGTGTTCAACATACGCGTGGCGAGG,50,7.934016,1.07,C2C12,Luciferase,AGTGCCAAGGTATACGGGAAGAAAGTGTGTTCAACATACGCGTGGCGAGG,<pad><pad><pad><pad><pad><pad><pad><pad><pad><pad><pad><pad><pad><pad><pad><pad><pad><pad><pad><pad><pad><pad><pad><pad><pad><pad><pad><pad><pad><pad><pad><pad><pad><pad><pad><pad><pad><pad><pad><pad><pad><pad><pad><pad><pad><pad><pad><pad><pad><pad>AGTGCCAAGGTATACGGGAAGAAAGTGTGTTCAACATACGCGTGGCGAGG,6.8640159999999995,74,138,89
RV-UML-m297,AGGGGCGGAATCATACTGTTCGTAGGGGAGTACACCAGTATTCGAAAATA,50,8.086807,1.07,C2C12,Luciferase,AGGGGCGGAATCATACTGTTCGTAGGGGAGTACACCAGTATTCGAAAATA,<pad><pad><pad><pad><pad><pad><pad><pad><pad><pad><pad><pad><pad><pad><pad><pad><pad><pad><pad><pad><pad><pad><pad><pad><pad><pad><pad><pad><pad><pad><pad><pad><pad><pad><pad><pad><pad><pad><pad><pad><pad><pad><pad><pad><pad><pad><pad><pad><pad><pad>AGGGGCGGAATCATACTGTTCGTAGGGGAGTACACCAGTATTCGAAAATA,7.016807,109,95,90
RV-UML-m066,AGCGTGCTACGCATAGCGAATAAACAGCCACCATCGAAAACCCGTACGCT,50,7.8539963,1.07,C2C12,Luciferase,AGCGTGCTACGCATAGCGAATAAACAGCCACCATCGAAAACCCGTACGCT,<pad><pad><pad><pad><pad><pad><pad><pad><pad><pad><pad><pad><pad><pad><pad><pad><pad><pad><pad><pad><pad><pad><pad><pad><pad><pad><pad><pad><pad><pad><pad><pad><pad><pad><pad><pad><pad><pad><pad><pad><pad><pad><pad><pad><pad><pad><pad><pad><pad><pad>AGCGTGCTACGCATAGCGAATAAACAGCCACCATCGAAAACCCGTACGCT,6.7839963,58,152,91
RV-UML-m353,AGGGTCACTGCCCTTCGGCAGATCTCTATATCGGGCGCGGCTACGATTTG,50,7.048093,1.07,C2C12,Luciferase,AGGGTCACTGCCCTTCGGCAGATCTCTATATCGGGCGCGGCTACGATTTG,<pad><pad><pad><pad><pad><pad><pad><pad><pad><pad><pad><pad><pad><pad><pad><pad><pad><pad><pad><pad><pad><pad><pad><pad><pad><pad><pad><pad><pad><pad><pad><pad><pad><pad><pad><pad><pad><pad><pad><pad><pad><pad><pad><pad><pad><pad><pad><pad><pad><pad>AGGGTCACTGCCCTTCGGCAGATCTCTATATCGGGCGCGGCTACGATTTG,5.978092999999999,11,201,92
RV-UML-m031,AGGAACGTACCCTAATCAGCGTTACCACCCTTCATACACCGACGTTATTC,50,7.9100494,1.07,C2C12,Luciferase,AGGAACGTACCCTAATCAGCGTTACCACCCTTCATACACCGACGTTATTC,<pad><pad><pad><pad><pad><pad><pad><pad><pad><pad><pad><pad><pad><pad><pad><pad><pad><pad><pad><pad><pad><pad><pad><pad><pad><pad><pad><pad><pad><pad><pad><pad><pad><pad><pad><pad><pad><pad><pad><pad><pad><pad><pad><pad><pad><pad><pad><pad><pad><pad>AGGAACGTACCCTAATCAGCGTTACCACCCTTCATACACCGACGTTATTC,6.8400494,69,143,93
RV-UML-m339,AGTTGCCCTTTATTTACGCACAAGAGATCGTACCTGCCCCGATCGCTACT,50,7.974251,1.07,C2C12,Luciferase,AGTTGCCCTTTATTTACGCACAAGAGATCGTACCTGCCCCGATCGCTACT,<pad><pad><pad><pad><pad><pad><pad><pad><pad><pad><pad><pad><pad><pad><pad><pad><pad><pad><pad><pad><pad><pad><pad><pad><pad><pad><pad><pad><pad><pad><pad><pad><pad><pad><pad><pad><pad><pad><pad><pad><pad><pad><pad><pad><pad><pad><pad><pad><pad><pad>AGTTGCCCTTTATTTACGCACAAGAGATCGTACCTGCCCCGATCGCTACT,6.9042509999999995,79,127,94
RV-UML-m023,AGGGAAACCTTTCCATAATCCGAATCCTGTTCCGCTTACTTTATTCTGCT,50,8.589139,1.07,C2C12,Luciferase,AGGGAAACCTTTCCATAATCCGAATCCTGTTCCGCTTACTTTATTCTGCT,<pad><pad><pad><pad><pad><pad><pad><pad><pad><pad><pad><pad><pad><pad><pad><pad><pad><pad><pad><pad><pad><pad><pad><pad><pad><pad><pad><pad><pad><pad><pad><pad><pad><pad><pad><pad><pad><pad><pad><pad><pad><pad><pad><pad><pad><pad><pad><pad><pad><pad>AGGGAAACCTTTCCATAATCCGAATCCTGTTCCGCTTACTTTATTCTGCT,7.519138999999999,204,2,95
RV-UML-m325,AGGATCTATCGGAACGTTGTACATTGTATTCGCAGCACCTAGAAACCGTC,50,8.36951,1.07,C2C12,Luciferase,AGGATCTATCGGAACGTTGTACATTGTATTCGCAGCACCTAGAAACCGTC,<pad><pad><pad><pad><pad><pad><pad><pad><pad><pad><pad><pad><pad><pad><pad><pad><pad><pad><pad><pad><pad><pad><pad><pad><pad><pad><pad><pad><pad><pad><pad><pad><pad><pad><pad><pad><pad><pad><pad><pad><pad><pad><pad><pad><pad><pad><pad><pad><pad><pad>AGGATCTATCGGAACGTTGTACATTGTATTCGCAGCACCTAGAAACCGTC,7.29951,177,27,96
RV-UML-m337,AGTTATACACAGATTGCCCGTCCTCTACACAGAGCTTTCTGTCATTCACG,50,7.9727526,1.06,C2C12,Luciferase,AGTTATACACAGATTGCCCGTCCTCTACACAGAGCTTTCTGTCATTCACG,<pad><pad><pad><pad><pad><pad><pad><pad><pad><pad><pad><pad><pad><pad><pad><pad><pad><pad><pad><pad><pad><pad><pad><pad><pad><pad><pad><pad><pad><pad><pad><pad><pad><pad><pad><pad><pad><pad><pad><pad><pad><pad><pad><pad><pad><pad><pad><pad><pad><pad>AGTTATACACAGATTGCCCGTCCTCTACACAGAGCTTTCTGTCATTCACG,6.912752599999999,83,128,97
RV-UML-m335,AGGGGATTGGATCAGAGTATTGAGTACGACGACCTCCGACCATTGATCTC,50,8.049733,1.06,C2C12,Luciferase,AGGGGATTGGATCAGAGTATTGAGTACGACGACCTCCGACCATTGATCTC,<pad><pad><pad><pad><pad><pad><pad><pad><pad><pad><pad><pad><pad><pad><pad><pad><pad><pad><pad><pad><pad><pad><pad><pad><pad><pad><pad><pad><pad><pad><pad><pad><pad><pad><pad><pad><pad><pad><pad><pad><pad><pad><pad><pad><pad><pad><pad><pad><pad><pad>AGGGGATTGGATCAGAGTATTGAGTACGACGACCTCCGACCATTGATCTC,6.989732999999999,104,106,98
RV-UML-m360,AGTGTATTTTGGTTAGCTCCAATCTGGATCTTGACACGCCATACCTTCGC,50,7.554072,1.06,C2C12,Luciferase,AGTGTATTTTGGTTAGCTCCAATCTGGATCTTGACACGCCATACCTTCGC,<pad><pad><pad><pad><pad><pad><pad><pad><pad><pad><pad><pad><pad><pad><pad><pad><pad><pad><pad><pad><pad><pad><pad><pad><pad><pad><pad><pad><pad><pad><pad><pad><pad><pad><pad><pad><pad><pad><pad><pad><pad><pad><pad><pad><pad><pad><pad><pad><pad><pad>AGTGTATTTTGGTTAGCTCCAATCTGGATCTTGACACGCCATACCTTCGC,6.494071999999999,25,183,99
RV-UML-m365,AGATATCCTGAAGAGTTCGTTACTTTGTGGTATACACTGCTGCGAGGGCC,50,8.34915,1.06,C2C12,Luciferase,AGATATCCTGAAGAGTTCGTTACTTTGTGGTATACACTGCTGCGAGGGCC,<pad><pad><pad><pad><pad><pad><pad><pad><pad><pad><pad><pad><pad><pad><pad><pad><pad><pad><pad><pad><pad><pad><pad><pad><pad><pad><pad><pad><pad><pad><pad><pad><pad><pad><pad><pad><pad><pad><pad><pad><pad><pad><pad><pad><pad><pad><pad><pad><pad><pad>AGATATCCTGAAGAGTTCGTTACTTTGTGGTATACACTGCTGCGAGGGCC,7.289149999999999,174,33,100
RV-UML-m356,AGGCCAGATTGGCGCCGAGTATCGACGCCTACACTCCTACCAAAGTCTCT,50,7.5984173,1.06,C2C12,Luciferase,AGGCCAGATTGGCGCCGAGTATCGACGCCTACACTCCTACCAAAGTCTCT,<pad><pad><pad><pad><pad><pad><pad><pad><pad><pad><pad><pad><pad><pad><pad><pad><pad><pad><pad><pad><pad><pad><pad><pad><pad><pad><pad><pad><pad><pad><pad><pad><pad><pad><pad><pad><pad><pad><pad><pad><pad><pad><pad><pad><pad><pad><pad><pad><pad><pad>AGGCCAGATTGGCGCCGAGTATCGACGCCTACACTCCTACCAAAGTCTCT,6.538417300000001,32,179,101
RV-UML-m355,AGACTGGCAGACCAGGTTCCCGACCGTGGTCCCGTTTGGTACTCTTCCGC,50,6.657538,1.06,C2C12,Luciferase,AGACTGGCAGACCAGGTTCCCGACCGTGGTCCCGTTTGGTACTCTTCCGC,<pad><pad><pad><pad><pad><pad><pad><pad><pad><pad><pad><pad><pad><pad><pad><pad><pad><pad><pad><pad><pad><pad><pad><pad><pad><pad><pad><pad><pad><pad><pad><pad><pad><pad><pad><pad><pad><pad><pad><pad><pad><pad><pad><pad><pad><pad><pad><pad><pad><pad>AGACTGGCAGACCAGGTTCCCGACCGTGGTCCCGTTTGGTACTCTTCCGC,5.597538,5,207,102
RV-UML-m300,AGGAGAGGAGAAATCCTACGTCAATTGGATACTCAGTTACCGATTCGGCT,50,8.399811,1.06,C2C12,Luciferase,AGGAGAGGAGAAATCCTACGTCAATTGGATACTCAGTTACCGATTCGGCT,<pad><pad><pad><pad><pad><pad><pad><pad><pad><pad><pad><pad><pad><pad><pad><pad><pad><pad><pad><pad><pad><pad><pad><pad><pad><pad><pad><pad><pad><pad><pad><pad><pad><pad><pad><pad><pad><pad><pad><pad><pad><pad><pad><pad><pad><pad><pad><pad><pad><pad>AGGAGAGGAGAAATCCTACGTCAATTGGATACTCAGTTACCGATTCGGCT,7.339810999999999,185,21,103
RV-UML-m342,AGGAAACATACAGATTCCGATTCAAGAGCTGCACGGACTACGTGTACGAT,50,8.22904,1.06,C2C12,Luciferase,AGGAAACATACAGATTCCGATTCAAGAGCTGCACGGACTACGTGTACGAT,<pad><pad><pad><pad><pad><pad><pad><pad><pad><pad><pad><pad><pad><pad><pad><pad><pad><pad><pad><pad><pad><pad><pad><pad><pad><pad><pad><pad><pad><pad><pad><pad><pad><pad><pad><pad><pad><pad><pad><pad><pad><pad><pad><pad><pad><pad><pad><pad><pad><pad>AGGAAACATACAGATTCCGATTCAAGAGCTGCACGGACTACGTGTACGAT,7.169039999999999,150,50,104
RV-UML-m049,AGTCCCACCTCGCGTGGACTCCGCGAATTCCGAAAGTCGACATTGTGGCC,50,7.7302337,1.06,C2C12,Luciferase,AGTCCCACCTCGCGTGGACTCCGCGAATTCCGAAAGTCGACATTGTGGCC,<pad><pad><pad><pad><pad><pad><pad><pad><pad><pad><pad><pad><pad><pad><pad><pad><pad><pad><pad><pad><pad><pad><pad><pad><pad><pad><pad><pad><pad><pad><pad><pad><pad><pad><pad><pad><pad><pad><pad><pad><pad><pad><pad><pad><pad><pad><pad><pad><pad><pad>AGTCCCACCTCGCGTGGACTCCGCGAATTCCGAAAGTCGACATTGTGGCC,6.670233700000001,42,167,105
RV-UML-m278,AGCGTTACTGCCTTCCTCTGGATATTATCCTTCTCTGCATCCGCTGTACA,50,8.196299,1.06,C2C12,Luciferase,AGCGTTACTGCCTTCCTCTGGATATTATCCTTCTCTGCATCCGCTGTACA,<pad><pad><pad><pad><pad><pad><pad><pad><pad><pad><pad><pad><pad><pad><pad><pad><pad><pad><pad><pad><pad><pad><pad><pad><pad><pad><pad><pad><pad><pad><pad><pad><pad><pad><pad><pad><pad><pad><pad><pad><pad><pad><pad><pad><pad><pad><pad><pad><pad><pad>AGCGTTACTGCCTTCCTCTGGATATTATCCTTCTCTGCATCCGCTGTACA,7.136298999999999,145,62,106
RV-UML-m098,AGCAGCGTTTTTATTCTCTCTATATTATATCACAGACGTTCAACGTAAAA,50,8.440452,1.06,C2C12,Luciferase,AGCAGCGTTTTTATTCTCTCTATATTATATCACAGACGTTCAACGTAAAA,<pad><pad><pad><pad><pad><pad><pad><pad><pad><pad><pad><pad><pad><pad><pad><pad><pad><pad><pad><pad><pad><pad><pad><pad><pad><pad><pad><pad><pad><pad><pad><pad><pad><pad><pad><pad><pad><pad><pad><pad><pad><pad><pad><pad><pad><pad><pad><pad><pad><pad>AGCAGCGTTTTTATTCTCTCTATATTATATCACAGACGTTCAACGTAAAA,7.380452,192,13,107
RV-UML-m061,AGACAGAAAATCCGGATTTGTTATTTTCCTCTGTGCTGCGTGTAGCAGCT,50,8.421802,1.05,C2C12,Luciferase,AGACAGAAAATCCGGATTTGTTATTTTCCTCTGTGCTGCGTGTAGCAGCT,<pad><pad><pad><pad><pad><pad><pad><pad><pad><pad><pad><pad><pad><pad><pad><pad><pad><pad><pad><pad><pad><pad><pad><pad><pad><pad><pad><pad><pad><pad><pad><pad><pad><pad><pad><pad><pad><pad><pad><pad><pad><pad><pad><pad><pad><pad><pad><pad><pad><pad>AGACAGAAAATCCGGATTTGTTATTTTCCTCTGTGCTGCGTGTAGCAGCT,7.371802,191,16,108
RV-UML-m284,AGGTCCTCTTTCAGGAAGAGGTCGCATACAGTACAGCAGATCTGACGAAG,50,7.9967527,1.05,C2C12,Luciferase,AGGTCCTCTTTCAGGAAGAGGTCGCATACAGTACAGCAGATCTGACGAAG,<pad><pad><pad><pad><pad><pad><pad><pad><pad><pad><pad><pad><pad><pad><pad><pad><pad><pad><pad><pad><pad><pad><pad><pad><pad><pad><pad><pad><pad><pad><pad><pad><pad><pad><pad><pad><pad><pad><pad><pad><pad><pad><pad><pad><pad><pad><pad><pad><pad><pad>AGGTCCTCTTTCAGGAAGAGGTCGCATACAGTACAGCAGATCTGACGAAG,6.9467527,96,118,109
RV-UML-m364,AGGTTGGCGGAAGTGCTCCCGCGTCTACACTCTCAAGTCGTCACCGTAAG,50,7.404442,1.05,C2C12,Luciferase,AGGTTGGCGGAAGTGCTCCCGCGTCTACACTCTCAAGTCGTCACCGTAAG,<pad><pad><pad><pad><pad><pad><pad><pad><pad><pad><pad><pad><pad><pad><pad><pad><pad><pad><pad><pad><pad><pad><pad><pad><pad><pad><pad><pad><pad><pad><pad><pad><pad><pad><pad><pad><pad><pad><pad><pad><pad><pad><pad><pad><pad><pad><pad><pad><pad><pad>AGGTTGGCGGAAGTGCTCCCGCGTCTACACTCTCAAGTCGTCACCGTAAG,6.354442000000001,21,190,110
RV-UML-m035,AGGCACGCTAAGGTTATCTGCGTCTGTTTACCCTCTACGAACTTTTCAGC,50,7.9774256,1.05,C2C12,Luciferase,AGGCACGCTAAGGTTATCTGCGTCTGTTTACCCTCTACGAACTTTTCAGC,<pad><pad><pad><pad><pad><pad><pad><pad><pad><pad><pad><pad><pad><pad><pad><pad><pad><pad><pad><pad><pad><pad><pad><pad><pad><pad><pad><pad><pad><pad><pad><pad><pad><pad><pad><pad><pad><pad><pad><pad><pad><pad><pad><pad><pad><pad><pad><pad><pad><pad>AGGCACGCTAAGGTTATCTGCGTCTGTTTACCCTCTACGAACTTTTCAGC,6.9274256,87,125,111
RV-UML-m292,AGATTGGTTTGGCTTTGTTTCCCACAGCGACTGCGGGATTCCGTTTCGCT,50,8.097927,1.05,C2C12,Luciferase,AGATTGGTTTGGCTTTGTTTCCCACAGCGACTGCGGGATTCCGTTTCGCT,<pad><pad><pad><pad><pad><pad><pad><pad><pad><pad><pad><pad><pad><pad><pad><pad><pad><pad><pad><pad><pad><pad><pad><pad><pad><pad><pad><pad><pad><pad><pad><pad><pad><pad><pad><pad><pad><pad><pad><pad><pad><pad><pad><pad><pad><pad><pad><pad><pad><pad>AGATTGGTTTGGCTTTGTTTCCCACAGCGACTGCGGGATTCCGTTTCGCT,7.0479270000000005,119,92,112
RV-UML-m089,AGAATTCTTCGCAAGAGCTGGCGTACAATCCCCAGCATCCAGCGCAAGAT,50,7.763036,1.05,C2C12,Luciferase,AGAATTCTTCGCAAGAGCTGGCGTACAATCCCCAGCATCCAGCGCAAGAT,<pad><pad><pad><pad><pad><pad><pad><pad><pad><pad><pad><pad><pad><pad><pad><pad><pad><pad><pad><pad><pad><pad><pad><pad><pad><pad><pad><pad><pad><pad><pad><pad><pad><pad><pad><pad><pad><pad><pad><pad><pad><pad><pad><pad><pad><pad><pad><pad><pad><pad>AGAATTCTTCGCAAGAGCTGGCGTACAATCCCCAGCATCCAGCGCAAGAT,6.713036,46,164,113
RV-UML-m301,AGTCCGAGAAGAGAAAACAGATTTTCAGCCCACATTGGACAGGGTGGGCA,50,7.799453,1.05,C2C12,Luciferase,AGTCCGAGAAGAGAAAACAGATTTTCAGCCCACATTGGACAGGGTGGGCA,<pad><pad><pad><pad><pad><pad><pad><pad><pad><pad><pad><pad><pad><pad><pad><pad><pad><pad><pad><pad><pad><pad><pad><pad><pad><pad><pad><pad><pad><pad><pad><pad><pad><pad><pad><pad><pad><pad><pad><pad><pad><pad><pad><pad><pad><pad><pad><pad><pad><pad>AGTCCGAGAAGAGAAAACAGATTTTCAGCCCACATTGGACAGGGTGGGCA,6.749453,50,158,114
RV-UML-m111,AGGCCGCGGCGGGCGGCGGGCGCGGCGCGGCGCGGCGCCATCTTGCAGCCGGCGGCGCGGATTGA,65,5.5656857,1.05,C2C12,Luciferase,GCGGGCGCGGCGCGGCGCGGCGCCATCTTGCAGCCGGCGGCGCGGATTGA,<pad><pad><pad><pad><pad><pad><pad><pad><pad><pad><pad><pad><pad><pad><pad><pad><pad><pad><pad><pad><pad><pad><pad><pad><pad><pad><pad><pad><pad><pad><pad><pad><pad><pad><pad>AGGCCGCGGCGGGCGGCGGGCGCGGCGCGGCGCGGCGCCATCTTGCAGCCGGCGGCGCGGATTGA,4.515685700000001,2,209,115
RV-UML-m338,AGTCCATACAAGAGGATCACCGATTCCCTAGGCAAGAGTACATTGTGGCC,50,8.1178255,1.05,C2C12,Luciferase,AGTCCATACAAGAGGATCACCGATTCCCTAGGCAAGAGTACATTGTGGCC,<pad><pad><pad><pad><pad><pad><pad><pad><pad><pad><pad><pad><pad><pad><pad><pad><pad><pad><pad><pad><pad><pad><pad><pad><pad><pad><pad><pad><pad><pad><pad><pad><pad><pad><pad><pad><pad><pad><pad><pad><pad><pad><pad><pad><pad><pad><pad><pad><pad><pad>AGTCCATACAAGAGGATCACCGATTCCCTAGGCAAGAGTACATTGTGGCC,7.0678255000000005,129,85,116
RV-UML-m363,AGTTGCAGTCGCTCATCAGGTCTGTCTCTGCTGGACACGATCATCCCGTC,50,7.7109227,1.05,C2C12,Luciferase,AGTTGCAGTCGCTCATCAGGTCTGTCTCTGCTGGACACGATCATCCCGTC,<pad><pad><pad><pad><pad><pad><pad><pad><pad><pad><pad><pad><pad><pad><pad><pad><pad><pad><pad><pad><pad><pad><pad><pad><pad><pad><pad><pad><pad><pad><pad><pad><pad><pad><pad><pad><pad><pad><pad><pad><pad><pad><pad><pad><pad><pad><pad><pad><pad><pad>AGTTGCAGTCGCTCATCAGGTCTGTCTCTGCTGGACACGATCATCCCGTC,6.6609227,41,171,117
RV-UML-m019,AGTGGATTTATATAGCGGAATTTCGAGACGTTTCGCAAACTACTGAGGCC,50,8.328889,1.04,C2C12,Luciferase,AGTGGATTTATATAGCGGAATTTCGAGACGTTTCGCAAACTACTGAGGCC,<pad><pad><pad><pad><pad><pad><pad><pad><pad><pad><pad><pad><pad><pad><pad><pad><pad><pad><pad><pad><pad><pad><pad><pad><pad><pad><pad><pad><pad><pad><pad><pad><pad><pad><pad><pad><pad><pad><pad><pad><pad><pad><pad><pad><pad><pad><pad><pad><pad><pad>AGTGGATTTATATAGCGGAATTTCGAGACGTTTCGCAAACTACTGAGGCC,7.288889,173,37,118
RV-UML-m375,AGAGAGACCTGAAATCTCTCGTTTTACTTGGCTGTGTAGGAATTGGGGCT,50,8.482921,1.04,C2C12,Luciferase,AGAGAGACCTGAAATCTCTCGTTTTACTTGGCTGTGTAGGAATTGGGGCT,<pad><pad><pad><pad><pad><pad><pad><pad><pad><pad><pad><pad><pad><pad><pad><pad><pad><pad><pad><pad><pad><pad><pad><pad><pad><pad><pad><pad><pad><pad><pad><pad><pad><pad><pad><pad><pad><pad><pad><pad><pad><pad><pad><pad><pad><pad><pad><pad><pad><pad>AGAGAGACCTGAAATCTCTCGTTTTACTTGGCTGTGTAGGAATTGGGGCT,7.442920999999999,197,8,119
RV-UML-m009,AGTTAGACGTTATTTGGAGAGAATTCATTAACAAATTCTCTTACGGGGCC,50,8.503826,1.04,C2C12,Luciferase,AGTTAGACGTTATTTGGAGAGAATTCATTAACAAATTCTCTTACGGGGCC,<pad><pad><pad><pad><pad><pad><pad><pad><pad><pad><pad><pad><pad><pad><pad><pad><pad><pad><pad><pad><pad><pad><pad><pad><pad><pad><pad><pad><pad><pad><pad><pad><pad><pad><pad><pad><pad><pad><pad><pad><pad><pad><pad><pad><pad><pad><pad><pad><pad><pad>AGTTAGACGTTATTTGGAGAGAATTCATTAACAAATTCTCTTACGGGGCC,7.463826,200,6,120
RV-UML-m062,AGCGTTATCCTTTCGTTTTTCGGGAGATCCGAGCAGACCACCATCCGGCC,50,7.951649,1.04,C2C12,Luciferase,AGCGTTATCCTTTCGTTTTTCGGGAGATCCGAGCAGACCACCATCCGGCC,<pad><pad><pad><pad><pad><pad><pad><pad><pad><pad><pad><pad><pad><pad><pad><pad><pad><pad><pad><pad><pad><pad><pad><pad><pad><pad><pad><pad><pad><pad><pad><pad><pad><pad><pad><pad><pad><pad><pad><pad><pad><pad><pad><pad><pad><pad><pad><pad><pad><pad>AGCGTTATCCTTTCGTTTTTCGGGAGATCCGAGCAGACCACCATCCGGCC,6.911649,82,132,121
RV-UML-m277,AGTTTAGCACGAAAATATACAAGGCTCTCGTGTCTCCCTTCAACGCTCGG,50,7.5705376,1.04,C2C12,Luciferase,AGTTTAGCACGAAAATATACAAGGCTCTCGTGTCTCCCTTCAACGCTCGG,<pad><pad><pad><pad><pad><pad><pad><pad><pad><pad><pad><pad><pad><pad><pad><pad><pad><pad><pad><pad><pad><pad><pad><pad><pad><pad><pad><pad><pad><pad><pad><pad><pad><pad><pad><pad><pad><pad><pad><pad><pad><pad><pad><pad><pad><pad><pad><pad><pad><pad>AGTTTAGCACGAAAATATACAAGGCTCTCGTGTCTCCCTTCAACGCTCGG,6.5305376,31,181,122
RV-UML-m054,AGGACCCCACCCTTCGATTTTGTGGGAAACCATATCAGATATTCACTGCC,50,8.007791,1.04,C2C12,Luciferase,AGGACCCCACCCTTCGATTTTGTGGGAAACCATATCAGATATTCACTGCC,<pad><pad><pad><pad><pad><pad><pad><pad><pad><pad><pad><pad><pad><pad><pad><pad><pad><pad><pad><pad><pad><pad><pad><pad><pad><pad><pad><pad><pad><pad><pad><pad><pad><pad><pad><pad><pad><pad><pad><pad><pad><pad><pad><pad><pad><pad><pad><pad><pad><pad>AGGACCCCACCCTTCGATTTTGTGGGAAACCATATCAGATATTCACTGCC,6.967790999999999,100,115,123
RV-UML-m287,AGAGAGAAGAATTCGTGTGGCAGCCTCTTGGAACGCACTTGAACCAGATC,50,8.22803,1.04,C2C12,Luciferase,AGAGAGAAGAATTCGTGTGGCAGCCTCTTGGAACGCACTTGAACCAGATC,<pad><pad><pad><pad><pad><pad><pad><pad><pad><pad><pad><pad><pad><pad><pad><pad><pad><pad><pad><pad><pad><pad><pad><pad><pad><pad><pad><pad><pad><pad><pad><pad><pad><pad><pad><pad><pad><pad><pad><pad><pad><pad><pad><pad><pad><pad><pad><pad><pad><pad>AGAGAGAAGAATTCGTGTGGCAGCCTCTTGGAACGCACTTGAACCAGATC,7.18803,154,52,124
RV-UML-m024,AGGGTGCTCTAACACATACCGCCAAGTCACCTTTCTACGGTACGCCAACC,50,7.622906,1.04,C2C12,Luciferase,AGGGTGCTCTAACACATACCGCCAAGTCACCTTTCTACGGTACGCCAACC,<pad><pad><pad><pad><pad><pad><pad><pad><pad><pad><pad><pad><pad><pad><pad><pad><pad><pad><pad><pad><pad><pad><pad><pad><pad><pad><pad><pad><pad><pad><pad><pad><pad><pad><pad><pad><pad><pad><pad><pad><pad><pad><pad><pad><pad><pad><pad><pad><pad><pad>AGGGTGCTCTAACACATACCGCCAAGTCACCTTTCTACGGTACGCCAACC,6.582906,35,177,125
RV-UML-m357,AGCTCTCGTTGGCAAACACCCTGTGAGAATCGACCCCGGTCTATCCGATC,50,7.6377873,1.04,C2C12,Luciferase,AGCTCTCGTTGGCAAACACCCTGTGAGAATCGACCCCGGTCTATCCGATC,<pad><pad><pad><pad><pad><pad><pad><pad><pad><pad><pad><pad><pad><pad><pad><pad><pad><pad><pad><pad><pad><pad><pad><pad><pad><pad><pad><pad><pad><pad><pad><pad><pad><pad><pad><pad><pad><pad><pad><pad><pad><pad><pad><pad><pad><pad><pad><pad><pad><pad>AGCTCTCGTTGGCAAACACCCTGTGAGAATCGACCCCGGTCTATCCGATC,6.5977873,37,175,126
RV-UML-m359,AGAATAGCAGCAAACTAGAGCTTTGAACAAGAACGGTGGACCCCGTCACC,50,7.760696,1.04,C2C12,Luciferase,AGAATAGCAGCAAACTAGAGCTTTGAACAAGAACGGTGGACCCCGTCACC,<pad><pad><pad><pad><pad><pad><pad><pad><pad><pad><pad><pad><pad><pad><pad><pad><pad><pad><pad><pad><pad><pad><pad><pad><pad><pad><pad><pad><pad><pad><pad><pad><pad><pad><pad><pad><pad><pad><pad><pad><pad><pad><pad><pad><pad><pad><pad><pad><pad><pad>AGAATAGCAGCAAACTAGAGCTTTGAACAAGAACGGTGGACCCCGTCACC,6.720696,47,166,127
RV-UML-m306,AGTTCCGACTGGATTTGCCGCATAAGAGGCTTAACTATACACCAGAGGTG,50,8.134335,1.04,C2C12,Luciferase,AGTTCCGACTGGATTTGCCGCATAAGAGGCTTAACTATACACCAGAGGTG,<pad><pad><pad><pad><pad><pad><pad><pad><pad><pad><pad><pad><pad><pad><pad><pad><pad><pad><pad><pad><pad><pad><pad><pad><pad><pad><pad><pad><pad><pad><pad><pad><pad><pad><pad><pad><pad><pad><pad><pad><pad><pad><pad><pad><pad><pad><pad><pad><pad><pad>AGTTCCGACTGGATTTGCCGCATAAGAGGCTTAACTATACACCAGAGGTG,7.094335,139,79,128
RV-UML-m086,AGGTTGTACAGAGACATACGGAGAGCGTGTCAACGTCATAGCCCGTAACC,50,7.8563647,1.04,C2C12,Luciferase,AGGTTGTACAGAGACATACGGAGAGCGTGTCAACGTCATAGCCCGTAACC,<pad><pad><pad><pad><pad><pad><pad><pad><pad><pad><pad><pad><pad><pad><pad><pad><pad><pad><pad><pad><pad><pad><pad><pad><pad><pad><pad><pad><pad><pad><pad><pad><pad><pad><pad><pad><pad><pad><pad><pad><pad><pad><pad><pad><pad><pad><pad><pad><pad><pad>AGGTTGTACAGAGACATACGGAGAGCGTGTCAACGTCATAGCCCGTAACC,6.8163647,65,150,129
RV-UML-m075,AGGATTGGGCCTCCTCAATCCATAACTTACTCGAACGTCTAGCAACGGAG,50,7.829456,1.03,C2C12,Luciferase,AGGATTGGGCCTCCTCAATCCATAACTTACTCGAACGTCTAGCAACGGAG,<pad><pad><pad><pad><pad><pad><pad><pad><pad><pad><pad><pad><pad><pad><pad><pad><pad><pad><pad><pad><pad><pad><pad><pad><pad><pad><pad><pad><pad><pad><pad><pad><pad><pad><pad><pad><pad><pad><pad><pad><pad><pad><pad><pad><pad><pad><pad><pad><pad><pad>AGGATTGGGCCTCCTCAATCCATAACTTACTCGAACGTCTAGCAACGGAG,6.799456,61,156,130
RV-UML-m064,AGTACAGGAAGACAGGAGTGTCTTGCGTTTGCAGTACCCACCACAACGAC,50,7.8567452,1.03,C2C12,Luciferase,AGTACAGGAAGACAGGAGTGTCTTGCGTTTGCAGTACCCACCACAACGAC,<pad><pad><pad><pad><pad><pad><pad><pad><pad><pad><pad><pad><pad><pad><pad><pad><pad><pad><pad><pad><pad><pad><pad><pad><pad><pad><pad><pad><pad><pad><pad><pad><pad><pad><pad><pad><pad><pad><pad><pad><pad><pad><pad><pad><pad><pad><pad><pad><pad><pad>AGTACAGGAAGACAGGAGTGTCTTGCGTTTGCAGTACCCACCACAACGAC,6.8267451999999995,67,149,131
RV-UML-m081,AGCAATCGTTAGTTCGCAAAAGCACCTAGCTCCGGACATTTCCTCCCACT,50,7.911276,1.03,C2C12,Luciferase,AGCAATCGTTAGTTCGCAAAAGCACCTAGCTCCGGACATTTCCTCCCACT,<pad><pad><pad><pad><pad><pad><pad><pad><pad><pad><pad><pad><pad><pad><pad><pad><pad><pad><pad><pad><pad><pad><pad><pad><pad><pad><pad><pad><pad><pad><pad><pad><pad><pad><pad><pad><pad><pad><pad><pad><pad><pad><pad><pad><pad><pad><pad><pad><pad><pad>AGCAATCGTTAGTTCGCAAAAGCACCTAGCTCCGGACATTTCCTCCCACT,6.881276,76,142,132
RV-UML-m105,AGCACAGACTCAGAGAGAACCCACCATGGTGCTGTCTCCTGCCGACAAGACCAACGTCAAGGCCGCCTGGGG,72,2.1830583,1.03,C2C12,Luciferase,ACCATGGTGCTGTCTCCTGCCGACAAGACCAACGTCAAGGCCGCCTGGGG,<pad><pad><pad><pad><pad><pad><pad><pad><pad><pad><pad><pad><pad><pad><pad><pad><pad><pad><pad><pad><pad><pad><pad><pad><pad><pad><pad><pad>AGCACAGACTCAGAGAGAACCCACCATGGTGCTGTCTCCTGCCGACAAGACCAACGTCAAGGCCGCCTGGGG,1.1530582999999999,1,211,133
RV-UML-m001,AGGGCGAAGAAACGTTAACGAGTATTTCAATTATTAGAGAGTTCATTGCT,50,8.492581,1.03,C2C12,Luciferase,AGGGCGAAGAAACGTTAACGAGTATTTCAATTATTAGAGAGTTCATTGCT,<pad><pad><pad><pad><pad><pad><pad><pad><pad><pad><pad><pad><pad><pad><pad><pad><pad><pad><pad><pad><pad><pad><pad><pad><pad><pad><pad><pad><pad><pad><pad><pad><pad><pad><pad><pad><pad><pad><pad><pad><pad><pad><pad><pad><pad><pad><pad><pad><pad><pad>AGGGCGAAGAAACGTTAACGAGTATTTCAATTATTAGAGAGTTCATTGCT,7.462580999999999,199,7,134
RV-UML-m080,AGAAGAAGTTTTCCCAGAGGATTACTTTCGTACATTACACGTCACGAGCT,50,8.352336,1.03,C2C12,Luciferase,AGAAGAAGTTTTCCCAGAGGATTACTTTCGTACATTACACGTCACGAGCT,<pad><pad><pad><pad><pad><pad><pad><pad><pad><pad><pad><pad><pad><pad><pad><pad><pad><pad><pad><pad><pad><pad><pad><pad><pad><pad><pad><pad><pad><pad><pad><pad><pad><pad><pad><pad><pad><pad><pad><pad><pad><pad><pad><pad><pad><pad><pad><pad><pad><pad>AGAAGAAGTTTTCCCAGAGGATTACTTTCGTACATTACACGTCACGAGCT,7.322335999999999,181,32,135
RV-UML-m369,AGAGCGAGAGGAATCGCACATATCTCACACCCATACATTTACCAGTGGTC,50,8.339672,1.03,C2C12,Luciferase,AGAGCGAGAGGAATCGCACATATCTCACACCCATACATTTACCAGTGGTC,<pad><pad><pad><pad><pad><pad><pad><pad><pad><pad><pad><pad><pad><pad><pad><pad><pad><pad><pad><pad><pad><pad><pad><pad><pad><pad><pad><pad><pad><pad><pad><pad><pad><pad><pad><pad><pad><pad><pad><pad><pad><pad><pad><pad><pad><pad><pad><pad><pad><pad>AGAGCGAGAGGAATCGCACATATCTCACACCCATACATTTACCAGTGGTC,7.309672,179,36,136
RV-UML-m366,AGGGAGAGAAGGAGTTTGGACGAGCTAATAAATCCCGTATCCTAGATACC,50,8.427084,1.03,C2C12,Luciferase,AGGGAGAGAAGGAGTTTGGACGAGCTAATAAATCCCGTATCCTAGATACC,<pad><pad><pad><pad><pad><pad><pad><pad><pad><pad><pad><pad><pad><pad><pad><pad><pad><pad><pad><pad><pad><pad><pad><pad><pad><pad><pad><pad><pad><pad><pad><pad><pad><pad><pad><pad><pad><pad><pad><pad><pad><pad><pad><pad><pad><pad><pad><pad><pad><pad>AGGGAGAGAAGGAGTTTGGACGAGCTAATAAATCCCGTATCCTAGATACC,7.397084,193,14,137
RV-UML-m323,AGGTTACTTCTCGTCCCAACAGAATTGAACCGAAGATCTATTCAGGGAGG,50,8.169346,1.03,C2C12,Luciferase,AGGTTACTTCTCGTCCCAACAGAATTGAACCGAAGATCTATTCAGGGAGG,<pad><pad><pad><pad><pad><pad><pad><pad><pad><pad><pad><pad><pad><pad><pad><pad><pad><pad><pad><pad><pad><pad><pad><pad><pad><pad><pad><pad><pad><pad><pad><pad><pad><pad><pad><pad><pad><pad><pad><pad><pad><pad><pad><pad><pad><pad><pad><pad><pad><pad>AGGTTACTTCTCGTCCCAACAGAATTGAACCGAAGATCTATTCAGGGAGG,7.139346000000001,147,69,138
RV-UML-m085,AGAGGAGTCGAGTTATACAGCCGCAACGCTATCCTCGACGAACACAGGAA,50,8.069254,1.02,C2C12,Luciferase,AGAGGAGTCGAGTTATACAGCCGCAACGCTATCCTCGACGAACACAGGAA,<pad><pad><pad><pad><pad><pad><pad><pad><pad><pad><pad><pad><pad><pad><pad><pad><pad><pad><pad><pad><pad><pad><pad><pad><pad><pad><pad><pad><pad><pad><pad><pad><pad><pad><pad><pad><pad><pad><pad><pad><pad><pad><pad><pad><pad><pad><pad><pad><pad><pad>AGAGGAGTCGAGTTATACAGCCGCAACGCTATCCTCGACGAACACAGGAA,7.049254000000001,120,102,139
RV-UML-m328,AGAGAGAAGCAACGAAGGATCTACAGAACGTTCCTCTCCACGTGATCACT,50,8.198043,1.02,C2C12,Luciferase,AGAGAGAAGCAACGAAGGATCTACAGAACGTTCCTCTCCACGTGATCACT,<pad><pad><pad><pad><pad><pad><pad><pad><pad><pad><pad><pad><pad><pad><pad><pad><pad><pad><pad><pad><pad><pad><pad><pad><pad><pad><pad><pad><pad><pad><pad><pad><pad><pad><pad><pad><pad><pad><pad><pad><pad><pad><pad><pad><pad><pad><pad><pad><pad><pad>AGAGAGAAGCAACGAAGGATCTACAGAACGTTCCTCTCCACGTGATCACT,7.178043000000001,152,60,140
RV-UML-m296,AGCAAACGGAGTTGTTTCGCATCAATCGCCTGTCAACGTCACTTGTCGGC,50,8.163615,1.02,C2C12,Luciferase,AGCAAACGGAGTTGTTTCGCATCAATCGCCTGTCAACGTCACTTGTCGGC,<pad><pad><pad><pad><pad><pad><pad><pad><pad><pad><pad><pad><pad><pad><pad><pad><pad><pad><pad><pad><pad><pad><pad><pad><pad><pad><pad><pad><pad><pad><pad><pad><pad><pad><pad><pad><pad><pad><pad><pad><pad><pad><pad><pad><pad><pad><pad><pad><pad><pad>AGCAAACGGAGTTGTTTCGCATCAATCGCCTGTCAACGTCACTTGTCGGC,7.1436150000000005,148,72,141
RV-UML-m010,AGCGGATCTATCTACTTGGACGGATCAATTCAAACGATTACCTGAGGGCC,50,8.362109,1.02,C2C12,Luciferase,AGCGGATCTATCTACTTGGACGGATCAATTCAAACGATTACCTGAGGGCC,<pad><pad><pad><pad><pad><pad><pad><pad><pad><pad><pad><pad><pad><pad><pad><pad><pad><pad><pad><pad><pad><pad><pad><pad><pad><pad><pad><pad><pad><pad><pad><pad><pad><pad><pad><pad><pad><pad><pad><pad><pad><pad><pad><pad><pad><pad><pad><pad><pad><pad>AGCGGATCTATCTACTTGGACGGATCAATTCAAACGATTACCTGAGGGCC,7.342109000000001,188,30,142
RV-UML-m322,AGCCGGTAGATTGGCTAATTCGGAGAAAGGACCATCTCGAGTACGCGAAA,50,7.940168,1.02,C2C12,Luciferase,AGCCGGTAGATTGGCTAATTCGGAGAAAGGACCATCTCGAGTACGCGAAA,<pad><pad><pad><pad><pad><pad><pad><pad><pad><pad><pad><pad><pad><pad><pad><pad><pad><pad><pad><pad><pad><pad><pad><pad><pad><pad><pad><pad><pad><pad><pad><pad><pad><pad><pad><pad><pad><pad><pad><pad><pad><pad><pad><pad><pad><pad><pad><pad><pad><pad>AGCCGGTAGATTGGCTAATTCGGAGAAAGGACCATCTCGAGTACGCGAAA,6.920168,86,135,143
RV-UML-m299,AGAGAGCCCAGAGAGGACGTTTTATACCCGATTGACAGATTCCTCCCACT,50,8.104913,1.02,C2C12,Luciferase,AGAGAGCCCAGAGAGGACGTTTTATACCCGATTGACAGATTCCTCCCACT,<pad><pad><pad><pad><pad><pad><pad><pad><pad><pad><pad><pad><pad><pad><pad><pad><pad><pad><pad><pad><pad><pad><pad><pad><pad><pad><pad><pad><pad><pad><pad><pad><pad><pad><pad><pad><pad><pad><pad><pad><pad><pad><pad><pad><pad><pad><pad><pad><pad><pad>AGAGAGCCCAGAGAGGACGTTTTATACCCGATTGACAGATTCCTCCCACT,7.084913,135,89,144
RV-UML-m077,AGCGTACCGTAAAATACACTGTACATTACACACCAAAAAAGGGGCGCAAC,50,8.102658,1.02,C2C12,Luciferase,AGCGTACCGTAAAATACACTGTACATTACACACCAAAAAAGGGGCGCAAC,<pad><pad><pad><pad><pad><pad><pad><pad><pad><pad><pad><pad><pad><pad><pad><pad><pad><pad><pad><pad><pad><pad><pad><pad><pad><pad><pad><pad><pad><pad><pad><pad><pad><pad><pad><pad><pad><pad><pad><pad><pad><pad><pad><pad><pad><pad><pad><pad><pad><pad>AGCGTACCGTAAAATACACTGTACATTACACACCAAAAAAGGGGCGCAAC,7.082658,133,91,145
RV-UML-m321,AGCTGACTGGTCAAACAACGCAACCAGCGATTCACGGTTTTCCTGTCGCA,50,8.081879,1.02,C2C12,Luciferase,AGCTGACTGGTCAAACAACGCAACCAGCGATTCACGGTTTTCCTGTCGCA,<pad><pad><pad><pad><pad><pad><pad><pad><pad><pad><pad><pad><pad><pad><pad><pad><pad><pad><pad><pad><pad><pad><pad><pad><pad><pad><pad><pad><pad><pad><pad><pad><pad><pad><pad><pad><pad><pad><pad><pad><pad><pad><pad><pad><pad><pad><pad><pad><pad><pad>AGCTGACTGGTCAAACAACGCAACCAGCGATTCACGGTTTTCCTGTCGCA,7.061879000000001,127,97,146
RV-UML-m041,AGGTCCTTCTGGGGCTTCCGTCGTATCTCCGCCAGGACGGACGAAAAAAA,50,6.9551053,1.02,C2C12,Luciferase,AGGTCCTTCTGGGGCTTCCGTCGTATCTCCGCCAGGACGGACGAAAAAAA,<pad><pad><pad><pad><pad><pad><pad><pad><pad><pad><pad><pad><pad><pad><pad><pad><pad><pad><pad><pad><pad><pad><pad><pad><pad><pad><pad><pad><pad><pad><pad><pad><pad><pad><pad><pad><pad><pad><pad><pad><pad><pad><pad><pad><pad><pad><pad><pad><pad><pad>AGGTCCTTCTGGGGCTTCCGTCGTATCTCCGCCAGGACGGACGAAAAAAA,5.9351053,10,203,147
RV-UML-m040,AGTCAGACGCCCCATACGCATTAGGCTGGTCTATCATCTACTACCTTCGC,50,7.173796,1.02,C2C12,Luciferase,AGTCAGACGCCCCATACGCATTAGGCTGGTCTATCATCTACTACCTTCGC,<pad><pad><pad><pad><pad><pad><pad><pad><pad><pad><pad><pad><pad><pad><pad><pad><pad><pad><pad><pad><pad><pad><pad><pad><pad><pad><pad><pad><pad><pad><pad><pad><pad><pad><pad><pad><pad><pad><pad><pad><pad><pad><pad><pad><pad><pad><pad><pad><pad><pad>AGTCAGACGCCCCATACGCATTAGGCTGGTCTATCATCTACTACCTTCGC,6.153796,14,196,148
RV-UML-m104,AGCTCTCCGCCAGACCGCCGCCGCGCCGCCATC,33,6.775356,1.01,C2C12,Luciferase,<pad><pad><pad><pad><pad><pad><pad><pad><pad><pad><pad><pad><pad><pad><pad><pad><pad>AGCTCTCCGCCAGACCGCCGCCGCGCCGCCATC,<pad><pad><pad><pad><pad><pad><pad><pad><pad><pad><pad><pad><pad><pad><pad><pad><pad><pad><pad><pad><pad><pad><pad><pad><pad><pad><pad><pad><pad><pad><pad><pad><pad><pad><pad><pad><pad><pad><pad><pad><pad><pad><pad><pad><pad><pad><pad><pad><pad><pad><pad><pad><pad><pad><pad><pad><pad><pad><pad><pad><pad><pad><pad><pad><pad><pad><pad>AGCTCTCCGCCAGACCGCCGCCGCGCCGCCATC,5.765356000000001,6,206,149
RV-UML-m343,AGAGGATACTATATCGTTGCTGCCGATTGGAGTCGATTGCTCTTGCAGTT,50,8.266278,1.01,C2C12,Luciferase,AGAGGATACTATATCGTTGCTGCCGATTGGAGTCGATTGCTCTTGCAGTT,<pad><pad><pad><pad><pad><pad><pad><pad><pad><pad><pad><pad><pad><pad><pad><pad><pad><pad><pad><pad><pad><pad><pad><pad><pad><pad><pad><pad><pad><pad><pad><pad><pad><pad><pad><pad><pad><pad><pad><pad><pad><pad><pad><pad><pad><pad><pad><pad><pad><pad>AGAGGATACTATATCGTTGCTGCCGATTGGAGTCGATTGCTCTTGCAGTT,7.256278,168,44,150
RV-UML-m053,AGTAAATAAAGCTATTACCCGACTGCACAGGAGATTCCTGCTCTTTCGAT,50,8.14238,1.01,C2C12,Luciferase,AGTAAATAAAGCTATTACCCGACTGCACAGGAGATTCCTGCTCTTTCGAT,<pad><pad><pad><pad><pad><pad><pad><pad><pad><pad><pad><pad><pad><pad><pad><pad><pad><pad><pad><pad><pad><pad><pad><pad><pad><pad><pad><pad><pad><pad><pad><pad><pad><pad><pad><pad><pad><pad><pad><pad><pad><pad><pad><pad><pad><pad><pad><pad><pad><pad>AGTAAATAAAGCTATTACCCGACTGCACAGGAGATTCCTGCTCTTTCGAT,7.1323799999999995,143,76,151
RV-UML-m333,AGTACCTGGCCAGGACAAACAGTATCTTGCTGTATTCTCACCTCTCCACT,50,8.068022,1.01,C2C12,Luciferase,AGTACCTGGCCAGGACAAACAGTATCTTGCTGTATTCTCACCTCTCCACT,<pad><pad><pad><pad><pad><pad><pad><pad><pad><pad><pad><pad><pad><pad><pad><pad><pad><pad><pad><pad><pad><pad><pad><pad><pad><pad><pad><pad><pad><pad><pad><pad><pad><pad><pad><pad><pad><pad><pad><pad><pad><pad><pad><pad><pad><pad><pad><pad><pad><pad>AGTACCTGGCCAGGACAAACAGTATCTTGCTGTATTCTCACCTCTCCACT,7.058021999999999,126,103,152
RV-UML-m341,AGCACCTTAGCTTACCGAAGAGTTGTACCTTCTCTCGCTACCTAGCGCAA,50,8.313964,1.01,C2C12,Luciferase,AGCACCTTAGCTTACCGAAGAGTTGTACCTTCTCTCGCTACCTAGCGCAA,<pad><pad><pad><pad><pad><pad><pad><pad><pad><pad><pad><pad><pad><pad><pad><pad><pad><pad><pad><pad><pad><pad><pad><pad><pad><pad><pad><pad><pad><pad><pad><pad><pad><pad><pad><pad><pad><pad><pad><pad><pad><pad><pad><pad><pad><pad><pad><pad><pad><pad>AGCACCTTAGCTTACCGAAGAGTTGTACCTTCTCTCGCTACCTAGCGCAA,7.303964000000001,178,39,153
RV-UML-m074,AGAAAAGGTCCTATCCTGCTCAACTGTTCAAACGAGAACTGACGGTGGCA,50,8.243569,1.01,C2C12,Luciferase,AGAAAAGGTCCTATCCTGCTCAACTGTTCAAACGAGAACTGACGGTGGCA,<pad><pad><pad><pad><pad><pad><pad><pad><pad><pad><pad><pad><pad><pad><pad><pad><pad><pad><pad><pad><pad><pad><pad><pad><pad><pad><pad><pad><pad><pad><pad><pad><pad><pad><pad><pad><pad><pad><pad><pad><pad><pad><pad><pad><pad><pad><pad><pad><pad><pad>AGAAAAGGTCCTATCCTGCTCAACTGTTCAAACGAGAACTGACGGTGGCA,7.233569000000001,162,48,154
RV-UML-m352,AGCACCTATAGTTCGGGTATTGTAAGGTCGCGATCCTTCCATCGCAAGCT,50,8.093055,1.0,C2C12,Luciferase,AGCACCTATAGTTCGGGTATTGTAAGGTCGCGATCCTTCCATCGCAAGCT,<pad><pad><pad><pad><pad><pad><pad><pad><pad><pad><pad><pad><pad><pad><pad><pad><pad><pad><pad><pad><pad><pad><pad><pad><pad><pad><pad><pad><pad><pad><pad><pad><pad><pad><pad><pad><pad><pad><pad><pad><pad><pad><pad><pad><pad><pad><pad><pad><pad><pad>AGCACCTATAGTTCGGGTATTGTAAGGTCGCGATCCTTCCATCGCAAGCT,7.093055,138,93,155
RV-UML-m368,AGCGTCATACCAGACTTGCTGTGTGACTGAGTTGACCCACGTACTACGAC,50,8.118763,1.0,C2C12,Luciferase,AGCGTCATACCAGACTTGCTGTGTGACTGAGTTGACCCACGTACTACGAC,<pad><pad><pad><pad><pad><pad><pad><pad><pad><pad><pad><pad><pad><pad><pad><pad><pad><pad><pad><pad><pad><pad><pad><pad><pad><pad><pad><pad><pad><pad><pad><pad><pad><pad><pad><pad><pad><pad><pad><pad><pad><pad><pad><pad><pad><pad><pad><pad><pad><pad>AGCGTCATACCAGACTTGCTGTGTGACTGAGTTGACCCACGTACTACGAC,7.1187629999999995,141,84,156
RV-UML-m096,AGGATTGTGTTTTCCCGGAATCGACCTTGCGATTTTGGTTCGTAACTACA,50,8.133246,1.0,C2C12,Luciferase,AGGATTGTGTTTTCCCGGAATCGACCTTGCGATTTTGGTTCGTAACTACA,<pad><pad><pad><pad><pad><pad><pad><pad><pad><pad><pad><pad><pad><pad><pad><pad><pad><pad><pad><pad><pad><pad><pad><pad><pad><pad><pad><pad><pad><pad><pad><pad><pad><pad><pad><pad><pad><pad><pad><pad><pad><pad><pad><pad><pad><pad><pad><pad><pad><pad>AGGATTGTGTTTTCCCGGAATCGACCTTGCGATTTTGGTTCGTAACTACA,7.133246,144,80,157
RV-UML-m308,AGGAAAGAATCTTATCACTGCCACACCGTTTCCGTGGTTACCTCCGCATC,50,8.037252,1.0,C2C12,Luciferase,AGGAAAGAATCTTATCACTGCCACACCGTTTCCGTGGTTACCTCCGCATC,<pad><pad><pad><pad><pad><pad><pad><pad><pad><pad><pad><pad><pad><pad><pad><pad><pad><pad><pad><pad><pad><pad><pad><pad><pad><pad><pad><pad><pad><pad><pad><pad><pad><pad><pad><pad><pad><pad><pad><pad><pad><pad><pad><pad><pad><pad><pad><pad><pad><pad>AGGAAAGAATCTTATCACTGCCACACCGTTTCCGTGGTTACCTCCGCATC,7.0372520000000005,115,111,158
RV-UML-m309,AGGCCACTGCTACTGTGCAAATCCGCAGGATCCTTCCCGTTACGGTCGAA,50,7.9921165,1.0,C2C12,Luciferase,AGGCCACTGCTACTGTGCAAATCCGCAGGATCCTTCCCGTTACGGTCGAA,<pad><pad><pad><pad><pad><pad><pad><pad><pad><pad><pad><pad><pad><pad><pad><pad><pad><pad><pad><pad><pad><pad><pad><pad><pad><pad><pad><pad><pad><pad><pad><pad><pad><pad><pad><pad><pad><pad><pad><pad><pad><pad><pad><pad><pad><pad><pad><pad><pad><pad>AGGCCACTGCTACTGTGCAAATCCGCAGGATCCTTCCCGTTACGGTCGAA,6.9921165,106,122,159
RV-UML-m021,AGGTGTTTCTCGACAGACGAAAACTGCTCCTACACACCTTTAGTTTTGCT,50,8.360758,1.0,C2C12,Luciferase,AGGTGTTTCTCGACAGACGAAAACTGCTCCTACACACCTTTAGTTTTGCT,<pad><pad><pad><pad><pad><pad><pad><pad><pad><pad><pad><pad><pad><pad><pad><pad><pad><pad><pad><pad><pad><pad><pad><pad><pad><pad><pad><pad><pad><pad><pad><pad><pad><pad><pad><pad><pad><pad><pad><pad><pad><pad><pad><pad><pad><pad><pad><pad><pad><pad>AGGTGTTTCTCGACAGACGAAAACTGCTCCTACACACCTTTAGTTTTGCT,7.360758000000001,190,31,160
RV-UML-m332,AGCGCGACATATTATCAGAGCTTGTCAGATATCTCGTTGCGAGAGCCCAC,50,7.9381676,1.0,C2C12,Luciferase,AGCGCGACATATTATCAGAGCTTGTCAGATATCTCGTTGCGAGAGCCCAC,<pad><pad><pad><pad><pad><pad><pad><pad><pad><pad><pad><pad><pad><pad><pad><pad><pad><pad><pad><pad><pad><pad><pad><pad><pad><pad><pad><pad><pad><pad><pad><pad><pad><pad><pad><pad><pad><pad><pad><pad><pad><pad><pad><pad><pad><pad><pad><pad><pad><pad>AGCGCGACATATTATCAGAGCTTGTCAGATATCTCGTTGCGAGAGCCCAC,6.9381676,91,136,161
RV-UML-m110,AGGCCCCCGCCTGGAGTCCAGACCCGACGGCCGGCCCAGTTCCACGCACCCAGCGAGCCCAAGCGCCTTCTCCGCACCAGGGAAGCCCCACCCACCAGAAGCCAAG,106,6.9309072,1.0,C2C12,Luciferase,GCCCAAGCGCCTTCTCCGCACCAGGGAAGCCCCACCCACCAGAAGCCAAG,CCGCCTGGAGTCCAGACCCGACGGCCGGCCCAGTTCCACGCACCCAGCGAGCCCAAGCGCCTTCTCCGCACCAGGGAAGCCCCACCCACCAGAAGCCAAG,5.9309072,9,204,162
RV-UML-m320,AGAGTTCGTACAGACCAAGTTCATTTCAATCACGGGATACGAGCTGCACT,50,8.029435,0.99,C2C12,Luciferase,AGAGTTCGTACAGACCAAGTTCATTTCAATCACGGGATACGAGCTGCACT,<pad><pad><pad><pad><pad><pad><pad><pad><pad><pad><pad><pad><pad><pad><pad><pad><pad><pad><pad><pad><pad><pad><pad><pad><pad><pad><pad><pad><pad><pad><pad><pad><pad><pad><pad><pad><pad><pad><pad><pad><pad><pad><pad><pad><pad><pad><pad><pad><pad><pad>AGAGTTCGTACAGACCAAGTTCATTTCAATCACGGGATACGAGCTGCACT,7.039434999999999,117,112,163
RV-UML-m347,AGAAACCGTCCTTTCGAATTACTCGGCTTTAGAGCCGGGGAACACATAAA,50,8.080974,0.99,C2C12,Luciferase,AGAAACCGTCCTTTCGAATTACTCGGCTTTAGAGCCGGGGAACACATAAA,<pad><pad><pad><pad><pad><pad><pad><pad><pad><pad><pad><pad><pad><pad><pad><pad><pad><pad><pad><pad><pad><pad><pad><pad><pad><pad><pad><pad><pad><pad><pad><pad><pad><pad><pad><pad><pad><pad><pad><pad><pad><pad><pad><pad><pad><pad><pad><pad><pad><pad>AGAAACCGTCCTTTCGAATTACTCGGCTTTAGAGCCGGGGAACACATAAA,7.090973999999999,137,98,164
RV-UML-m022,AGCCTTCACTCGATTCCTGGGAATTGTCACGAACTTATCTTCCGGTGAGC,50,8.225622,0.99,C2C12,Luciferase,AGCCTTCACTCGATTCCTGGGAATTGTCACGAACTTATCTTCCGGTGAGC,<pad><pad><pad><pad><pad><pad><pad><pad><pad><pad><pad><pad><pad><pad><pad><pad><pad><pad><pad><pad><pad><pad><pad><pad><pad><pad><pad><pad><pad><pad><pad><pad><pad><pad><pad><pad><pad><pad><pad><pad><pad><pad><pad><pad><pad><pad><pad><pad><pad><pad>AGCCTTCACTCGATTCCTGGGAATTGTCACGAACTTATCTTCCGGTGAGC,7.235621999999999,163,54,165
RV-UML-m097,AGCTCTTGCACTACCGATCCCAAAGGACGCCTATTGCAGCATAGTGCATT,50,7.9245667,0.99,C2C12,Luciferase,AGCTCTTGCACTACCGATCCCAAAGGACGCCTATTGCAGCATAGTGCATT,<pad><pad><pad><pad><pad><pad><pad><pad><pad><pad><pad><pad><pad><pad><pad><pad><pad><pad><pad><pad><pad><pad><pad><pad><pad><pad><pad><pad><pad><pad><pad><pad><pad><pad><pad><pad><pad><pad><pad><pad><pad><pad><pad><pad><pad><pad><pad><pad><pad><pad>AGCTCTTGCACTACCGATCCCAAAGGACGCCTATTGCAGCATAGTGCATT,6.9345666999999995,90,139,166
RV-UML-m073,AGCAAACGTAGGGGGATACTGCGCGTCCATAAAATCCTCTCAACGTTGCA,50,7.970905,0.98,C2C12,Luciferase,AGCAAACGTAGGGGGATACTGCGCGTCCATAAAATCCTCTCAACGTTGCA,<pad><pad><pad><pad><pad><pad><pad><pad><pad><pad><pad><pad><pad><pad><pad><pad><pad><pad><pad><pad><pad><pad><pad><pad><pad><pad><pad><pad><pad><pad><pad><pad><pad><pad><pad><pad><pad><pad><pad><pad><pad><pad><pad><pad><pad><pad><pad><pad><pad><pad>AGCAAACGTAGGGGGATACTGCGCGTCCATAAAATCCTCTCAACGTTGCA,6.990905,105,130,167
RV-UML-m057,AGTTACAACCTCTCCACTGCCTCAAACAGTTTTCAACGCCTGTCCGCGGA,50,7.7223434,0.97,C2C12,Luciferase,AGTTACAACCTCTCCACTGCCTCAAACAGTTTTCAACGCCTGTCCGCGGA,<pad><pad><pad><pad><pad><pad><pad><pad><pad><pad><pad><pad><pad><pad><pad><pad><pad><pad><pad><pad><pad><pad><pad><pad><pad><pad><pad><pad><pad><pad><pad><pad><pad><pad><pad><pad><pad><pad><pad><pad><pad><pad><pad><pad><pad><pad><pad><pad><pad><pad>AGTTACAACCTCTCCACTGCCTCAAACAGTTTTCAACGCCTGTCCGCGGA,6.7523434,51,168,168
RV-UML-m310,AGTCGAGCGCATCTTTCACAGAACTGTACGTGTCTACGAGACACTAGAAC,50,8.168342,0.97,C2C12,Luciferase,AGTCGAGCGCATCTTTCACAGAACTGTACGTGTCTACGAGACACTAGAAC,<pad><pad><pad><pad><pad><pad><pad><pad><pad><pad><pad><pad><pad><pad><pad><pad><pad><pad><pad><pad><pad><pad><pad><pad><pad><pad><pad><pad><pad><pad><pad><pad><pad><pad><pad><pad><pad><pad><pad><pad><pad><pad><pad><pad><pad><pad><pad><pad><pad><pad>AGTCGAGCGCATCTTTCACAGAACTGTACGTGTCTACGAGACACTAGAAC,7.198342000000001,157,71,169
RV-UML-m113,AGACTCGGCTCAAACTCTGGGATCTGGAAC,30,7.762596,0.97,C2C12,Luciferase,<pad><pad><pad><pad><pad><pad><pad><pad><pad><pad><pad><pad><pad><pad><pad><pad><pad><pad><pad><pad>AGACTCGGCTCAAACTCTGGGATCTGGAAC,<pad><pad><pad><pad><pad><pad><pad><pad><pad><pad><pad><pad><pad><pad><pad><pad><pad><pad><pad><pad><pad><pad><pad><pad><pad><pad><pad><pad><pad><pad><pad><pad><pad><pad><pad><pad><pad><pad><pad><pad><pad><pad><pad><pad><pad><pad><pad><pad><pad><pad><pad><pad><pad><pad><pad><pad><pad><pad><pad><pad><pad><pad><pad><pad><pad><pad><pad><pad><pad><pad>AGACTCGGCTCAAACTCTGGGATCTGGAAC,6.7925960000000005,60,165,170
RV-UML-m070,AGCCTCCATCCTGTAGTTCATAATTCCACACAGACAACAACGTGCCGAGG,50,7.6716046,0.97,C2C12,Luciferase,AGCCTCCATCCTGTAGTTCATAATTCCACACAGACAACAACGTGCCGAGG,<pad><pad><pad><pad><pad><pad><pad><pad><pad><pad><pad><pad><pad><pad><pad><pad><pad><pad><pad><pad><pad><pad><pad><pad><pad><pad><pad><pad><pad><pad><pad><pad><pad><pad><pad><pad><pad><pad><pad><pad><pad><pad><pad><pad><pad><pad><pad><pad><pad><pad>AGCCTCCATCCTGTAGTTCATAATTCCACACAGACAACAACGTGCCGAGG,6.7016046000000005,44,174,171
RV-UML-m345,AGGGAATCGTGTCAGAAATCTGACCAGAAAATTCACCTCGAGTCCATACG,50,8.00239,0.97,C2C12,Luciferase,AGGGAATCGTGTCAGAAATCTGACCAGAAAATTCACCTCGAGTCCATACG,<pad><pad><pad><pad><pad><pad><pad><pad><pad><pad><pad><pad><pad><pad><pad><pad><pad><pad><pad><pad><pad><pad><pad><pad><pad><pad><pad><pad><pad><pad><pad><pad><pad><pad><pad><pad><pad><pad><pad><pad><pad><pad><pad><pad><pad><pad><pad><pad><pad><pad>AGGGAATCGTGTCAGAAATCTGACCAGAAAATTCACCTCGAGTCCATACG,7.03239,114,116,172
RV-UML-m020,AGGTACTTTCCCTTTCTACCTACACAAGGATCCCACACACAGAGAGGGTC,50,8.398696,0.97,C2C12,Luciferase,AGGTACTTTCCCTTTCTACCTACACAAGGATCCCACACACAGAGAGGGTC,<pad><pad><pad><pad><pad><pad><pad><pad><pad><pad><pad><pad><pad><pad><pad><pad><pad><pad><pad><pad><pad><pad><pad><pad><pad><pad><pad><pad><pad><pad><pad><pad><pad><pad><pad><pad><pad><pad><pad><pad><pad><pad><pad><pad><pad><pad><pad><pad><pad><pad>AGGTACTTTCCCTTTCTACCTACACAAGGATCCCACACACAGAGAGGGTC,7.4286959999999995,196,23,173
RV-UML-m331,AGTTGTTCGAAGAAAACAGAGTCGTATACGGTACGAACCCCTTCCACTCG,50,7.720182,0.96,C2C12,Luciferase,AGTTGTTCGAAGAAAACAGAGTCGTATACGGTACGAACCCCTTCCACTCG,<pad><pad><pad><pad><pad><pad><pad><pad><pad><pad><pad><pad><pad><pad><pad><pad><pad><pad><pad><pad><pad><pad><pad><pad><pad><pad><pad><pad><pad><pad><pad><pad><pad><pad><pad><pad><pad><pad><pad><pad><pad><pad><pad><pad><pad><pad><pad><pad><pad><pad>AGTTGTTCGAAGAAAACAGAGTCGTATACGGTACGAACCCCTTCCACTCG,6.760182,55,169,174
RV-UML-m046,AGGAGAGACTGCGAGGTGTAGTCTCGATTAGCTCACTACTCGGACTGACC,50,8.368011,0.96,C2C12,Luciferase,AGGAGAGACTGCGAGGTGTAGTCTCGATTAGCTCACTACTCGGACTGACC,<pad><pad><pad><pad><pad><pad><pad><pad><pad><pad><pad><pad><pad><pad><pad><pad><pad><pad><pad><pad><pad><pad><pad><pad><pad><pad><pad><pad><pad><pad><pad><pad><pad><pad><pad><pad><pad><pad><pad><pad><pad><pad><pad><pad><pad><pad><pad><pad><pad><pad>AGGAGAGACTGCGAGGTGTAGTCTCGATTAGCTCACTACTCGGACTGACC,7.408010999999999,194,28,175
RV-UML-m042,AGTCCCGTAGTTTGGCCGCACTTCACCGAAAGGGACATCGCCGAGACACG,50,7.4930005,0.95,C2C12,Luciferase,AGTCCCGTAGTTTGGCCGCACTTCACCGAAAGGGACATCGCCGAGACACG,<pad><pad><pad><pad><pad><pad><pad><pad><pad><pad><pad><pad><pad><pad><pad><pad><pad><pad><pad><pad><pad><pad><pad><pad><pad><pad><pad><pad><pad><pad><pad><pad><pad><pad><pad><pad><pad><pad><pad><pad><pad><pad><pad><pad><pad><pad><pad><pad><pad><pad>AGTCCCGTAGTTTGGCCGCACTTCACCGAAAGGGACATCGCCGAGACACG,6.5430005,33,187,176
RV-UML-m036,AGATTCAATAGGGCTTTTGGATTCTTGGATTGGTGCTACAACATCACGGT,50,7.910021,0.95,C2C12,Luciferase,AGATTCAATAGGGCTTTTGGATTCTTGGATTGGTGCTACAACATCACGGT,<pad><pad><pad><pad><pad><pad><pad><pad><pad><pad><pad><pad><pad><pad><pad><pad><pad><pad><pad><pad><pad><pad><pad><pad><pad><pad><pad><pad><pad><pad><pad><pad><pad><pad><pad><pad><pad><pad><pad><pad><pad><pad><pad><pad><pad><pad><pad><pad><pad><pad>AGATTCAATAGGGCTTTTGGATTCTTGGATTGGTGCTACAACATCACGGT,6.960021,98,144,177
RV-UML-m112,AGCCCGCGGCACCGCCTCCGCGCCTCCATCCAGCCGGCTCCCTCCGGCCGCGAACTGCCCCTCCCCGCCCCGCCTCCCGGCGCGGGTGGCCGAGGCGTAGCGCTGCGACCCCCGCACCCCTGCGAAC,127,5.939773,0.95,C2C12,Luciferase,CGGCGCGGGTGGCCGAGGCGTAGCGCTGCGACCCCCGCACCCCTGCGAAC,ATCCAGCCGGCTCCCTCCGGCCGCGAACTGCCCCTCCCCGCCCCGCCTCCCGGCGCGGGTGGCCGAGGCGTAGCGCTGCGACCCCCGCACCCCTGCGAAC,4.989773,4,208,178
RV-UML-m107,AGGTCTCCCCTCGCCGCATCCACTCTCCGGCCGGCCGCCTGCCCGCCGCCTCCTCCGTGCGCCCGCCAGCCTCGCCCGCGCCGTCACC,88,5.478817,0.95,C2C12,Luciferase,CTGCCCGCCGCCTCCTCCGTGCGCCCGCCAGCCTCGCCCGCGCCGTCACC,<pad><pad><pad><pad><pad><pad><pad><pad><pad><pad><pad><pad>AGGTCTCCCCTCGCCGCATCCACTCTCCGGCCGGCCGCCTGCCCGCCGCCTCCTCCGTGCGCCCGCCAGCCTCGCCCGCGCCGTCACC,4.528817,3,210,179
RV-UML-m329,AGTCTGGTCAAAGTTCGCAGAGAACTAAACCACCCACCACAACGAGCATC,50,8.286653,0.95,C2C12,Luciferase,AGTCTGGTCAAAGTTCGCAGAGAACTAAACCACCCACCACAACGAGCATC,<pad><pad><pad><pad><pad><pad><pad><pad><pad><pad><pad><pad><pad><pad><pad><pad><pad><pad><pad><pad><pad><pad><pad><pad><pad><pad><pad><pad><pad><pad><pad><pad><pad><pad><pad><pad><pad><pad><pad><pad><pad><pad><pad><pad><pad><pad><pad><pad><pad><pad>AGTCTGGTCAAAGTTCGCAGAGAACTAAACCACCCACCACAACGAGCATC,7.336652999999999,184,40,180
RV-UML-m072,AGTGATCTGACGAGCTTATTGTCAGGTAGAGTTCCATCAGCAACAGACCA,50,8.234233,0.94,C2C12,Luciferase,AGTGATCTGACGAGCTTATTGTCAGGTAGAGTTCCATCAGCAACAGACCA,<pad><pad><pad><pad><pad><pad><pad><pad><pad><pad><pad><pad><pad><pad><pad><pad><pad><pad><pad><pad><pad><pad><pad><pad><pad><pad><pad><pad><pad><pad><pad><pad><pad><pad><pad><pad><pad><pad><pad><pad><pad><pad><pad><pad><pad><pad><pad><pad><pad><pad>AGTGATCTGACGAGCTTATTGTCAGGTAGAGTTCCATCAGCAACAGACCA,7.294233,176,49,181
RV-UML-m065,AGACGGATAAACCGTATATCATAGGTGTCCTCACACACAGACGGGACGAG,50,7.994755,0.94,C2C12,Luciferase,AGACGGATAAACCGTATATCATAGGTGTCCTCACACACAGACGGGACGAG,<pad><pad><pad><pad><pad><pad><pad><pad><pad><pad><pad><pad><pad><pad><pad><pad><pad><pad><pad><pad><pad><pad><pad><pad><pad><pad><pad><pad><pad><pad><pad><pad><pad><pad><pad><pad><pad><pad><pad><pad><pad><pad><pad><pad><pad><pad><pad><pad><pad><pad>AGACGGATAAACCGTATATCATAGGTGTCCTCACACACAGACGGGACGAG,7.054755,124,121,182
RV-UML-m367,AGGAGCTCCGATTCGAACTAATCCGTCATACTTTACAACTGCGAGGGGCC,50,8.200647,0.94,C2C12,Luciferase,AGGAGCTCCGATTCGAACTAATCCGTCATACTTTACAACTGCGAGGGGCC,<pad><pad><pad><pad><pad><pad><pad><pad><pad><pad><pad><pad><pad><pad><pad><pad><pad><pad><pad><pad><pad><pad><pad><pad><pad><pad><pad><pad><pad><pad><pad><pad><pad><pad><pad><pad><pad><pad><pad><pad><pad><pad><pad><pad><pad><pad><pad><pad><pad><pad>AGGAGCTCCGATTCGAACTAATCCGTCATACTTTACAACTGCGAGGGGCC,7.2606470000000005,170,58,183
RV-UML-m298,AGCTTGGACCCAACGTAAGAATCAGTCTTTGCGTTGCTAGGACAAAAGCT,50,8.196334,0.93,C2C12,Luciferase,AGCTTGGACCCAACGTAAGAATCAGTCTTTGCGTTGCTAGGACAAAAGCT,<pad><pad><pad><pad><pad><pad><pad><pad><pad><pad><pad><pad><pad><pad><pad><pad><pad><pad><pad><pad><pad><pad><pad><pad><pad><pad><pad><pad><pad><pad><pad><pad><pad><pad><pad><pad><pad><pad><pad><pad><pad><pad><pad><pad><pad><pad><pad><pad><pad><pad>AGCTTGGACCCAACGTAAGAATCAGTCTTTGCGTTGCTAGGACAAAAGCT,7.2663340000000005,171,61,184
RV-UML-m114,AGCGTTTTGCAGACGCCACCGCCGAGGAAAACCGTGTACTATTAGCC,47,7.9359384,0.91,C2C12,Luciferase,<pad><pad><pad>AGCGTTTTGCAGACGCCACCGCCGAGGAAAACCGTGTACTATTAGCC,<pad><pad><pad><pad><pad><pad><pad><pad><pad><pad><pad><pad><pad><pad><pad><pad><pad><pad><pad><pad><pad><pad><pad><pad><pad><pad><pad><pad><pad><pad><pad><pad><pad><pad><pad><pad><pad><pad><pad><pad><pad><pad><pad><pad><pad><pad><pad><pad><pad><pad><pad><pad><pad>AGCGTTTTGCAGACGCCACCGCCGAGGAAAACCGTGTACTATTAGCC,7.0259384,111,137,185
RV-UML-m115,AGCCGTCTCCGCCTCGCCGCAGTCGGGGCAGCCGCTCGCCCCTCTTTTCCATGTATCCGTCCAGAGTTTGAGCGGTGCTGAACTGTCAGCACCATCTGTCCGGTCCCAGC,110,7.323234,0.91,C2C12,Luciferase,CCAGAGTTTGAGCGGTGCTGAACTGTCAGCACCATCTGTCCGGTCCCAGC,GCCTCGCCGCAGTCGGGGCAGCCGCTCGCCCCTCTTTTCCATGTATCCGTCCAGAGTTTGAGCGGTGCTGAACTGTCAGCACCATCTGTCCGGTCCCAGC,6.413234,23,192,186
RV-UML-m307,AGCATCCGATTGCCCTCCTATTACTTGGGACCAGATATCCCTTCAACGTC,50,8.1403,0.91,C2C12,Luciferase,AGCATCCGATTGCCCTCCTATTACTTGGGACCAGATATCCCTTCAACGTC,<pad><pad><pad><pad><pad><pad><pad><pad><pad><pad><pad><pad><pad><pad><pad><pad><pad><pad><pad><pad><pad><pad><pad><pad><pad><pad><pad><pad><pad><pad><pad><pad><pad><pad><pad><pad><pad><pad><pad><pad><pad><pad><pad><pad><pad><pad><pad><pad><pad><pad>AGCATCCGATTGCCCTCCTATTACTTGGGACCAGATATCCCTTCAACGTC,7.2303,161,77,187
RV-UML-m346,AGTTGACTGCATACGCCTTGATTAACTAAATCGAGCGCCTACCGGAGAGT,50,8.074278,0.88,C2C12,Luciferase,AGTTGACTGCATACGCCTTGATTAACTAAATCGAGCGCCTACCGGAGAGT,<pad><pad><pad><pad><pad><pad><pad><pad><pad><pad><pad><pad><pad><pad><pad><pad><pad><pad><pad><pad><pad><pad><pad><pad><pad><pad><pad><pad><pad><pad><pad><pad><pad><pad><pad><pad><pad><pad><pad><pad><pad><pad><pad><pad><pad><pad><pad><pad><pad><pad>AGTTGACTGCATACGCCTTGATTAACTAAATCGAGCGCCTACCGGAGAGT,7.194278,155,100,188
RV-UML-m344,AGAGTGTTTGGAATCGCCCTTTGCGGCCCATACTCTCTTCCGGTGATCTC,50,7.7931814,0.86,C2C12,Luciferase,AGAGTGTTTGGAATCGCCCTTTGCGGCCCATACTCTCTTCCGGTGATCTC,<pad><pad><pad><pad><pad><pad><pad><pad><pad><pad><pad><pad><pad><pad><pad><pad><pad><pad><pad><pad><pad><pad><pad><pad><pad><pad><pad><pad><pad><pad><pad><pad><pad><pad><pad><pad><pad><pad><pad><pad><pad><pad><pad><pad><pad><pad><pad><pad><pad><pad>AGAGTGTTTGGAATCGCCCTTTGCGGCCCATACTCTCTTCCGGTGATCTC,6.9331814,89,159,189
RV-UML-m102,AGACATTTGCTTCTGACACAACTGTGTTCACTAGCAACCTCAAACAGACACC,52,8.199958,0.85,C2C12,Luciferase,ACATTTGCTTCTGACACAACTGTGTTCACTAGCAACCTCAAACAGACACC,<pad><pad><pad><pad><pad><pad><pad><pad><pad><pad><pad><pad><pad><pad><pad><pad><pad><pad><pad><pad><pad><pad><pad><pad><pad><pad><pad><pad><pad><pad><pad><pad><pad><pad><pad><pad><pad><pad><pad><pad><pad><pad><pad><pad><pad><pad><pad><pad>AGACATTTGCTTCTGACACAACTGTGTTCACTAGCAACCTCAAACAGACACC,7.349958000000001,189,59,190
RV-UML-m108,AGGGGCTCTCCGGCAGCGGATCTGCGCAGAAGCGTTCCGTGCGTGCAAGTGCTGCGAACCACGTGGGTCCCGGGCGCGTTTCGGGTGCTGGCGGCTGCAGCCGGAGTTCAAACCTAAGCAGCTGGAAGGAACC,133,7.0895896,0.79,C2C12,Luciferase,GGTGCTGGCGGCTGCAGCCGGAGTTCAAACCTAAGCAGCTGGAAGGAACC,GTTCCGTGCGTGCAAGTGCTGCGAACCACGTGGGTCCCGGGCGCGTTTCGGGTGCTGGCGGCTGCAGCCGGAGTTCAAACCTAAGCAGCTGGAAGGAACC,6.2995896,19,200,191
RV-UML-m350,AGTGTCGCTCCTACTAGTTTACAGTATATCATCGAGTGAGCCAGCCCTTC,50,7.5701065,0.79,C2C12,Luciferase,AGTGTCGCTCCTACTAGTTTACAGTATATCATCGAGTGAGCCAGCCCTTC,<pad><pad><pad><pad><pad><pad><pad><pad><pad><pad><pad><pad><pad><pad><pad><pad><pad><pad><pad><pad><pad><pad><pad><pad><pad><pad><pad><pad><pad><pad><pad><pad><pad><pad><pad><pad><pad><pad><pad><pad><pad><pad><pad><pad><pad><pad><pad><pad><pad><pad>AGTGTCGCTCCTACTAGTTTACAGTATATCATCGAGTGAGCCAGCCCTTC,6.7801065,56,182,192
RV-UML-m312,AGTTGCTTACAGCCTCGCACCTTGTTGTACCCGCGTTTATCCCTCATCTG,50,7.680101,0.76,C2C12,Luciferase,AGTTGCTTACAGCCTCGCACCTTGTTGTACCCGCGTTTATCCCTCATCTG,<pad><pad><pad><pad><pad><pad><pad><pad><pad><pad><pad><pad><pad><pad><pad><pad><pad><pad><pad><pad><pad><pad><pad><pad><pad><pad><pad><pad><pad><pad><pad><pad><pad><pad><pad><pad><pad><pad><pad><pad><pad><pad><pad><pad><pad><pad><pad><pad><pad><pad>AGTTGCTTACAGCCTCGCACCTTGTTGTACCCGCGTTTATCCCTCATCTG,6.920101,85,173,193
RV-UML-m103,AGCGTGGTGGGCGGACCGGGGCGGTCCTGAGCCTGCGACCTCGCAGGCGACCTCGCTGGACCCTAAGTCCAGGCCACAGTCAGGGAAGGGCGCTGAGAGGCGAGCGTGAGCCCAGCGACAGGAGAGTGAGCTCACCACGCGCAGCGCC,148,7.2498145,0.74,C2C12,Luciferase,GGCGAGCGTGAGCCCAGCGACAGGAGAGTGAGCTCACCACGCGCAGCGCC,GACCTCGCTGGACCCTAAGTCCAGGCCACAGTCAGGGAAGGGCGCTGAGAGGCGAGCGTGAGCCCAGCGACAGGAGAGTGAGCTCACCACGCGCAGCGCC,6.5098145,29,194,194
RV-UML-m055,AGTTGGACTTGCGGACCACAAGGACAACGCGAGAAGGCATAGTCCATATC,50,8.020673,0.68,C2C12,Luciferase,AGTTGGACTTGCGGACCACAAGGACAACGCGAGAAGGCATAGTCCATATC,<pad><pad><pad><pad><pad><pad><pad><pad><pad><pad><pad><pad><pad><pad><pad><pad><pad><pad><pad><pad><pad><pad><pad><pad><pad><pad><pad><pad><pad><pad><pad><pad><pad><pad><pad><pad><pad><pad><pad><pad><pad><pad><pad><pad><pad><pad><pad><pad><pad><pad>AGTTGGACTTGCGGACCACAAGGACAACGCGAGAAGGCATAGTCCATATC,7.340673000000001,186,114,195
RV-UML-m092,AGGTTTTGGGGACGCAAAGAGAAAACGCTTGAGTCACTCTTAGAGTCAAA,50,8.18814,0.68,C2C12,Luciferase,AGGTTTTGGGGACGCAAAGAGAAAACGCTTGAGTCACTCTTAGAGTCAAA,<pad><pad><pad><pad><pad><pad><pad><pad><pad><pad><pad><pad><pad><pad><pad><pad><pad><pad><pad><pad><pad><pad><pad><pad><pad><pad><pad><pad><pad><pad><pad><pad><pad><pad><pad><pad><pad><pad><pad><pad><pad><pad><pad><pad><pad><pad><pad><pad><pad><pad>AGGTTTTGGGGACGCAAAGAGAAAACGCTTGAGTCACTCTTAGAGTCAAA,7.508140000000001,202,66,196
RV-UML-m106,AGAGGCGCCTGAGAGGCTCTCTACCGGTGAGGGTTTGCGGGGAAG,45,7.149589,0.65,C2C12,Luciferase,<pad><pad><pad><pad><pad>AGAGGCGCCTGAGAGGCTCTCTACCGGTGAGGGTTTGCGGGGAAG,<pad><pad><pad><pad><pad><pad><pad><pad><pad><pad><pad><pad><pad><pad><pad><pad><pad><pad><pad><pad><pad><pad><pad><pad><pad><pad><pad><pad><pad><pad><pad><pad><pad><pad><pad><pad><pad><pad><pad><pad><pad><pad><pad><pad><pad><pad><pad><pad><pad><pad><pad><pad><pad><pad><pad>AGAGGCGCCTGAGAGGCTCTCTACCGGTGAGGGTTTGCGGGGAAG,6.499588999999999,27,198,197
RV-UML-m034,AGCGTTGTGCGGATTCCTGCGATACAAGCCGCCGCATATACAGCGCAGCT,50,7.8158092,0.63,C2C12,Luciferase,AGCGTTGTGCGGATTCCTGCGATACAAGCCGCCGCATATACAGCGCAGCT,<pad><pad><pad><pad><pad><pad><pad><pad><pad><pad><pad><pad><pad><pad><pad><pad><pad><pad><pad><pad><pad><pad><pad><pad><pad><pad><pad><pad><pad><pad><pad><pad><pad><pad><pad><pad><pad><pad><pad><pad><pad><pad><pad><pad><pad><pad><pad><pad><pad><pad>AGCGTTGTGCGGATTCCTGCGATACAAGCCGCCGCATATACAGCGCAGCT,7.1858092000000005,153,157,198
RV-UML-m016,AGTCGTTGTCCAAATTGTCATTCGTCTGTAGAGTTCTTCTTCTAGGGGCT,50,8.518338,0.62,C2C12,Luciferase,AGTCGTTGTCCAAATTGTCATTCGTCTGTAGAGTTCTTCTTCTAGGGGCT,<pad><pad><pad><pad><pad><pad><pad><pad><pad><pad><pad><pad><pad><pad><pad><pad><pad><pad><pad><pad><pad><pad><pad><pad><pad><pad><pad><pad><pad><pad><pad><pad><pad><pad><pad><pad><pad><pad><pad><pad><pad><pad><pad><pad><pad><pad><pad><pad><pad><pad>AGTCGTTGTCCAAATTGTCATTCGTCTGTAGAGTTCTTCTTCTAGGGGCT,7.898338,209,5,199
RV-UML-m029,AGCCGCAGATCGCTGGATCCTGTCACCGAGCCCTTCGGTGCTACAGGTTA,50,7.098519,0.6,C2C12,Luciferase,AGCCGCAGATCGCTGGATCCTGTCACCGAGCCCTTCGGTGCTACAGGTTA,<pad><pad><pad><pad><pad><pad><pad><pad><pad><pad><pad><pad><pad><pad><pad><pad><pad><pad><pad><pad><pad><pad><pad><pad><pad><pad><pad><pad><pad><pad><pad><pad><pad><pad><pad><pad><pad><pad><pad><pad><pad><pad><pad><pad><pad><pad><pad><pad><pad><pad>AGCCGCAGATCGCTGGATCCTGTCACCGAGCCCTTCGGTGCTACAGGTTA,6.498519,26,199,200
RV-UML-m043,AGAAAATCAAAATACAATTTGCCCGCTGGACACCCAGCACAGCCTACGAC,50,7.5223184,0.59,C2C12,Luciferase,AGAAAATCAAAATACAATTTGCCCGCTGGACACCCAGCACAGCCTACGAC,<pad><pad><pad><pad><pad><pad><pad><pad><pad><pad><pad><pad><pad><pad><pad><pad><pad><pad><pad><pad><pad><pad><pad><pad><pad><pad><pad><pad><pad><pad><pad><pad><pad><pad><pad><pad><pad><pad><pad><pad><pad><pad><pad><pad><pad><pad><pad><pad><pad><pad>AGAAAATCAAAATACAATTTGCCCGCTGGACACCCAGCACAGCCTACGAC,6.9323184,88,185,201
RV-UML-m039,AGTCGGACATAGAGAGGTCAGATACTTCTCTTGGGAGAATCACGTTCACA,50,8.274598,0.57,C2C12,Luciferase,AGTCGGACATAGAGAGGTCAGATACTTCTCTTGGGAGAATCACGTTCACA,<pad><pad><pad><pad><pad><pad><pad><pad><pad><pad><pad><pad><pad><pad><pad><pad><pad><pad><pad><pad><pad><pad><pad><pad><pad><pad><pad><pad><pad><pad><pad><pad><pad><pad><pad><pad><pad><pad><pad><pad><pad><pad><pad><pad><pad><pad><pad><pad><pad><pad>AGTCGGACATAGAGAGGTCAGATACTTCTCTTGGGAGAATCACGTTCACA,7.704597999999999,206,41,202
RV-UML-m067,AGATACCTTTGACTACCGGTATTTGCTGGGCGCTATAAGTGCAGAGACCG,50,7.6366043,0.57,C2C12,Luciferase,AGATACCTTTGACTACCGGTATTTGCTGGGCGCTATAAGTGCAGAGACCG,<pad><pad><pad><pad><pad><pad><pad><pad><pad><pad><pad><pad><pad><pad><pad><pad><pad><pad><pad><pad><pad><pad><pad><pad><pad><pad><pad><pad><pad><pad><pad><pad><pad><pad><pad><pad><pad><pad><pad><pad><pad><pad><pad><pad><pad><pad><pad><pad><pad><pad>AGATACCTTTGACTACCGGTATTTGCTGGGCGCTATAAGTGCAGAGACCG,7.0666043,128,176,203
RV-UML-m056,AGAACTCGATTCGCGACGTATTTCAAATAATCGTAGTCTGCGGCTCAGTT,50,8.039064,0.57,C2C12,Luciferase,AGAACTCGATTCGCGACGTATTTCAAATAATCGTAGTCTGCGGCTCAGTT,<pad><pad><pad><pad><pad><pad><pad><pad><pad><pad><pad><pad><pad><pad><pad><pad><pad><pad><pad><pad><pad><pad><pad><pad><pad><pad><pad><pad><pad><pad><pad><pad><pad><pad><pad><pad><pad><pad><pad><pad><pad><pad><pad><pad><pad><pad><pad><pad><pad><pad>AGAACTCGATTCGCGACGTATTTCAAATAATCGTAGTCTGCGGCTCAGTT,7.4690639999999995,201,110,204
RV-UML-m083,AGTCCTTTCGCGTCTACCTCTAATCTTAGTAGACTGTTCGGTTTAGAGCT,50,8.272555,0.55,C2C12,Luciferase,AGTCCTTTCGCGTCTACCTCTAATCTTAGTAGACTGTTCGGTTTAGAGCT,<pad><pad><pad><pad><pad><pad><pad><pad><pad><pad><pad><pad><pad><pad><pad><pad><pad><pad><pad><pad><pad><pad><pad><pad><pad><pad><pad><pad><pad><pad><pad><pad><pad><pad><pad><pad><pad><pad><pad><pad><pad><pad><pad><pad><pad><pad><pad><pad><pad><pad>AGTCCTTTCGCGTCTACCTCTAATCTTAGTAGACTGTTCGGTTTAGAGCT,7.722555000000001,207,42,205
RV-UML-m044,AGTTAGGAACACATCACTTCCCTGTTGTATTGGGATTATTTGTCCGACTA,50,8.062461,0.54,C2C12,Luciferase,AGTTAGGAACACATCACTTCCCTGTTGTATTGGGATTATTTGTCCGACTA,<pad><pad><pad><pad><pad><pad><pad><pad><pad><pad><pad><pad><pad><pad><pad><pad><pad><pad><pad><pad><pad><pad><pad><pad><pad><pad><pad><pad><pad><pad><pad><pad><pad><pad><pad><pad><pad><pad><pad><pad><pad><pad><pad><pad><pad><pad><pad><pad><pad><pad>AGTTAGGAACACATCACTTCCCTGTTGTATTGGGATTATTTGTCCGACTA,7.522461000000001,205,105,206
RV-UML-m082,AGCGTTTCTATTTTCGCAGTTTCGGATCTGCCTTTTCGCGGATTTATATC,50,8.362197,0.52,C2C12,Luciferase,AGCGTTTCTATTTTCGCAGTTTCGGATCTGCCTTTTCGCGGATTTATATC,<pad><pad><pad><pad><pad><pad><pad><pad><pad><pad><pad><pad><pad><pad><pad><pad><pad><pad><pad><pad><pad><pad><pad><pad><pad><pad><pad><pad><pad><pad><pad><pad><pad><pad><pad><pad><pad><pad><pad><pad><pad><pad><pad><pad><pad><pad><pad><pad><pad><pad>AGCGTTTCTATTTTCGCAGTTTCGGATCTGCCTTTTCGCGGATTTATATC,7.8421970000000005,208,29,207
RV-UML-m003,AGTTTCGTTCACTGTCCTTGACTAGAGAATATAATAAAAAGATTGTTGCT,50,8.669167,0.52,C2C12,Luciferase,AGTTTCGTTCACTGTCCTTGACTAGAGAATATAATAAAAAGATTGTTGCT,<pad><pad><pad><pad><pad><pad><pad><pad><pad><pad><pad><pad><pad><pad><pad><pad><pad><pad><pad><pad><pad><pad><pad><pad><pad><pad><pad><pad><pad><pad><pad><pad><pad><pad><pad><pad><pad><pad><pad><pad><pad><pad><pad><pad><pad><pad><pad><pad><pad><pad>AGTTTCGTTCACTGTCCTTGACTAGAGAATATAATAAAAAGATTGTTGCT,8.149167,211,1,208
RV-UML-m045,AGCCAGTTTCGCTTGGCTCAACCAGCCCATATACAAAGACCCCGACGGCT,50,7.765576,0.51,C2C12,Luciferase,AGCCAGTTTCGCTTGGCTCAACCAGCCCATATACAAAGACCCCGACGGCT,<pad><pad><pad><pad><pad><pad><pad><pad><pad><pad><pad><pad><pad><pad><pad><pad><pad><pad><pad><pad><pad><pad><pad><pad><pad><pad><pad><pad><pad><pad><pad><pad><pad><pad><pad><pad><pad><pad><pad><pad><pad><pad><pad><pad><pad><pad><pad><pad><pad><pad>AGCCAGTTTCGCTTGGCTCAACCAGCCCATATACAAAGACCCCGACGGCT,7.2555760000000005,167,163,209
RV-UML-m094,AGTTCGCTTTGTTATTCTTGCCAGTTTGTAGTTACCTAAAACCCATTCCC,50,8.405158,0.49,C2C12,Luciferase,AGTTCGCTTTGTTATTCTTGCCAGTTTGTAGTTACCTAAAACCCATTCCC,<pad><pad><pad><pad><pad><pad><pad><pad><pad><pad><pad><pad><pad><pad><pad><pad><pad><pad><pad><pad><pad><pad><pad><pad><pad><pad><pad><pad><pad><pad><pad><pad><pad><pad><pad><pad><pad><pad><pad><pad><pad><pad><pad><pad><pad><pad><pad><pad><pad><pad>AGTTCGCTTTGTTATTCTTGCCAGTTTGTAGTTACCTAAAACCCATTCCC,7.915158,210,19,210
RV-UML-m050,AGTTTGGAACGAGGGGAAAATACTTGTTTCGAGCGATCGCGGGGGAAAGC,50,7.995923,0.48,C2C12,Luciferase,AGTTTGGAACGAGGGGAAAATACTTGTTTCGAGCGATCGCGGGGGAAAGC,<pad><pad><pad><pad><pad><pad><pad><pad><pad><pad><pad><pad><pad><pad><pad><pad><pad><pad><pad><pad><pad><pad><pad><pad><pad><pad><pad><pad><pad><pad><pad><pad><pad><pad><pad><pad><pad><pad><pad><pad><pad><pad><pad><pad><pad><pad><pad><pad><pad><pad>AGTTTGGAACGAGGGGAAAATACTTGTTTCGAGCGATCGCGGGGGAAAGC,7.515923000000001,203,120,211
