rvac_ID,utr_50,label,Length,y_pred
RV-UML-m026,AGTTGATCTTCGTCCGTGCATCACACCGGTCTTGTCCCCTGAACAGGGTA,1.16,50,0.9521852731704712
RV-UML-m029,AGCCGCAGATCGCTGGATCCTGTCACCGAGCCCTTCGGTGCTACAGGTTA,0.6,50,0.9544888734817505
RV-UML-m033,AGGAGTCATTTCGTTCGACACCTTTTACGCCTCCACACCAGTAGTGGATC,1.12,50,0.9516727328300476
RV-UML-m036,AGATTCAATAGGGCTTTTGGATTCTTGGATTGGTGCTACAACATCACGGT,0.95,50,0.9534617066383362
RV-UML-m040,AGTCAGACGCCCCATACGCATTAGGCTGGTCTATCATCTACTACCTTCGC,1.02,50,0.9501426815986633
RV-UML-m043,AGAAAATCAAAATACAATTTGCCCGCTGGACACCCAGCACAGCCTACGAC,0.59,50,0.9531906247138977
RV-UML-m044,AGTTAGGAACACATCACTTCCCTGTTGTATTGGGATTATTTGTCCGACTA,0.54,50,0.9508082270622253
RV-UML-m053,AGTAAATAAAGCTATTACCCGACTGCACAGGAGATTCCTGCTCTTTCGAT,1.01,50,0.9537861943244934
RV-UML-m054,AGGACCCCACCCTTCGATTTTGTGGGAAACCATATCAGATATTCACTGCC,1.04,50,0.9529277682304382
RV-UML-m057,AGTTACAACCTCTCCACTGCCTCAAACAGTTTTCAACGCCTGTCCGCGGA,0.97,50,0.956369161605835
RV-UML-m070,AGCCTCCATCCTGTAGTTCATAATTCCACACAGACAACAACGTGCCGAGG,0.97,50,0.9500582814216614
RV-UML-m098,AGCAGCGTTTTTATTCTCTCTATATTATATCACAGACGTTCAACGTAAAA,1.06,50,0.9532400369644165
RV-UML-m102,ACATTTGCTTCTGACACAACTGTGTTCACTAGCAACCTCAAACAGACACC,0.85,50,0.9530316591262817
RV-UML-m103,GGCGAGCGTGAGCCCAGCGACAGGAGAGTGAGCTCACCACGCGCAGCGCC,0.74,50,0.954992413520813
RV-UML-m113,nnnnnnnnnnnnnnnnnnnnAGACTCGGCTCAAACTCTGGGATCTGGAAC,0.97,30,0.9569287300109863
RV-UML-m278,AGCGTTACTGCCTTCCTCTGGATATTATCCTTCTCTGCATCCGCTGTACA,1.06,50,0.9496262669563293
RV-UML-m292,AGATTGGTTTGGCTTTGTTTCCCACAGCGACTGCGGGATTCCGTTTCGCT,1.05,50,0.9477159976959229
RV-UML-m313,AGCCAAACTTCGGCTATTCTGCGGTACCCTACCCAACGAGATCTCGAACA,1.15,50,0.9541594982147217
RV-UML-m317,AGCATAGTTAGAGCTTCTTCTCATCTGTTATCGCGATCGTACCTCCCGCT,1.1,50,0.951339840888977
RV-UML-m318,AGCCCTTACACGAATTCTCGAAAATCGTGCTTCAAGAAACGTACAACGGC,1.23,50,0.9539343118667603
RV-UML-m323,AGGTTACTTCTCGTCCCAACAGAATTGAACCGAAGATCTATTCAGGGAGG,1.03,50,0.9511240124702454
RV-UML-m352,AGCACCTATAGTTCGGGTATTGTAAGGTCGCGATCCTTCCATCGCAAGCT,1.0,50,0.953982412815094
RV-UML-m015,AGATACACTCGAAACCTGTGTTAAGCATTACTTCTGCTGTAATCGGGGGC,1.13,50,1.0800831317901611
RV-UML-m020,AGGTACTTTCCCTTTCTACCTACACAAGGATCCCACACACAGAGAGGGTC,0.97,50,1.0823630094528198
RV-UML-m022,AGCCTTCACTCGATTCCTGGGAATTGTCACGAACTTATCTTCCGGTGAGC,0.99,50,1.0765019655227661
RV-UML-m030,AGAGGGTTTAAGCCGCAGCCCTGGAGATCACCCCACTTCCCCAGCGCATC,1.1,50,1.0731351375579834
RV-UML-m047,AGCCAATTTCGACGGAATCGAGCGTTGGAGTTCACCTCCAATACGTCATC,1.12,50,1.071042776107788
RV-UML-m049,AGTCCCACCTCGCGTGGACTCCGCGAATTCCGAAAGTCGACATTGTGGCC,1.06,50,1.078427791595459
RV-UML-m075,AGGATTGGGCCTCCTCAATCCATAACTTACTCGAACGTCTAGCAACGGAG,1.03,50,1.0727366209030151
RV-UML-m111,GCGGGCGCGGCGCGGCGCGGCGCCATCTTGCAGCCGGCGGCGCGGATTGA,1.05,50,1.0767685174942017
RV-UML-m280,AGACGGTAGACAAGGAATCGAAAGACTGCTCCTCACTGCTTACGTTTACC,1.18,50,1.0681716203689575
RV-UML-m285,AGGGATTCAAACTACGCCTTCAATCTCTCGATTTACGTGTGAGGGGATCG,1.11,50,1.0802147388458252
RV-UML-m286,AGTGGAGAGCGCAATCCAGTTTCCTTAGCAAAGCATATCACCCTTCGGCT,1.24,50,1.0868946313858032
RV-UML-m307,AGCATCCGATTGCCCTCCTATTACTTGGGACCAGATATCCCTTCAACGTC,0.91,50,1.0826127529144287
RV-UML-m319,AGAGAACCCAGTACCCAATTCCACGCGAACGTAGACGAGAAGGAGGTGCG,1.14,50,1.0829757452011108
RV-UML-m324,AGAGAATCTTGTGCTTATTGTGATCGAGCATTGCAGTGGCGTTGGCCATT,1.14,50,1.0831660032272339
RV-UML-m327,AGCTTGGAAAACAGCGCTCACAGAATTCTTAGACACTGCACGTCCCGCCC,1.09,50,1.0664362907409668
RV-UML-m329,AGTCTGGTCAAAGTTCGCAGAGAACTAAACCACCCACCACAACGAGCATC,0.95,50,1.0832703113555908
RV-UML-m341,AGCACCTTAGCTTACCGAAGAGTTGTACCTTCTCTCGCTACCTAGCGCAA,1.01,50,1.0812163352966309
RV-UML-m345,AGGGAATCGTGTCAGAAATCTGACCAGAAAATTCACCTCGAGTCCATACG,0.97,50,1.0688389539718628
RV-UML-m348,AGCCTTCGCACAATACTCGCGCGTCCTAAGCAAAATCGGAACAAGTACTG,1.21,50,1.0872623920440674
RV-UML-m362,AGAATACCGCAGGTTAAAGCTGTGGTGGAGCCGACAGTCATCACCGCCGG,1.09,50,1.0744901895523071
RV-UML-m368,AGCGTCATACCAGACTTGCTGTGTGACTGAGTTGACCCACGTACTACGAC,1.0,50,1.085252285003662
RV-UML-m002,AGGTCCGTTATATTATTTATCTTGCAGATCAAACTTCAGAGAGGAGGGCC,1.33,50,1.004717230796814
RV-UML-m003,AGTTTCGTTCACTGTCCTTGACTAGAGAATATAATAAAAAGATTGTTGCT,0.52,50,0.9870370626449585
RV-UML-m014,AGGGTTTGAACATATTCGTTTACTTTCCAATCCCTAACTTAGTCCTTGCT,1.13,50,0.9867752194404602
RV-UML-m025,AGGCGAAGTCTTCGACTACCACTACCCTCGCCGTCGCGGTCTTTGCTGTC,1.21,50,1.017996907234192
RV-UML-m037,AGGAGGTTCGCCTTGCGCGCATCGCGCCTCAGTCGCACGTGGCGAGACTC,1.11,50,0.976538896560669
RV-UML-m045,AGCCAGTTTCGCTTGGCTCAACCAGCCCATATACAAAGACCCCGACGGCT,0.51,50,1.012599229812622
RV-UML-m055,AGTTGGACTTGCGGACCACAAGGACAACGCGAGAAGGCATAGTCCATATC,0.68,50,0.981751024723053
RV-UML-m056,AGAACTCGATTCGCGACGTATTTCAAATAATCGTAGTCTGCGGCTCAGTT,0.57,50,1.0138624906539917
RV-UML-m064,AGTACAGGAAGACAGGAGTGTCTTGCGTTTGCAGTACCCACCACAACGAC,1.03,50,1.0001027584075928
RV-UML-m081,AGCAATCGTTAGTTCGCAAAAGCACCTAGCTCCGGACATTTCCTCCCACT,1.03,50,0.9736146330833435
RV-UML-m097,AGCTCTTGCACTACCGATCCCAAAGGACGCCTATTGCAGCATAGTGCATT,0.99,50,0.9828412532806396
RV-UML-m101,nnnnnnnnnnnAGACTCTTCTGGTCCCCACAGACTCAGAGAGAACCCACC,1.1,39,0.9948554039001465
RV-UML-m107,CTGCCCGCCGCCTCCTCCGTGCGCCCGCCAGCCTCGCCCGCGCCGTCACC,0.95,50,1.009944200515747
RV-UML-m287,AGAGAGAAGAATTCGTGTGGCAGCCTCTTGGAACGCACTTGAACCAGATC,1.04,50,0.9921950101852417
RV-UML-m288,AGCTTAAGTGTTTCCGCTATTCTTGTTGTCTGCTTTACTTGACGGGCGAC,1.12,50,0.9605834484100342
RV-UML-m305,AGCTGCCCAAATTCTCGTTATTTCTTCACCTTCCAGAACCTCCCGATCCA,1.14,50,0.9848947525024414
RV-UML-m320,AGAGTTCGTACAGACCAAGTTCATTTCAATCACGGGATACGAGCTGCACT,0.99,50,0.9915354251861572
RV-UML-m335,AGGGGATTGGATCAGAGTATTGAGTACGACGACCTCCGACCATTGATCTC,1.06,50,0.9807378053665161
RV-UML-m350,AGTGTCGCTCCTACTAGTTTACAGTATATCATCGAGTGAGCCAGCCCTTC,0.79,50,1.013797402381897
RV-UML-m355,AGACTGGCAGACCAGGTTCCCGACCGTGGTCCCGTTTGGTACTCTTCCGC,1.06,50,0.979295015335083
RV-UML-m356,AGGCCAGATTGGCGCCGAGTATCGACGCCTACACTCCTACCAAAGTCTCT,1.06,50,0.9955794811248779
RV-UML-m032,AGGGAGGTTTCAGTTCAGTATCTCCTATAACGAACTTCGAGAGGGGCTTC,1.1,50,1.0755081176757812
RV-UML-m035,AGGCACGCTAAGGTTATCTGCGTCTGTTTACCCTCTACGAACTTTTCAGC,1.05,50,1.0855046510696411
RV-UML-m038,AGCCGGAACACGGTATCTGTGCGTTCGTAATCAGTACTAACTCTATCCAG,1.19,50,1.1057367324829102
RV-UML-m063,AGTTGTTCGACGAGATCCTTTCTCTCGCGATTATATCGTTCCGCTTTGCA,1.16,50,1.06136155128479
RV-UML-m071,AGGAAACCTTCCTCCACAAATCGACACACCGAAACAAAATCGCGGACACG,1.11,50,1.0723720788955688
RV-UML-m086,AGGTTGTACAGAGACATACGGAGAGCGTGTCAACGTCATAGCCCGTAACC,1.04,50,1.0675208568572998
RV-UML-m090,AGCGAGACCTATCGAAGGGTTTATCCAGTTTCCTAGTGGTCAAGTCGCAA,1.1,50,1.0863465070724487
RV-UML-m095,AGAAGATCCCGTTGTTCATTTCTAGTGACGTGTTTGGCTTCTGCGGGGTA,1.11,50,1.07987642288208
RV-UML-m099,AGCAATTCCGCGAAATCACTTACCTTCTTACTTGGTCATTGCCAGAACCA,1.12,50,1.0719715356826782
RV-UML-m100,AGAGATTGTTGCATTGTCAGCACCACGCAATTGCAGCGCACCCGATCGCA,1.16,50,1.0831252336502075
RV-UML-m108,GGTGCTGGCGGCTGCAGCCGGAGTTCAAACCTAAGCAGCTGGAAGGAACC,0.79,50,1.0824791193008423
RV-UML-m114,nnnAGCGTTTTGCAGACGCCACCGCCGAGGAAAACCGTGTACTATTAGCC,0.91,47,1.090295433998108
RV-UML-m276,AGGCTGCAACGTATCGAGTCAAATATATCGGTTGCAGTAGTACCGTGGCC,1.16,50,1.0754612684249878
RV-UML-m281,AGGAAATTCAGGAAGAATTTTCCTCCTCTACAGAACTCGTCTGGTCCGTC,1.14,50,1.0779470205307007
RV-UML-m283,AGCCGCAGCAAGAGAGCGAGTGATTACAGAGCGATCTTTGTGCAAAAGCT,1.12,50,1.0804290771484375
RV-UML-m302,AGTTATTTGCGATAAACAGTAGGGAGACAATTGACCTGCACAGCGTGGCC,1.24,50,1.0779669284820557
RV-UML-m306,AGTTCCGACTGGATTTGCCGCATAAGAGGCTTAACTATACACCAGAGGTG,1.04,50,1.078264594078064
RV-UML-m308,AGGAAAGAATCTTATCACTGCCACACCGTTTCCGTGGTTACCTCCGCATC,1.0,50,1.0711148977279663
RV-UML-m312,AGTTGCTTACAGCCTCGCACCTTGTTGTACCCGCGTTTATCCCTCATCTG,0.76,50,1.0705288648605347
RV-UML-m325,AGGATCTATCGGAACGTTGTACATTGTATTCGCAGCACCTAGAAACCGTC,1.07,50,1.0873141288757324
RV-UML-m361,AGACCTATCCAGACCTTCTCGGCCTCACCATTGCCGTCGCACTCGTACTG,1.16,50,1.087173581123352
RV-UML-m005,AGTGGACTTGTTATCTCGCATTTGCGCAATCCACTATACTGCGTTGGGCC,1.12,50,1.0466468334197998
RV-UML-m006,AGGCCGAGTCATTATCATACTTGGTTCAATCTATTGAACGAAGTATTGCT,1.2,50,1.0562604665756226
RV-UML-m011,AGCAGAGGATAAATTTGGAGAGATTCCGTATTCTGCATCACCAAATTGTA,1.1,50,1.0604338645935059
RV-UML-m012,AGAGGTATACTGCACCTCAGAGTACAATCCACCTCTCGAGTATCGGGGCC,1.08,50,1.0519375801086426
RV-UML-m018,AGTGATATAGAGTTATAGCGAAATTCCCATATCAATCAAGCATCAGGGGC,1.1,50,1.0542963743209839
RV-UML-m031,AGGAACGTACCCTAATCAGCGTTACCACCCTTCATACACCGACGTTATTC,1.07,50,1.0540976524353027
RV-UML-m042,AGTCCCGTAGTTTGGCCGCACTTCACCGAAAGGGACATCGCCGAGACACG,0.95,50,1.043241024017334
RV-UML-m059,AGAAGCGTGATCTGATTGTGGGGATTTCAGTCGAGACATTCCTTTCCGCT,1.1,50,1.0574873685836792
RV-UML-m060,AGTGCCCTATACAGCTTTTGCATAGAATACGAGTGACGAACGCGCAACGG,1.09,50,1.032830834388733
RV-UML-m067,AGATACCTTTGACTACCGGTATTTGCTGGGCGCTATAAGTGCAGAGACCG,0.57,50,1.0553967952728271
RV-UML-m068,AGGAGTGTTCTGCACCCCATCTCTTTTCCGGTTTGAGATTTAGCCTGACT,1.14,50,1.0526701211929321
RV-UML-m080,AGAAGAAGTTTTCCCAGAGGATTACTTTCGTACATTACACGTCACGAGCT,1.03,50,1.0523715019226074
RV-UML-m087,AGCACATATCGGACTGATCTGCATCTTCACACATCTGCCGAGGCGAGGTG,1.1,50,1.0456511974334717
RV-UML-m088,AGAAGAAATTCAAGCTCCTACGTGCTGATATAAGTTGGGAAGCGATCCCA,1.1,50,1.0634324550628662
RV-UML-m096,AGGATTGTGTTTTCCCGGAATCGACCTTGCGATTTTGGTTCGTAACTACA,1.0,50,1.0466049909591675
RV-UML-m104,nnnnnnnnnnnnnnnnnAGCTCTCCGCCAGACCGCCGCCGCGCCGCCATC,1.01,33,1.0491455793380737
RV-UML-m277,AGTTTAGCACGAAAATATACAAGGCTCTCGTGTCTCCCTTCAACGCTCGG,1.04,50,1.0629196166992188
RV-UML-m289,AGCGATCCGTGATTTCTGCGTTCCAGTAGATTTCAGATAGGCCTTTCGAT,1.1,50,1.0558346509933472
RV-UML-m303,AGGAAAATCCGGAAACCGGAAATTAACCGAGTGTCTTCAGCTCACTGAGC,1.15,50,1.0570210218429565
RV-UML-m321,AGCTGACTGGTCAAACAACGCAACCAGCGATTCACGGTTTTCCTGTCGCA,1.02,50,1.0677279233932495
RV-UML-m363,AGTTGCAGTCGCTCATCAGGTCTGTCTCTGCTGGACACGATCATCCCGTC,1.05,50,1.050598382949829
RV-UML-m004,AGGGACCAAGAGTTCGATACCTCATCGAACTGCGAGTCATAAGCAGGGCC,1.2,50,1.051687479019165
RV-UML-m008,AGGGAATACAACCTTATTCTCCGATTGCAAAGCGTAGTGTAATTAGCGTA,1.11,50,1.0525201559066772
RV-UML-m013,AGGAGAGGATCCATATCAATCGAGTTCGTAGAATTCCCGTGAAAGATAAC,1.11,50,1.058141827583313
RV-UML-m016,AGTCGTTGTCCAAATTGTCATTCGTCTGTAGAGTTCTTCTTCTAGGGGCT,0.62,50,1.0563626289367676
RV-UML-m034,AGCGTTGTGCGGATTCCTGCGATACAAGCCGCCGCATATACAGCGCAGCT,0.63,50,1.0541892051696777
RV-UML-m041,AGGTCCTTCTGGGGCTTCCGTCGTATCTCCGCCAGGACGGACGAAAAAAA,1.02,50,1.0577092170715332
RV-UML-m052,AGAGTGGATCGCACCCAAACCTAGCCTCACACACCGGGTCTACCACCGGA,1.12,50,1.0518046617507935
RV-UML-m069,AGATTGGCGCAAACCAGTTTCCCGAACGTTTGTCCAGAGAGGCAATACGG,1.16,50,1.0530040264129639
RV-UML-m076,AGTGCCGCATTGTCTTCTTGTGTTCGCTTGCCGCCGACGAACAACTGGAA,1.17,50,1.059638261795044
RV-UML-m290,AGGTTGCACTTTACCCTCCCTTCCCGTGGGAACGCATTGCGAAAATCGCA,1.2,50,1.0549993515014648
RV-UML-m298,AGCTTGGACCCAACGTAAGAATCAGTCTTTGCGTTGCTAGGACAAAAGCT,0.93,50,1.0487195253372192
RV-UML-m301,AGTCCGAGAAGAGAAAACAGATTTTCAGCCCACATTGGACAGGGTGGGCA,1.05,50,1.0535087585449219
RV-UML-m304,AGTACATTCATCGCTCGCTACCCGTCTGTCGAGCACACATTCAGGACAAG,1.16,50,1.0538400411605835
RV-UML-m309,AGGCCACTGCTACTGTGCAAATCCGCAGGATCCTTCCCGTTACGGTCGAA,1.0,50,1.0582692623138428
RV-UML-m328,AGAGAGAAGCAACGAAGGATCTACAGAACGTTCCTCTCCACGTGATCACT,1.02,50,1.0574485063552856
RV-UML-m336,AGTCACTTGGCGGAATTCGTCGAAGGTGTATTGCGGTTCATCACAAAGCA,1.1,50,1.0619243383407593
RV-UML-m343,AGAGGATACTATATCGTTGCTGCCGATTGGAGTCGATTGCTCTTGCAGTT,1.01,50,1.0603060722351074
RV-UML-m351,AGGCGCCTCTACTACTACCCTCGAACGAGGCCGATACTGACGAGAACCCG,1.14,50,1.0526520013809204
RV-UML-m358,AGAAGGTTCCGCGACGCTCCCGCCTTCTATCCCCTTCTTTAAAGTCGCTG,1.16,50,1.053406834602356
RV-UML-m360,AGTGTATTTTGGTTAGCTCCAATCTGGATCTTGACACGCCATACCTTCGC,1.06,50,1.0550947189331055
RV-UML-m375,AGAGAGACCTGAAATCTCTCGTTTTACTTGGCTGTGTAGGAATTGGGGCT,1.04,50,1.0604227781295776
RV-UML-m001,AGGGCGAAGAAACGTTAACGAGTATTTCAATTATTAGAGAGTTCATTGCT,1.03,50,1.0243066549301147
RV-UML-m017,AGAGAAAGAGTTTCGAGAAAGTTGCGATACACACCGACCTAATCCGTGTC,1.26,50,1.0112124681472778
RV-UML-m039,AGTCGGACATAGAGAGGTCAGATACTTCTCTTGGGAGAATCACGTTCACA,0.57,50,1.034774661064148
RV-UML-m046,AGGAGAGACTGCGAGGTGTAGTCTCGATTAGCTCACTACTCGGACTGACC,0.96,50,1.0507360696792603
RV-UML-m050,AGTTTGGAACGAGGGGAAAATACTTGTTTCGAGCGATCGCGGGGGAAAGC,0.48,50,1.0003373622894287
RV-UML-m065,AGACGGATAAACCGTATATCATAGGTGTCCTCACACACAGACGGGACGAG,0.94,50,1.0142666101455688
RV-UML-m074,AGAAAAGGTCCTATCCTGCTCAACTGTTCAAACGAGAACTGACGGTGGCA,1.01,50,1.0372611284255981
RV-UML-m084,AGGAGAGTGACCACACCTTAAAAGTTTGCGGTAATTCGACAACCGATCCC,1.09,50,1.025139331817627
RV-UML-m109,CTGTAGCTCCACATTCCTGTGCATTGAGGGGTTAACATTAGGCTGGGAAG,1.09,50,1.0127865076065063
RV-UML-m110,GCCCAAGCGCCTTCTCCGCACCAGGGAAGCCCCACCCACCAGAAGCCAAG,1.0,50,0.9929143786430359
RV-UML-m279,AGTCGAGGGGCTTATTCTGCGTTTCTGCACGAGCGAATTCTGACGGATCA,1.16,50,1.002681016921997
RV-UML-m296,AGCAAACGGAGTTGTTTCGCATCAATCGCCTGTCAACGTCACTTGTCGGC,1.02,50,1.0221097469329834
RV-UML-m322,AGCCGGTAGATTGGCTAATTCGGAGAAAGGACCATCTCGAGTACGCGAAA,1.02,50,1.031845211982727
RV-UML-m332,AGCGCGACATATTATCAGAGCTTGTCAGATATCTCGTTGCGAGAGCCCAC,1.0,50,1.0116171836853027
RV-UML-m333,AGTACCTGGCCAGGACAAACAGTATCTTGCTGTATTCTCACCTCTCCACT,1.01,50,0.9952816963195801
RV-UML-m337,AGTTATACACAGATTGCCCGTCCTCTACACAGAGCTTTCTGTCATTCACG,1.06,50,1.0137215852737427
RV-UML-m339,AGTTGCCCTTTATTTACGCACAAGAGATCGTACCTGCCCCGATCGCTACT,1.07,50,1.0049724578857422
RV-UML-m349,AGACTGAGTAGCGTTGTCGATTGCTGTTTTCATAACCGTACCGAGCCTGC,1.24,50,1.0000605583190918
RV-UML-m359,AGAATAGCAGCAAACTAGAGCTTTGAACAAGAACGGTGGACCCCGTCACC,1.04,50,1.0259917974472046
RV-UML-m367,AGGAGCTCCGATTCGAACTAATCCGTCATACTTTACAACTGCGAGGGGCC,0.94,50,1.0168983936309814
RV-UML-m371,AGGAAATCCTACCGCAACGCAGAGCGTAGATAACTAGTCTCTTCGAAGTC,1.13,50,1.0002113580703735
RV-UML-m019,AGTGGATTTATATAGCGGAATTTCGAGACGTTTCGCAAACTACTGAGGCC,1.04,50,1.0895304679870605
RV-UML-m021,AGGTGTTTCTCGACAGACGAAAACTGCTCCTACACACCTTTAGTTTTGCT,1.0,50,1.0896267890930176
RV-UML-m027,AGGACCTTCATCCAAGTGACCTCAGGTGTATTGCGTAACAACGTTCGACC,1.12,50,1.0893336534500122
RV-UML-m048,AGATACGTCAACTGGGACTCGGATCCTTACAGAACCGAGTTATAATCTCA,1.15,50,1.0897871255874634
RV-UML-m051,AGGTCATCGGACAATACTTTAGTGGTGTTTTCAGCCCACTCTTCAAAGCA,1.15,50,1.0891770124435425
RV-UML-m078,AGGTGGTCTTCTTGTTGCTACAGGAACCCACGGACTTATTCGATAGCGAC,1.17,50,1.0888797044754028
RV-UML-m079,AGGTCCAGAAATCAACGAGATATCACTAGGAACTACTACCATCCGCGAGG,1.09,50,1.08953857421875
RV-UML-m089,AGAATTCTTCGCAAGAGCTGGCGTACAATCCCCAGCATCCAGCGCAAGAT,1.05,50,1.0888161659240723
RV-UML-m293,AGCTTGAATTCCGTTTTACCGAAAATCTTGGTCAAACGACGGCCGGCTTA,1.1,50,1.089457631111145
RV-UML-m294,AGCATCGTTTCTGCATTAAGAGAAAACTTTGTCTGCAAGGACAGCCGGGG,1.14,50,1.0896596908569336
RV-UML-m299,AGAGAGCCCAGAGAGGACGTTTTATACCCGATTGACAGATTCCTCCCACT,1.02,50,1.0890735387802124
RV-UML-m326,AGTGCCAAGGTATACGGGAAGAAAGTGTGTTCAACATACGCGTGGCGAGG,1.07,50,1.0892091989517212
RV-UML-m330,AGGACGAGTATACGACCTCAGTCTAGTCCAAGGGTACTTCGATAATTGCC,1.09,50,1.089990496635437
RV-UML-m334,AGTGGAGTACCTATTTAAGGGAGAGTGTTAGATCCCGACTAACGTTCGCT,1.11,50,1.0886216163635254
RV-UML-m338,AGTCCATACAAGAGGATCACCGATTCCCTAGGCAAGAGTACATTGTGGCC,1.05,50,1.0905141830444336
RV-UML-m342,AGGAAACATACAGATTCCGATTCAAGAGCTGCACGGACTACGTGTACGAT,1.06,50,1.088763952255249
RV-UML-m353,AGGGTCACTGCCCTTCGGCAGATCTCTATATCGGGCGCGGCTACGATTTG,1.07,50,1.090315580368042
RV-UML-m357,AGCTCTCGTTGGCAAACACCCTGTGAGAATCGACCCCGGTCTATCCGATC,1.04,50,1.0896004438400269
RV-UML-m365,AGATATCCTGAAGAGTTCGTTACTTTGTGGTATACACTGCTGCGAGGGCC,1.06,50,1.0905323028564453
RV-UML-m373,AGTTAGAACGTTATCTGGTTCGAAGAGTTGATAGACGCAGAATCAGGGCC,1.11,50,1.0902167558670044
RV-UML-m374,AGATTCGGAGGAAACGAGAATTCCAAAGCATCCTTACCTCTCGTAGGGCT,1.13,50,1.0886870622634888
RV-UML-m009,AGTTAGACGTTATTTGGAGAGAATTCATTAACAAATTCTCTTACGGGGCC,1.04,50,0.9383702278137207
RV-UML-m058,AGTATAAAGGTATATCAGGGAAACGTCTGTCGTGCTCACACGGAGAGCCC,1.09,50,0.9566580653190613
RV-UML-m061,AGACAGAAAATCCGGATTTGTTATTTTCCTCTGTGCTGCGTGTAGCAGCT,1.05,50,0.9299533367156982
RV-UML-m062,AGCGTTATCCTTTCGTTTTTCGGGAGATCCGAGCAGACCACCATCCGGCC,1.04,50,0.9501329660415649
RV-UML-m066,AGCGTGCTACGCATAGCGAATAAACAGCCACCATCGAAAACCCGTACGCT,1.07,50,0.9320521950721741
RV-UML-m072,AGTGATCTGACGAGCTTATTGTCAGGTAGAGTTCCATCAGCAACAGACCA,0.94,50,0.9401600360870361
RV-UML-m077,AGCGTACCGTAAAATACACTGTACATTACACACCAAAAAAGGGGCGCAAC,1.02,50,0.9443899393081665
RV-UML-m082,AGCGTTTCTATTTTCGCAGTTTCGGATCTGCCTTTTCGCGGATTTATATC,0.52,50,0.9407656788825989
RV-UML-m092,AGGTTTTGGGGACGCAAAGAGAAAACGCTTGAGTCACTCTTAGAGTCAAA,0.68,50,0.9438607692718506
RV-UML-m105,ACCATGGTGCTGTCTCCTGCCGACAAGACCAACGTCAAGGCCGCCTGGGG,1.03,50,0.9436084032058716
RV-UML-m106,nnnnnAGAGGCGCCTGAGAGGCTCTCTACCGGTGAGGGTTTGCGGGGAAG,0.65,45,0.9464665651321411
RV-UML-m112,CGGCGCGGGTGGCCGAGGCGTAGCGCTGCGACCCCCGCACCCCTGCGAAC,0.95,50,0.9385707378387451
RV-UML-m284,AGGTCCTCTTTCAGGAAGAGGTCGCATACAGTACAGCAGATCTGACGAAG,1.05,50,0.9532365202903748
RV-UML-m300,AGGAGAGGAGAAATCCTACGTCAATTGGATACTCAGTTACCGATTCGGCT,1.06,50,0.9396361112594604
RV-UML-m310,AGTCGAGCGCATCTTTCACAGAACTGTACGTGTCTACGAGACACTAGAAC,0.97,50,0.9336729645729065
RV-UML-m311,AGAGAGCCTACAAGTCTTTACTATCAGCTGATTCGATCACTCGTCCCGCC,1.11,50,0.9322187304496765
RV-UML-m344,AGAGTGTTTGGAATCGCCCTTTGCGGCCCATACTCTCTTCCGGTGATCTC,0.86,50,0.9457510113716125
RV-UML-m346,AGTTGACTGCATACGCCTTGATTAACTAAATCGAGCGCCTACCGGAGAGT,0.88,50,0.932921826839447
RV-UML-m364,AGGTTGGCGGAAGTGCTCCCGCGTCTACACTCTCAAGTCGTCACCGTAAG,1.05,50,0.9502426981925964
RV-UML-m366,AGGGAGAGAAGGAGTTTGGACGAGCTAATAAATCCCGTATCCTAGATACC,1.03,50,0.9401489496231079
RV-UML-m369,AGAGCGAGAGGAATCGCACATATCTCACACCCATACATTTACCAGTGGTC,1.03,50,0.9320196509361267
RV-UML-m007,AGGGATTTACCGAGAATCTAGTTACAGAACAACCTCTTCCTAAAAGGGCC,1.2,50,1.0500879287719727
RV-UML-m010,AGCGGATCTATCTACTTGGACGGATCAATTCAAACGATTACCTGAGGGCC,1.02,50,1.0952630043029785
RV-UML-m023,AGGGAAACCTTTCCATAATCCGAATCCTGTTCCGCTTACTTTATTCTGCT,1.07,50,1.1059662103652954
RV-UML-m024,AGGGTGCTCTAACACATACCGCCAAGTCACCTTTCTACGGTACGCCAACC,1.04,50,1.0253826379776
RV-UML-m028,AGACCGGGTTTCTCTGCATAATCTTTATACTGGCAGATAAAGCCATTGCC,1.16,50,1.0611424446105957
RV-UML-m073,AGCAAACGTAGGGGGATACTGCGCGTCCATAAAATCCTCTCAACGTTGCA,0.98,50,1.0562065839767456
RV-UML-m083,AGTCCTTTCGCGTCTACCTCTAATCTTAGTAGACTGTTCGGTTTAGAGCT,0.55,50,1.0499292612075806
RV-UML-m085,AGAGGAGTCGAGTTATACAGCCGCAACGCTATCCTCGACGAACACAGGAA,1.02,50,1.0755932331085205
RV-UML-m091,AGAACGCGAGTTCCTTCTTCACTGGTACCTCACACCCAATAGCAATTCCA,1.18,50,1.0322802066802979
RV-UML-m093,AGGATTGATCAAAGATCGTTTGCACTCGCATACACTCTTTGTGCGCCTTA,1.07,50,1.0700777769088745
RV-UML-m094,AGTTCGCTTTGTTATTCTTGCCAGTTTGTAGTTACCTAAAACCCATTCCC,0.49,50,1.0660741329193115
RV-UML-m115,CCAGAGTTTGAGCGGTGCTGAACTGTCAGCACCATCTGTCCGGTCCCAGC,0.91,50,1.0010623931884766
RV-UML-m291,AGTGGAGATTCGGGATCTGCAAATCACCGATAAAACATCCCTTCGGGAGG,1.19,50,1.0321120023727417
RV-UML-m297,AGGGGCGGAATCATACTGTTCGTAGGGGAGTACACCAGTATTCGAAAATA,1.07,50,1.0622550249099731
RV-UML-m314,AGGGAACAGTGGAGCACAATAGTTGTCACAAACGCGTGACCTGTACCTTA,1.31,50,1.0282655954360962
RV-UML-m315,AGGATCACAGAAAAGGATTCCCAAGCGAATAGCCTTCCCGCGAAGACACA,1.08,50,1.0192548036575317
RV-UML-m331,AGTTGTTCGAAGAAAACAGAGTCGTATACGGTACGAACCCCTTCCACTCG,0.96,50,1.0217372179031372
RV-UML-m347,AGAAACCGTCCTTTCGAATTACTCGGCTTTAGAGCCGGGGAACACATAAA,0.99,50,1.0155692100524902
RV-UML-m354,AGTGAGTCCCCGTCAACCGTATCGGGAGGGCGATCGACAATTCTCTACCA,1.17,50,1.0242568254470825
RV-UML-m370,AGACGATTTGGTCTGTACAAACGCGTACCGATATACACGAGGTAGGGGCC,1.09,50,1.0583926439285278
RV-UML-m372,AGATAATCCACACCTCGAGAGACGTTTGCGAGATTACTAACCAAGGGGCC,1.09,50,1.0362961292266846
