rvac_ID,utr_originial_varylength,Length,y_pred,label,Cell_Line,ORF Name,utr_50,utr_100
RV-UML-m002,AGGTCCGTTATATTATTTATCTTGCAGATCAAACTTCAGAGAGGAGGGCC,50,8.419791,1.33,C2C12,Luciferase,AGGTCCGTTATATTATTTATCTTGCAGATCAAACTTCAGAGAGGAGGGCC,<pad><pad><pad><pad><pad><pad><pad><pad><pad><pad><pad><pad><pad><pad><pad><pad><pad><pad><pad><pad><pad><pad><pad><pad><pad><pad><pad><pad><pad><pad><pad><pad><pad><pad><pad><pad><pad><pad><pad><pad><pad><pad><pad><pad><pad><pad><pad><pad><pad><pad>AGGTCCGTTATATTATTTATCTTGCAGATCAAACTTCAGAGAGGAGGGCC
RV-UML-m314,AGGGAACAGTGGAGCACAATAGTTGTCACAAACGCGTGACCTGTACCTTA,50,7.837474,1.31,C2C12,Luciferase,AGGGAACAGTGGAGCACAATAGTTGTCACAAACGCGTGACCTGTACCTTA,<pad><pad><pad><pad><pad><pad><pad><pad><pad><pad><pad><pad><pad><pad><pad><pad><pad><pad><pad><pad><pad><pad><pad><pad><pad><pad><pad><pad><pad><pad><pad><pad><pad><pad><pad><pad><pad><pad><pad><pad><pad><pad><pad><pad><pad><pad><pad><pad><pad><pad>AGGGAACAGTGGAGCACAATAGTTGTCACAAACGCGTGACCTGTACCTTA
RV-UML-m017,AGAGAAAGAGTTTCGAGAAAGTTGCGATACACACCGACCTAATCCGTGTC,50,8.4741335,1.26,C2C12,Luciferase,AGAGAAAGAGTTTCGAGAAAGTTGCGATACACACCGACCTAATCCGTGTC,<pad><pad><pad><pad><pad><pad><pad><pad><pad><pad><pad><pad><pad><pad><pad><pad><pad><pad><pad><pad><pad><pad><pad><pad><pad><pad><pad><pad><pad><pad><pad><pad><pad><pad><pad><pad><pad><pad><pad><pad><pad><pad><pad><pad><pad><pad><pad><pad><pad><pad>AGAGAAAGAGTTTCGAGAAAGTTGCGATACACACCGACCTAATCCGTGTC
RV-UML-m302,AGTTATTTGCGATAAACAGTAGGGAGACAATTGACCTGCACAGCGTGGCC,50,8.149822,1.24,C2C12,Luciferase,AGTTATTTGCGATAAACAGTAGGGAGACAATTGACCTGCACAGCGTGGCC,<pad><pad><pad><pad><pad><pad><pad><pad><pad><pad><pad><pad><pad><pad><pad><pad><pad><pad><pad><pad><pad><pad><pad><pad><pad><pad><pad><pad><pad><pad><pad><pad><pad><pad><pad><pad><pad><pad><pad><pad><pad><pad><pad><pad><pad><pad><pad><pad><pad><pad>AGTTATTTGCGATAAACAGTAGGGAGACAATTGACCTGCACAGCGTGGCC
RV-UML-m286,AGTGGAGAGCGCAATCCAGTTTCCTTAGCAAAGCATATCACCCTTCGGCT,50,8.215983,1.24,C2C12,Luciferase,AGTGGAGAGCGCAATCCAGTTTCCTTAGCAAAGCATATCACCCTTCGGCT,<pad><pad><pad><pad><pad><pad><pad><pad><pad><pad><pad><pad><pad><pad><pad><pad><pad><pad><pad><pad><pad><pad><pad><pad><pad><pad><pad><pad><pad><pad><pad><pad><pad><pad><pad><pad><pad><pad><pad><pad><pad><pad><pad><pad><pad><pad><pad><pad><pad><pad>AGTGGAGAGCGCAATCCAGTTTCCTTAGCAAAGCATATCACCCTTCGGCT
RV-UML-m349,AGACTGAGTAGCGTTGTCGATTGCTGTTTTCATAACCGTACCGAGCCTGC,50,7.7870603,1.24,C2C12,Luciferase,AGACTGAGTAGCGTTGTCGATTGCTGTTTTCATAACCGTACCGAGCCTGC,<pad><pad><pad><pad><pad><pad><pad><pad><pad><pad><pad><pad><pad><pad><pad><pad><pad><pad><pad><pad><pad><pad><pad><pad><pad><pad><pad><pad><pad><pad><pad><pad><pad><pad><pad><pad><pad><pad><pad><pad><pad><pad><pad><pad><pad><pad><pad><pad><pad><pad>AGACTGAGTAGCGTTGTCGATTGCTGTTTTCATAACCGTACCGAGCCTGC
RV-UML-m318,AGCCCTTACACGAATTCTCGAAAATCGTGCTTCAAGAAACGTACAACGGC,50,8.084414,1.23,C2C12,Luciferase,AGCCCTTACACGAATTCTCGAAAATCGTGCTTCAAGAAACGTACAACGGC,<pad><pad><pad><pad><pad><pad><pad><pad><pad><pad><pad><pad><pad><pad><pad><pad><pad><pad><pad><pad><pad><pad><pad><pad><pad><pad><pad><pad><pad><pad><pad><pad><pad><pad><pad><pad><pad><pad><pad><pad><pad><pad><pad><pad><pad><pad><pad><pad><pad><pad>AGCCCTTACACGAATTCTCGAAAATCGTGCTTCAAGAAACGTACAACGGC
RV-UML-m025,AGGCGAAGTCTTCGACTACCACTACCCTCGCCGTCGCGGTCTTTGCTGTC,50,7.5106726,1.21,C2C12,Luciferase,AGGCGAAGTCTTCGACTACCACTACCCTCGCCGTCGCGGTCTTTGCTGTC,<pad><pad><pad><pad><pad><pad><pad><pad><pad><pad><pad><pad><pad><pad><pad><pad><pad><pad><pad><pad><pad><pad><pad><pad><pad><pad><pad><pad><pad><pad><pad><pad><pad><pad><pad><pad><pad><pad><pad><pad><pad><pad><pad><pad><pad><pad><pad><pad><pad><pad>AGGCGAAGTCTTCGACTACCACTACCCTCGCCGTCGCGGTCTTTGCTGTC
RV-UML-m348,AGCCTTCGCACAATACTCGCGCGTCCTAAGCAAAATCGGAACAAGTACTG,50,7.8543386,1.21,C2C12,Luciferase,AGCCTTCGCACAATACTCGCGCGTCCTAAGCAAAATCGGAACAAGTACTG,<pad><pad><pad><pad><pad><pad><pad><pad><pad><pad><pad><pad><pad><pad><pad><pad><pad><pad><pad><pad><pad><pad><pad><pad><pad><pad><pad><pad><pad><pad><pad><pad><pad><pad><pad><pad><pad><pad><pad><pad><pad><pad><pad><pad><pad><pad><pad><pad><pad><pad>AGCCTTCGCACAATACTCGCGCGTCCTAAGCAAAATCGGAACAAGTACTG
RV-UML-m006,AGGCCGAGTCATTATCATACTTGGTTCAATCTATTGAACGAAGTATTGCT,50,8.399383,1.2,C2C12,Luciferase,AGGCCGAGTCATTATCATACTTGGTTCAATCTATTGAACGAAGTATTGCT,<pad><pad><pad><pad><pad><pad><pad><pad><pad><pad><pad><pad><pad><pad><pad><pad><pad><pad><pad><pad><pad><pad><pad><pad><pad><pad><pad><pad><pad><pad><pad><pad><pad><pad><pad><pad><pad><pad><pad><pad><pad><pad><pad><pad><pad><pad><pad><pad><pad><pad>AGGCCGAGTCATTATCATACTTGGTTCAATCTATTGAACGAAGTATTGCT
RV-UML-m004,AGGGACCAAGAGTTCGATACCTCATCGAACTGCGAGTCATAAGCAGGGCC,50,8.179081,1.2,C2C12,Luciferase,AGGGACCAAGAGTTCGATACCTCATCGAACTGCGAGTCATAAGCAGGGCC,<pad><pad><pad><pad><pad><pad><pad><pad><pad><pad><pad><pad><pad><pad><pad><pad><pad><pad><pad><pad><pad><pad><pad><pad><pad><pad><pad><pad><pad><pad><pad><pad><pad><pad><pad><pad><pad><pad><pad><pad><pad><pad><pad><pad><pad><pad><pad><pad><pad><pad>AGGGACCAAGAGTTCGATACCTCATCGAACTGCGAGTCATAAGCAGGGCC
RV-UML-m290,AGGTTGCACTTTACCCTCCCTTCCCGTGGGAACGCATTGCGAAAATCGCA,50,7.9533877,1.2,C2C12,Luciferase,AGGTTGCACTTTACCCTCCCTTCCCGTGGGAACGCATTGCGAAAATCGCA,<pad><pad><pad><pad><pad><pad><pad><pad><pad><pad><pad><pad><pad><pad><pad><pad><pad><pad><pad><pad><pad><pad><pad><pad><pad><pad><pad><pad><pad><pad><pad><pad><pad><pad><pad><pad><pad><pad><pad><pad><pad><pad><pad><pad><pad><pad><pad><pad><pad><pad>AGGTTGCACTTTACCCTCCCTTCCCGTGGGAACGCATTGCGAAAATCGCA
RV-UML-m007,AGGGATTTACCGAGAATCTAGTTACAGAACAACCTCTTCCTAAAAGGGCC,50,8.445252,1.2,C2C12,Luciferase,AGGGATTTACCGAGAATCTAGTTACAGAACAACCTCTTCCTAAAAGGGCC,<pad><pad><pad><pad><pad><pad><pad><pad><pad><pad><pad><pad><pad><pad><pad><pad><pad><pad><pad><pad><pad><pad><pad><pad><pad><pad><pad><pad><pad><pad><pad><pad><pad><pad><pad><pad><pad><pad><pad><pad><pad><pad><pad><pad><pad><pad><pad><pad><pad><pad>AGGGATTTACCGAGAATCTAGTTACAGAACAACCTCTTCCTAAAAGGGCC
RV-UML-m038,AGCCGGAACACGGTATCTGTGCGTTCGTAATCAGTACTAACTCTATCCAG,50,7.990851,1.19,C2C12,Luciferase,AGCCGGAACACGGTATCTGTGCGTTCGTAATCAGTACTAACTCTATCCAG,<pad><pad><pad><pad><pad><pad><pad><pad><pad><pad><pad><pad><pad><pad><pad><pad><pad><pad><pad><pad><pad><pad><pad><pad><pad><pad><pad><pad><pad><pad><pad><pad><pad><pad><pad><pad><pad><pad><pad><pad><pad><pad><pad><pad><pad><pad><pad><pad><pad><pad>AGCCGGAACACGGTATCTGTGCGTTCGTAATCAGTACTAACTCTATCCAG
RV-UML-m291,AGTGGAGATTCGGGATCTGCAAATCACCGATAAAACATCCCTTCGGGAGG,50,8.104761,1.19,C2C12,Luciferase,AGTGGAGATTCGGGATCTGCAAATCACCGATAAAACATCCCTTCGGGAGG,<pad><pad><pad><pad><pad><pad><pad><pad><pad><pad><pad><pad><pad><pad><pad><pad><pad><pad><pad><pad><pad><pad><pad><pad><pad><pad><pad><pad><pad><pad><pad><pad><pad><pad><pad><pad><pad><pad><pad><pad><pad><pad><pad><pad><pad><pad><pad><pad><pad><pad>AGTGGAGATTCGGGATCTGCAAATCACCGATAAAACATCCCTTCGGGAGG
RV-UML-m280,AGACGGTAGACAAGGAATCGAAAGACTGCTCCTCACTGCTTACGTTTACC,50,8.126152,1.18,C2C12,Luciferase,AGACGGTAGACAAGGAATCGAAAGACTGCTCCTCACTGCTTACGTTTACC,<pad><pad><pad><pad><pad><pad><pad><pad><pad><pad><pad><pad><pad><pad><pad><pad><pad><pad><pad><pad><pad><pad><pad><pad><pad><pad><pad><pad><pad><pad><pad><pad><pad><pad><pad><pad><pad><pad><pad><pad><pad><pad><pad><pad><pad><pad><pad><pad><pad><pad>AGACGGTAGACAAGGAATCGAAAGACTGCTCCTCACTGCTTACGTTTACC
RV-UML-m091,AGAACGCGAGTTCCTTCTTCACTGGTACCTCACACCCAATAGCAATTCCA,50,8.248914,1.18,C2C12,Luciferase,AGAACGCGAGTTCCTTCTTCACTGGTACCTCACACCCAATAGCAATTCCA,<pad><pad><pad><pad><pad><pad><pad><pad><pad><pad><pad><pad><pad><pad><pad><pad><pad><pad><pad><pad><pad><pad><pad><pad><pad><pad><pad><pad><pad><pad><pad><pad><pad><pad><pad><pad><pad><pad><pad><pad><pad><pad><pad><pad><pad><pad><pad><pad><pad><pad>AGAACGCGAGTTCCTTCTTCACTGGTACCTCACACCCAATAGCAATTCCA
RV-UML-m076,AGTGCCGCATTGTCTTCTTGTGTTCGCTTGCCGCCGACGAACAACTGGAA,50,8.048086,1.17,C2C12,Luciferase,AGTGCCGCATTGTCTTCTTGTGTTCGCTTGCCGCCGACGAACAACTGGAA,<pad><pad><pad><pad><pad><pad><pad><pad><pad><pad><pad><pad><pad><pad><pad><pad><pad><pad><pad><pad><pad><pad><pad><pad><pad><pad><pad><pad><pad><pad><pad><pad><pad><pad><pad><pad><pad><pad><pad><pad><pad><pad><pad><pad><pad><pad><pad><pad><pad><pad>AGTGCCGCATTGTCTTCTTGTGTTCGCTTGCCGCCGACGAACAACTGGAA
RV-UML-m354,AGTGAGTCCCCGTCAACCGTATCGGGAGGGCGATCGACAATTCTCTACCA,50,7.4154162,1.17,C2C12,Luciferase,AGTGAGTCCCCGTCAACCGTATCGGGAGGGCGATCGACAATTCTCTACCA,<pad><pad><pad><pad><pad><pad><pad><pad><pad><pad><pad><pad><pad><pad><pad><pad><pad><pad><pad><pad><pad><pad><pad><pad><pad><pad><pad><pad><pad><pad><pad><pad><pad><pad><pad><pad><pad><pad><pad><pad><pad><pad><pad><pad><pad><pad><pad><pad><pad><pad>AGTGAGTCCCCGTCAACCGTATCGGGAGGGCGATCGACAATTCTCTACCA
RV-UML-m078,AGGTGGTCTTCTTGTTGCTACAGGAACCCACGGACTTATTCGATAGCGAC,50,8.072656,1.17,C2C12,Luciferase,AGGTGGTCTTCTTGTTGCTACAGGAACCCACGGACTTATTCGATAGCGAC,<pad><pad><pad><pad><pad><pad><pad><pad><pad><pad><pad><pad><pad><pad><pad><pad><pad><pad><pad><pad><pad><pad><pad><pad><pad><pad><pad><pad><pad><pad><pad><pad><pad><pad><pad><pad><pad><pad><pad><pad><pad><pad><pad><pad><pad><pad><pad><pad><pad><pad>AGGTGGTCTTCTTGTTGCTACAGGAACCCACGGACTTATTCGATAGCGAC
RV-UML-m063,AGTTGTTCGACGAGATCCTTTCTCTCGCGATTATATCGTTCCGCTTTGCA,50,8.2673855,1.16,C2C12,Luciferase,AGTTGTTCGACGAGATCCTTTCTCTCGCGATTATATCGTTCCGCTTTGCA,<pad><pad><pad><pad><pad><pad><pad><pad><pad><pad><pad><pad><pad><pad><pad><pad><pad><pad><pad><pad><pad><pad><pad><pad><pad><pad><pad><pad><pad><pad><pad><pad><pad><pad><pad><pad><pad><pad><pad><pad><pad><pad><pad><pad><pad><pad><pad><pad><pad><pad>AGTTGTTCGACGAGATCCTTTCTCTCGCGATTATATCGTTCCGCTTTGCA
RV-UML-m358,AGAAGGTTCCGCGACGCTCCCGCCTTCTATCCCCTTCTTTAAAGTCGCTG,50,7.526611,1.16,C2C12,Luciferase,AGAAGGTTCCGCGACGCTCCCGCCTTCTATCCCCTTCTTTAAAGTCGCTG,<pad><pad><pad><pad><pad><pad><pad><pad><pad><pad><pad><pad><pad><pad><pad><pad><pad><pad><pad><pad><pad><pad><pad><pad><pad><pad><pad><pad><pad><pad><pad><pad><pad><pad><pad><pad><pad><pad><pad><pad><pad><pad><pad><pad><pad><pad><pad><pad><pad><pad>AGAAGGTTCCGCGACGCTCCCGCCTTCTATCCCCTTCTTTAAAGTCGCTG
RV-UML-m304,AGTACATTCATCGCTCGCTACCCGTCTGTCGAGCACACATTCAGGACAAG,50,7.8437843,1.16,C2C12,Luciferase,AGTACATTCATCGCTCGCTACCCGTCTGTCGAGCACACATTCAGGACAAG,<pad><pad><pad><pad><pad><pad><pad><pad><pad><pad><pad><pad><pad><pad><pad><pad><pad><pad><pad><pad><pad><pad><pad><pad><pad><pad><pad><pad><pad><pad><pad><pad><pad><pad><pad><pad><pad><pad><pad><pad><pad><pad><pad><pad><pad><pad><pad><pad><pad><pad>AGTACATTCATCGCTCGCTACCCGTCTGTCGAGCACACATTCAGGACAAG
RV-UML-m361,AGACCTATCCAGACCTTCTCGGCCTCACCATTGCCGTCGCACTCGTACTG,50,7.622689,1.16,C2C12,Luciferase,AGACCTATCCAGACCTTCTCGGCCTCACCATTGCCGTCGCACTCGTACTG,<pad><pad><pad><pad><pad><pad><pad><pad><pad><pad><pad><pad><pad><pad><pad><pad><pad><pad><pad><pad><pad><pad><pad><pad><pad><pad><pad><pad><pad><pad><pad><pad><pad><pad><pad><pad><pad><pad><pad><pad><pad><pad><pad><pad><pad><pad><pad><pad><pad><pad>AGACCTATCCAGACCTTCTCGGCCTCACCATTGCCGTCGCACTCGTACTG
RV-UML-m028,AGACCGGGTTTCTCTGCATAATCTTTATACTGGCAGATAAAGCCATTGCC,50,7.976418,1.16,C2C12,Luciferase,AGACCGGGTTTCTCTGCATAATCTTTATACTGGCAGATAAAGCCATTGCC,<pad><pad><pad><pad><pad><pad><pad><pad><pad><pad><pad><pad><pad><pad><pad><pad><pad><pad><pad><pad><pad><pad><pad><pad><pad><pad><pad><pad><pad><pad><pad><pad><pad><pad><pad><pad><pad><pad><pad><pad><pad><pad><pad><pad><pad><pad><pad><pad><pad><pad>AGACCGGGTTTCTCTGCATAATCTTTATACTGGCAGATAAAGCCATTGCC
RV-UML-m100,AGAGATTGTTGCATTGTCAGCACCACGCAATTGCAGCGCACCCGATCGCA,50,7.998518,1.16,C2C12,Luciferase,AGAGATTGTTGCATTGTCAGCACCACGCAATTGCAGCGCACCCGATCGCA,<pad><pad><pad><pad><pad><pad><pad><pad><pad><pad><pad><pad><pad><pad><pad><pad><pad><pad><pad><pad><pad><pad><pad><pad><pad><pad><pad><pad><pad><pad><pad><pad><pad><pad><pad><pad><pad><pad><pad><pad><pad><pad><pad><pad><pad><pad><pad><pad><pad><pad>AGAGATTGTTGCATTGTCAGCACCACGCAATTGCAGCGCACCCGATCGCA
RV-UML-m279,AGTCGAGGGGCTTATTCTGCGTTTCTGCACGAGCGAATTCTGACGGATCA,50,7.940648,1.16,C2C12,Luciferase,AGTCGAGGGGCTTATTCTGCGTTTCTGCACGAGCGAATTCTGACGGATCA,<pad><pad><pad><pad><pad><pad><pad><pad><pad><pad><pad><pad><pad><pad><pad><pad><pad><pad><pad><pad><pad><pad><pad><pad><pad><pad><pad><pad><pad><pad><pad><pad><pad><pad><pad><pad><pad><pad><pad><pad><pad><pad><pad><pad><pad><pad><pad><pad><pad><pad>AGTCGAGGGGCTTATTCTGCGTTTCTGCACGAGCGAATTCTGACGGATCA
RV-UML-m276,AGGCTGCAACGTATCGAGTCAAATATATCGGTTGCAGTAGTACCGTGGCC,50,7.9123435,1.16,C2C12,Luciferase,AGGCTGCAACGTATCGAGTCAAATATATCGGTTGCAGTAGTACCGTGGCC,<pad><pad><pad><pad><pad><pad><pad><pad><pad><pad><pad><pad><pad><pad><pad><pad><pad><pad><pad><pad><pad><pad><pad><pad><pad><pad><pad><pad><pad><pad><pad><pad><pad><pad><pad><pad><pad><pad><pad><pad><pad><pad><pad><pad><pad><pad><pad><pad><pad><pad>AGGCTGCAACGTATCGAGTCAAATATATCGGTTGCAGTAGTACCGTGGCC
RV-UML-m069,AGATTGGCGCAAACCAGTTTCCCGAACGTTTGTCCAGAGAGGCAATACGG,50,7.7708898,1.16,C2C12,Luciferase,AGATTGGCGCAAACCAGTTTCCCGAACGTTTGTCCAGAGAGGCAATACGG,<pad><pad><pad><pad><pad><pad><pad><pad><pad><pad><pad><pad><pad><pad><pad><pad><pad><pad><pad><pad><pad><pad><pad><pad><pad><pad><pad><pad><pad><pad><pad><pad><pad><pad><pad><pad><pad><pad><pad><pad><pad><pad><pad><pad><pad><pad><pad><pad><pad><pad>AGATTGGCGCAAACCAGTTTCCCGAACGTTTGTCCAGAGAGGCAATACGG
RV-UML-m026,AGTTGATCTTCGTCCGTGCATCACACCGGTCTTGTCCCCTGAACAGGGTA,50,7.037791,1.16,C2C12,Luciferase,AGTTGATCTTCGTCCGTGCATCACACCGGTCTTGTCCCCTGAACAGGGTA,<pad><pad><pad><pad><pad><pad><pad><pad><pad><pad><pad><pad><pad><pad><pad><pad><pad><pad><pad><pad><pad><pad><pad><pad><pad><pad><pad><pad><pad><pad><pad><pad><pad><pad><pad><pad><pad><pad><pad><pad><pad><pad><pad><pad><pad><pad><pad><pad><pad><pad>AGTTGATCTTCGTCCGTGCATCACACCGGTCTTGTCCCCTGAACAGGGTA
RV-UML-m051,AGGTCATCGGACAATACTTTAGTGGTGTTTTCAGCCCACTCTTCAAAGCA,50,8.114816,1.15,C2C12,Luciferase,AGGTCATCGGACAATACTTTAGTGGTGTTTTCAGCCCACTCTTCAAAGCA,<pad><pad><pad><pad><pad><pad><pad><pad><pad><pad><pad><pad><pad><pad><pad><pad><pad><pad><pad><pad><pad><pad><pad><pad><pad><pad><pad><pad><pad><pad><pad><pad><pad><pad><pad><pad><pad><pad><pad><pad><pad><pad><pad><pad><pad><pad><pad><pad><pad><pad>AGGTCATCGGACAATACTTTAGTGGTGTTTTCAGCCCACTCTTCAAAGCA
RV-UML-m303,AGGAAAATCCGGAAACCGGAAATTAACCGAGTGTCTTCAGCTCACTGAGC,50,8.200647,1.15,C2C12,Luciferase,AGGAAAATCCGGAAACCGGAAATTAACCGAGTGTCTTCAGCTCACTGAGC,<pad><pad><pad><pad><pad><pad><pad><pad><pad><pad><pad><pad><pad><pad><pad><pad><pad><pad><pad><pad><pad><pad><pad><pad><pad><pad><pad><pad><pad><pad><pad><pad><pad><pad><pad><pad><pad><pad><pad><pad><pad><pad><pad><pad><pad><pad><pad><pad><pad><pad>AGGAAAATCCGGAAACCGGAAATTAACCGAGTGTCTTCAGCTCACTGAGC
RV-UML-m048,AGATACGTCAACTGGGACTCGGATCCTTACAGAACCGAGTTATAATCTCA,50,8.136586,1.15,C2C12,Luciferase,AGATACGTCAACTGGGACTCGGATCCTTACAGAACCGAGTTATAATCTCA,<pad><pad><pad><pad><pad><pad><pad><pad><pad><pad><pad><pad><pad><pad><pad><pad><pad><pad><pad><pad><pad><pad><pad><pad><pad><pad><pad><pad><pad><pad><pad><pad><pad><pad><pad><pad><pad><pad><pad><pad><pad><pad><pad><pad><pad><pad><pad><pad><pad><pad>AGATACGTCAACTGGGACTCGGATCCTTACAGAACCGAGTTATAATCTCA
RV-UML-m313,AGCCAAACTTCGGCTATTCTGCGGTACCCTACCCAACGAGATCTCGAACA,50,7.996581,1.15,C2C12,Luciferase,AGCCAAACTTCGGCTATTCTGCGGTACCCTACCCAACGAGATCTCGAACA,<pad><pad><pad><pad><pad><pad><pad><pad><pad><pad><pad><pad><pad><pad><pad><pad><pad><pad><pad><pad><pad><pad><pad><pad><pad><pad><pad><pad><pad><pad><pad><pad><pad><pad><pad><pad><pad><pad><pad><pad><pad><pad><pad><pad><pad><pad><pad><pad><pad><pad>AGCCAAACTTCGGCTATTCTGCGGTACCCTACCCAACGAGATCTCGAACA
RV-UML-m281,AGGAAATTCAGGAAGAATTTTCCTCCTCTACAGAACTCGTCTGGTCCGTC,50,8.168616,1.14,C2C12,Luciferase,AGGAAATTCAGGAAGAATTTTCCTCCTCTACAGAACTCGTCTGGTCCGTC,<pad><pad><pad><pad><pad><pad><pad><pad><pad><pad><pad><pad><pad><pad><pad><pad><pad><pad><pad><pad><pad><pad><pad><pad><pad><pad><pad><pad><pad><pad><pad><pad><pad><pad><pad><pad><pad><pad><pad><pad><pad><pad><pad><pad><pad><pad><pad><pad><pad><pad>AGGAAATTCAGGAAGAATTTTCCTCCTCTACAGAACTCGTCTGGTCCGTC
RV-UML-m068,AGGAGTGTTCTGCACCCCATCTCTTTTCCGGTTTGAGATTTAGCCTGACT,50,8.192484,1.14,C2C12,Luciferase,AGGAGTGTTCTGCACCCCATCTCTTTTCCGGTTTGAGATTTAGCCTGACT,<pad><pad><pad><pad><pad><pad><pad><pad><pad><pad><pad><pad><pad><pad><pad><pad><pad><pad><pad><pad><pad><pad><pad><pad><pad><pad><pad><pad><pad><pad><pad><pad><pad><pad><pad><pad><pad><pad><pad><pad><pad><pad><pad><pad><pad><pad><pad><pad><pad><pad>AGGAGTGTTCTGCACCCCATCTCTTTTCCGGTTTGAGATTTAGCCTGACT
RV-UML-m305,AGCTGCCCAAATTCTCGTTATTTCTTCACCTTCCAGAACCTCCCGATCCA,50,8.079148,1.14,C2C12,Luciferase,AGCTGCCCAAATTCTCGTTATTTCTTCACCTTCCAGAACCTCCCGATCCA,<pad><pad><pad><pad><pad><pad><pad><pad><pad><pad><pad><pad><pad><pad><pad><pad><pad><pad><pad><pad><pad><pad><pad><pad><pad><pad><pad><pad><pad><pad><pad><pad><pad><pad><pad><pad><pad><pad><pad><pad><pad><pad><pad><pad><pad><pad><pad><pad><pad><pad>AGCTGCCCAAATTCTCGTTATTTCTTCACCTTCCAGAACCTCCCGATCCA
RV-UML-m319,AGAGAACCCAGTACCCAATTCCACGCGAACGTAGACGAGAAGGAGGTGCG,50,8.048683,1.14,C2C12,Luciferase,AGAGAACCCAGTACCCAATTCCACGCGAACGTAGACGAGAAGGAGGTGCG,<pad><pad><pad><pad><pad><pad><pad><pad><pad><pad><pad><pad><pad><pad><pad><pad><pad><pad><pad><pad><pad><pad><pad><pad><pad><pad><pad><pad><pad><pad><pad><pad><pad><pad><pad><pad><pad><pad><pad><pad><pad><pad><pad><pad><pad><pad><pad><pad><pad><pad>AGAGAACCCAGTACCCAATTCCACGCGAACGTAGACGAGAAGGAGGTGCG
RV-UML-m351,AGGCGCCTCTACTACTACCCTCGAACGAGGCCGATACTGACGAGAACCCG,50,7.4301248,1.14,C2C12,Luciferase,AGGCGCCTCTACTACTACCCTCGAACGAGGCCGATACTGACGAGAACCCG,<pad><pad><pad><pad><pad><pad><pad><pad><pad><pad><pad><pad><pad><pad><pad><pad><pad><pad><pad><pad><pad><pad><pad><pad><pad><pad><pad><pad><pad><pad><pad><pad><pad><pad><pad><pad><pad><pad><pad><pad><pad><pad><pad><pad><pad><pad><pad><pad><pad><pad>AGGCGCCTCTACTACTACCCTCGAACGAGGCCGATACTGACGAGAACCCG
RV-UML-m324,AGAGAATCTTGTGCTTATTGTGATCGAGCATTGCAGTGGCGTTGGCCATT,50,8.178204,1.14,C2C12,Luciferase,AGAGAATCTTGTGCTTATTGTGATCGAGCATTGCAGTGGCGTTGGCCATT,<pad><pad><pad><pad><pad><pad><pad><pad><pad><pad><pad><pad><pad><pad><pad><pad><pad><pad><pad><pad><pad><pad><pad><pad><pad><pad><pad><pad><pad><pad><pad><pad><pad><pad><pad><pad><pad><pad><pad><pad><pad><pad><pad><pad><pad><pad><pad><pad><pad><pad>AGAGAATCTTGTGCTTATTGTGATCGAGCATTGCAGTGGCGTTGGCCATT
RV-UML-m294,AGCATCGTTTCTGCATTAAGAGAAAACTTTGTCTGCAAGGACAGCCGGGG,50,7.874827,1.14,C2C12,Luciferase,AGCATCGTTTCTGCATTAAGAGAAAACTTTGTCTGCAAGGACAGCCGGGG,<pad><pad><pad><pad><pad><pad><pad><pad><pad><pad><pad><pad><pad><pad><pad><pad><pad><pad><pad><pad><pad><pad><pad><pad><pad><pad><pad><pad><pad><pad><pad><pad><pad><pad><pad><pad><pad><pad><pad><pad><pad><pad><pad><pad><pad><pad><pad><pad><pad><pad>AGCATCGTTTCTGCATTAAGAGAAAACTTTGTCTGCAAGGACAGCCGGGG
RV-UML-m374,AGATTCGGAGGAAACGAGAATTCCAAAGCATCCTTACCTCTCGTAGGGCT,50,8.388475,1.13,C2C12,Luciferase,AGATTCGGAGGAAACGAGAATTCCAAAGCATCCTTACCTCTCGTAGGGCT,<pad><pad><pad><pad><pad><pad><pad><pad><pad><pad><pad><pad><pad><pad><pad><pad><pad><pad><pad><pad><pad><pad><pad><pad><pad><pad><pad><pad><pad><pad><pad><pad><pad><pad><pad><pad><pad><pad><pad><pad><pad><pad><pad><pad><pad><pad><pad><pad><pad><pad>AGATTCGGAGGAAACGAGAATTCCAAAGCATCCTTACCTCTCGTAGGGCT
RV-UML-m015,AGATACACTCGAAACCTGTGTTAAGCATTACTTCTGCTGTAATCGGGGGC,50,8.212938,1.13,C2C12,Luciferase,AGATACACTCGAAACCTGTGTTAAGCATTACTTCTGCTGTAATCGGGGGC,<pad><pad><pad><pad><pad><pad><pad><pad><pad><pad><pad><pad><pad><pad><pad><pad><pad><pad><pad><pad><pad><pad><pad><pad><pad><pad><pad><pad><pad><pad><pad><pad><pad><pad><pad><pad><pad><pad><pad><pad><pad><pad><pad><pad><pad><pad><pad><pad><pad><pad>AGATACACTCGAAACCTGTGTTAAGCATTACTTCTGCTGTAATCGGGGGC
RV-UML-m014,AGGGTTTGAACATATTCGTTTACTTTCCAATCCCTAACTTAGTCCTTGCT,50,8.538143,1.13,C2C12,Luciferase,AGGGTTTGAACATATTCGTTTACTTTCCAATCCCTAACTTAGTCCTTGCT,<pad><pad><pad><pad><pad><pad><pad><pad><pad><pad><pad><pad><pad><pad><pad><pad><pad><pad><pad><pad><pad><pad><pad><pad><pad><pad><pad><pad><pad><pad><pad><pad><pad><pad><pad><pad><pad><pad><pad><pad><pad><pad><pad><pad><pad><pad><pad><pad><pad><pad>AGGGTTTGAACATATTCGTTTACTTTCCAATCCCTAACTTAGTCCTTGCT
RV-UML-m371,AGGAAATCCTACCGCAACGCAGAGCGTAGATAACTAGTCTCTTCGAAGTC,50,8.379838,1.13,C2C12,Luciferase,AGGAAATCCTACCGCAACGCAGAGCGTAGATAACTAGTCTCTTCGAAGTC,<pad><pad><pad><pad><pad><pad><pad><pad><pad><pad><pad><pad><pad><pad><pad><pad><pad><pad><pad><pad><pad><pad><pad><pad><pad><pad><pad><pad><pad><pad><pad><pad><pad><pad><pad><pad><pad><pad><pad><pad><pad><pad><pad><pad><pad><pad><pad><pad><pad><pad>AGGAAATCCTACCGCAACGCAGAGCGTAGATAACTAGTCTCTTCGAAGTC
RV-UML-m027,AGGACCTTCATCCAAGTGACCTCAGGTGTATTGCGTAACAACGTTCGACC,50,7.7173605,1.12,C2C12,Luciferase,AGGACCTTCATCCAAGTGACCTCAGGTGTATTGCGTAACAACGTTCGACC,<pad><pad><pad><pad><pad><pad><pad><pad><pad><pad><pad><pad><pad><pad><pad><pad><pad><pad><pad><pad><pad><pad><pad><pad><pad><pad><pad><pad><pad><pad><pad><pad><pad><pad><pad><pad><pad><pad><pad><pad><pad><pad><pad><pad><pad><pad><pad><pad><pad><pad>AGGACCTTCATCCAAGTGACCTCAGGTGTATTGCGTAACAACGTTCGACC
RV-UML-m099,AGCAATTCCGCGAAATCACTTACCTTCTTACTTGGTCATTGCCAGAACCA,50,8.11312,1.12,C2C12,Luciferase,AGCAATTCCGCGAAATCACTTACCTTCTTACTTGGTCATTGCCAGAACCA,<pad><pad><pad><pad><pad><pad><pad><pad><pad><pad><pad><pad><pad><pad><pad><pad><pad><pad><pad><pad><pad><pad><pad><pad><pad><pad><pad><pad><pad><pad><pad><pad><pad><pad><pad><pad><pad><pad><pad><pad><pad><pad><pad><pad><pad><pad><pad><pad><pad><pad>AGCAATTCCGCGAAATCACTTACCTTCTTACTTGGTCATTGCCAGAACCA
RV-UML-m033,AGGAGTCATTTCGTTCGACACCTTTTACGCCTCCACACCAGTAGTGGATC,50,7.971066,1.12,C2C12,Luciferase,AGGAGTCATTTCGTTCGACACCTTTTACGCCTCCACACCAGTAGTGGATC,<pad><pad><pad><pad><pad><pad><pad><pad><pad><pad><pad><pad><pad><pad><pad><pad><pad><pad><pad><pad><pad><pad><pad><pad><pad><pad><pad><pad><pad><pad><pad><pad><pad><pad><pad><pad><pad><pad><pad><pad><pad><pad><pad><pad><pad><pad><pad><pad><pad><pad>AGGAGTCATTTCGTTCGACACCTTTTACGCCTCCACACCAGTAGTGGATC
RV-UML-m283,AGCCGCAGCAAGAGAGCGAGTGATTACAGAGCGATCTTTGTGCAAAAGCT,50,8.189394,1.12,C2C12,Luciferase,AGCCGCAGCAAGAGAGCGAGTGATTACAGAGCGATCTTTGTGCAAAAGCT,<pad><pad><pad><pad><pad><pad><pad><pad><pad><pad><pad><pad><pad><pad><pad><pad><pad><pad><pad><pad><pad><pad><pad><pad><pad><pad><pad><pad><pad><pad><pad><pad><pad><pad><pad><pad><pad><pad><pad><pad><pad><pad><pad><pad><pad><pad><pad><pad><pad><pad>AGCCGCAGCAAGAGAGCGAGTGATTACAGAGCGATCTTTGTGCAAAAGCT
RV-UML-m288,AGCTTAAGTGTTTCCGCTATTCTTGTTGTCTGCTTTACTTGACGGGCGAC,50,8.315631,1.12,C2C12,Luciferase,AGCTTAAGTGTTTCCGCTATTCTTGTTGTCTGCTTTACTTGACGGGCGAC,<pad><pad><pad><pad><pad><pad><pad><pad><pad><pad><pad><pad><pad><pad><pad><pad><pad><pad><pad><pad><pad><pad><pad><pad><pad><pad><pad><pad><pad><pad><pad><pad><pad><pad><pad><pad><pad><pad><pad><pad><pad><pad><pad><pad><pad><pad><pad><pad><pad><pad>AGCTTAAGTGTTTCCGCTATTCTTGTTGTCTGCTTTACTTGACGGGCGAC
RV-UML-m047,AGCCAATTTCGACGGAATCGAGCGTTGGAGTTCACCTCCAATACGTCATC,50,7.864481,1.12,C2C12,Luciferase,AGCCAATTTCGACGGAATCGAGCGTTGGAGTTCACCTCCAATACGTCATC,<pad><pad><pad><pad><pad><pad><pad><pad><pad><pad><pad><pad><pad><pad><pad><pad><pad><pad><pad><pad><pad><pad><pad><pad><pad><pad><pad><pad><pad><pad><pad><pad><pad><pad><pad><pad><pad><pad><pad><pad><pad><pad><pad><pad><pad><pad><pad><pad><pad><pad>AGCCAATTTCGACGGAATCGAGCGTTGGAGTTCACCTCCAATACGTCATC
RV-UML-m005,AGTGGACTTGTTATCTCGCATTTGCGCAATCCACTATACTGCGTTGGGCC,50,8.346268,1.12,C2C12,Luciferase,AGTGGACTTGTTATCTCGCATTTGCGCAATCCACTATACTGCGTTGGGCC,<pad><pad><pad><pad><pad><pad><pad><pad><pad><pad><pad><pad><pad><pad><pad><pad><pad><pad><pad><pad><pad><pad><pad><pad><pad><pad><pad><pad><pad><pad><pad><pad><pad><pad><pad><pad><pad><pad><pad><pad><pad><pad><pad><pad><pad><pad><pad><pad><pad><pad>AGTGGACTTGTTATCTCGCATTTGCGCAATCCACTATACTGCGTTGGGCC
RV-UML-m052,AGAGTGGATCGCACCCAAACCTAGCCTCACACACCGGGTCTACCACCGGA,50,7.3922396,1.12,C2C12,Luciferase,AGAGTGGATCGCACCCAAACCTAGCCTCACACACCGGGTCTACCACCGGA,<pad><pad><pad><pad><pad><pad><pad><pad><pad><pad><pad><pad><pad><pad><pad><pad><pad><pad><pad><pad><pad><pad><pad><pad><pad><pad><pad><pad><pad><pad><pad><pad><pad><pad><pad><pad><pad><pad><pad><pad><pad><pad><pad><pad><pad><pad><pad><pad><pad><pad>AGAGTGGATCGCACCCAAACCTAGCCTCACACACCGGGTCTACCACCGGA
RV-UML-m071,AGGAAACCTTCCTCCACAAATCGACACACCGAAACAAAATCGCGGACACG,50,8.06482,1.11,C2C12,Luciferase,AGGAAACCTTCCTCCACAAATCGACACACCGAAACAAAATCGCGGACACG,<pad><pad><pad><pad><pad><pad><pad><pad><pad><pad><pad><pad><pad><pad><pad><pad><pad><pad><pad><pad><pad><pad><pad><pad><pad><pad><pad><pad><pad><pad><pad><pad><pad><pad><pad><pad><pad><pad><pad><pad><pad><pad><pad><pad><pad><pad><pad><pad><pad><pad>AGGAAACCTTCCTCCACAAATCGACACACCGAAACAAAATCGCGGACACG
RV-UML-m092,AGGTTTTGGGGACGCAAAGAGAAAACGCTTGAGTCACTCTTAGAGTCAAA,50,8.18814,0.68,C2C12,Luciferase,AGGTTTTGGGGACGCAAAGAGAAAACGCTTGAGTCACTCTTAGAGTCAAA,<pad><pad><pad><pad><pad><pad><pad><pad><pad><pad><pad><pad><pad><pad><pad><pad><pad><pad><pad><pad><pad><pad><pad><pad><pad><pad><pad><pad><pad><pad><pad><pad><pad><pad><pad><pad><pad><pad><pad><pad><pad><pad><pad><pad><pad><pad><pad><pad><pad><pad>AGGTTTTGGGGACGCAAAGAGAAAACGCTTGAGTCACTCTTAGAGTCAAA
RV-UML-m013,AGGAGAGGATCCATATCAATCGAGTTCGTAGAATTCCCGTGAAAGATAAC,50,8.568978,1.11,C2C12,Luciferase,AGGAGAGGATCCATATCAATCGAGTTCGTAGAATTCCCGTGAAAGATAAC,<pad><pad><pad><pad><pad><pad><pad><pad><pad><pad><pad><pad><pad><pad><pad><pad><pad><pad><pad><pad><pad><pad><pad><pad><pad><pad><pad><pad><pad><pad><pad><pad><pad><pad><pad><pad><pad><pad><pad><pad><pad><pad><pad><pad><pad><pad><pad><pad><pad><pad>AGGAGAGGATCCATATCAATCGAGTTCGTAGAATTCCCGTGAAAGATAAC
RV-UML-m037,AGGAGGTTCGCCTTGCGCGCATCGCGCCTCAGTCGCACGTGGCGAGACTC,50,7.162429,1.11,C2C12,Luciferase,AGGAGGTTCGCCTTGCGCGCATCGCGCCTCAGTCGCACGTGGCGAGACTC,<pad><pad><pad><pad><pad><pad><pad><pad><pad><pad><pad><pad><pad><pad><pad><pad><pad><pad><pad><pad><pad><pad><pad><pad><pad><pad><pad><pad><pad><pad><pad><pad><pad><pad><pad><pad><pad><pad><pad><pad><pad><pad><pad><pad><pad><pad><pad><pad><pad><pad>AGGAGGTTCGCCTTGCGCGCATCGCGCCTCAGTCGCACGTGGCGAGACTC
RV-UML-m008,AGGGAATACAACCTTATTCTCCGATTGCAAAGCGTAGTGTAATTAGCGTA,50,8.39494,1.11,C2C12,Luciferase,AGGGAATACAACCTTATTCTCCGATTGCAAAGCGTAGTGTAATTAGCGTA,<pad><pad><pad><pad><pad><pad><pad><pad><pad><pad><pad><pad><pad><pad><pad><pad><pad><pad><pad><pad><pad><pad><pad><pad><pad><pad><pad><pad><pad><pad><pad><pad><pad><pad><pad><pad><pad><pad><pad><pad><pad><pad><pad><pad><pad><pad><pad><pad><pad><pad>AGGGAATACAACCTTATTCTCCGATTGCAAAGCGTAGTGTAATTAGCGTA
RV-UML-m334,AGTGGAGTACCTATTTAAGGGAGAGTGTTAGATCCCGACTAACGTTCGCT,50,8.446008,1.11,C2C12,Luciferase,AGTGGAGTACCTATTTAAGGGAGAGTGTTAGATCCCGACTAACGTTCGCT,<pad><pad><pad><pad><pad><pad><pad><pad><pad><pad><pad><pad><pad><pad><pad><pad><pad><pad><pad><pad><pad><pad><pad><pad><pad><pad><pad><pad><pad><pad><pad><pad><pad><pad><pad><pad><pad><pad><pad><pad><pad><pad><pad><pad><pad><pad><pad><pad><pad><pad>AGTGGAGTACCTATTTAAGGGAGAGTGTTAGATCCCGACTAACGTTCGCT
RV-UML-m373,AGTTAGAACGTTATCTGGTTCGAAGAGTTGATAGACGCAGAATCAGGGCC,50,8.402516,1.11,C2C12,Luciferase,AGTTAGAACGTTATCTGGTTCGAAGAGTTGATAGACGCAGAATCAGGGCC,<pad><pad><pad><pad><pad><pad><pad><pad><pad><pad><pad><pad><pad><pad><pad><pad><pad><pad><pad><pad><pad><pad><pad><pad><pad><pad><pad><pad><pad><pad><pad><pad><pad><pad><pad><pad><pad><pad><pad><pad><pad><pad><pad><pad><pad><pad><pad><pad><pad><pad>AGTTAGAACGTTATCTGGTTCGAAGAGTTGATAGACGCAGAATCAGGGCC
RV-UML-m285,AGGGATTCAAACTACGCCTTCAATCTCTCGATTTACGTGTGAGGGGATCG,50,7.9203606,1.11,C2C12,Luciferase,AGGGATTCAAACTACGCCTTCAATCTCTCGATTTACGTGTGAGGGGATCG,<pad><pad><pad><pad><pad><pad><pad><pad><pad><pad><pad><pad><pad><pad><pad><pad><pad><pad><pad><pad><pad><pad><pad><pad><pad><pad><pad><pad><pad><pad><pad><pad><pad><pad><pad><pad><pad><pad><pad><pad><pad><pad><pad><pad><pad><pad><pad><pad><pad><pad>AGGGATTCAAACTACGCCTTCAATCTCTCGATTTACGTGTGAGGGGATCG
RV-UML-m311,AGAGAGCCTACAAGTCTTTACTATCAGCTGATTCGATCACTCGTCCCGCC,50,8.190188,1.11,C2C12,Luciferase,AGAGAGCCTACAAGTCTTTACTATCAGCTGATTCGATCACTCGTCCCGCC,<pad><pad><pad><pad><pad><pad><pad><pad><pad><pad><pad><pad><pad><pad><pad><pad><pad><pad><pad><pad><pad><pad><pad><pad><pad><pad><pad><pad><pad><pad><pad><pad><pad><pad><pad><pad><pad><pad><pad><pad><pad><pad><pad><pad><pad><pad><pad><pad><pad><pad>AGAGAGCCTACAAGTCTTTACTATCAGCTGATTCGATCACTCGTCCCGCC
RV-UML-m095,AGAAGATCCCGTTGTTCATTTCTAGTGACGTGTTTGGCTTCTGCGGGGTA,50,8.25801,1.11,C2C12,Luciferase,AGAAGATCCCGTTGTTCATTTCTAGTGACGTGTTTGGCTTCTGCGGGGTA,<pad><pad><pad><pad><pad><pad><pad><pad><pad><pad><pad><pad><pad><pad><pad><pad><pad><pad><pad><pad><pad><pad><pad><pad><pad><pad><pad><pad><pad><pad><pad><pad><pad><pad><pad><pad><pad><pad><pad><pad><pad><pad><pad><pad><pad><pad><pad><pad><pad><pad>AGAAGATCCCGTTGTTCATTTCTAGTGACGTGTTTGGCTTCTGCGGGGTA
RV-UML-m088,AGAAGAAATTCAAGCTCCTACGTGCTGATATAAGTTGGGAAGCGATCCCA,50,8.155128,1.1,C2C12,Luciferase,AGAAGAAATTCAAGCTCCTACGTGCTGATATAAGTTGGGAAGCGATCCCA,<pad><pad><pad><pad><pad><pad><pad><pad><pad><pad><pad><pad><pad><pad><pad><pad><pad><pad><pad><pad><pad><pad><pad><pad><pad><pad><pad><pad><pad><pad><pad><pad><pad><pad><pad><pad><pad><pad><pad><pad><pad><pad><pad><pad><pad><pad><pad><pad><pad><pad>AGAAGAAATTCAAGCTCCTACGTGCTGATATAAGTTGGGAAGCGATCCCA
RV-UML-m289,AGCGATCCGTGATTTCTGCGTTCCAGTAGATTTCAGATAGGCCTTTCGAT,50,8.153191,1.1,C2C12,Luciferase,AGCGATCCGTGATTTCTGCGTTCCAGTAGATTTCAGATAGGCCTTTCGAT,<pad><pad><pad><pad><pad><pad><pad><pad><pad><pad><pad><pad><pad><pad><pad><pad><pad><pad><pad><pad><pad><pad><pad><pad><pad><pad><pad><pad><pad><pad><pad><pad><pad><pad><pad><pad><pad><pad><pad><pad><pad><pad><pad><pad><pad><pad><pad><pad><pad><pad>AGCGATCCGTGATTTCTGCGTTCCAGTAGATTTCAGATAGGCCTTTCGAT
RV-UML-m011,AGCAGAGGATAAATTTGGAGAGATTCCGTATTCTGCATCACCAAATTGTA,50,8.441207,1.1,C2C12,Luciferase,AGCAGAGGATAAATTTGGAGAGATTCCGTATTCTGCATCACCAAATTGTA,<pad><pad><pad><pad><pad><pad><pad><pad><pad><pad><pad><pad><pad><pad><pad><pad><pad><pad><pad><pad><pad><pad><pad><pad><pad><pad><pad><pad><pad><pad><pad><pad><pad><pad><pad><pad><pad><pad><pad><pad><pad><pad><pad><pad><pad><pad><pad><pad><pad><pad>AGCAGAGGATAAATTTGGAGAGATTCCGTATTCTGCATCACCAAATTGTA
RV-UML-m090,AGCGAGACCTATCGAAGGGTTTATCCAGTTTCCTAGTGGTCAAGTCGCAA,50,8.106037,1.1,C2C12,Luciferase,AGCGAGACCTATCGAAGGGTTTATCCAGTTTCCTAGTGGTCAAGTCGCAA,<pad><pad><pad><pad><pad><pad><pad><pad><pad><pad><pad><pad><pad><pad><pad><pad><pad><pad><pad><pad><pad><pad><pad><pad><pad><pad><pad><pad><pad><pad><pad><pad><pad><pad><pad><pad><pad><pad><pad><pad><pad><pad><pad><pad><pad><pad><pad><pad><pad><pad>AGCGAGACCTATCGAAGGGTTTATCCAGTTTCCTAGTGGTCAAGTCGCAA
RV-UML-m317,AGCATAGTTAGAGCTTCTTCTCATCTGTTATCGCGATCGTACCTCCCGCT,50,8.228415,1.1,C2C12,Luciferase,AGCATAGTTAGAGCTTCTTCTCATCTGTTATCGCGATCGTACCTCCCGCT,<pad><pad><pad><pad><pad><pad><pad><pad><pad><pad><pad><pad><pad><pad><pad><pad><pad><pad><pad><pad><pad><pad><pad><pad><pad><pad><pad><pad><pad><pad><pad><pad><pad><pad><pad><pad><pad><pad><pad><pad><pad><pad><pad><pad><pad><pad><pad><pad><pad><pad>AGCATAGTTAGAGCTTCTTCTCATCTGTTATCGCGATCGTACCTCCCGCT
RV-UML-m336,AGTCACTTGGCGGAATTCGTCGAAGGTGTATTGCGGTTCATCACAAAGCA,50,8.04334,1.1,C2C12,Luciferase,AGTCACTTGGCGGAATTCGTCGAAGGTGTATTGCGGTTCATCACAAAGCA,<pad><pad><pad><pad><pad><pad><pad><pad><pad><pad><pad><pad><pad><pad><pad><pad><pad><pad><pad><pad><pad><pad><pad><pad><pad><pad><pad><pad><pad><pad><pad><pad><pad><pad><pad><pad><pad><pad><pad><pad><pad><pad><pad><pad><pad><pad><pad><pad><pad><pad>AGTCACTTGGCGGAATTCGTCGAAGGTGTATTGCGGTTCATCACAAAGCA
RV-UML-m087,AGCACATATCGGACTGATCTGCATCTTCACACATCTGCCGAGGCGAGGTG,50,7.884714,1.1,C2C12,Luciferase,AGCACATATCGGACTGATCTGCATCTTCACACATCTGCCGAGGCGAGGTG,<pad><pad><pad><pad><pad><pad><pad><pad><pad><pad><pad><pad><pad><pad><pad><pad><pad><pad><pad><pad><pad><pad><pad><pad><pad><pad><pad><pad><pad><pad><pad><pad><pad><pad><pad><pad><pad><pad><pad><pad><pad><pad><pad><pad><pad><pad><pad><pad><pad><pad>AGCACATATCGGACTGATCTGCATCTTCACACATCTGCCGAGGCGAGGTG
RV-UML-m101,AGACTCTTCTGGTCCCCACAGACTCAGAGAGAACCCACC,39,7.322713,1.1,C2C12,Luciferase,<pad><pad><pad><pad><pad><pad><pad><pad><pad><pad><pad>AGACTCTTCTGGTCCCCACAGACTCAGAGAGAACCCACC,<pad><pad><pad><pad><pad><pad><pad><pad><pad><pad><pad><pad><pad><pad><pad><pad><pad><pad><pad><pad><pad><pad><pad><pad><pad><pad><pad><pad><pad><pad><pad><pad><pad><pad><pad><pad><pad><pad><pad><pad><pad><pad><pad><pad><pad><pad><pad><pad><pad><pad><pad><pad><pad><pad><pad><pad><pad><pad><pad><pad><pad>AGACTCTTCTGGTCCCCACAGACTCAGAGAGAACCCACC
RV-UML-m030,AGAGGGTTTAAGCCGCAGCCCTGGAGATCACCCCACTTCCCCAGCGCATC,50,7.2014103,1.1,C2C12,Luciferase,AGAGGGTTTAAGCCGCAGCCCTGGAGATCACCCCACTTCCCCAGCGCATC,<pad><pad><pad><pad><pad><pad><pad><pad><pad><pad><pad><pad><pad><pad><pad><pad><pad><pad><pad><pad><pad><pad><pad><pad><pad><pad><pad><pad><pad><pad><pad><pad><pad><pad><pad><pad><pad><pad><pad><pad><pad><pad><pad><pad><pad><pad><pad><pad><pad><pad>AGAGGGTTTAAGCCGCAGCCCTGGAGATCACCCCACTTCCCCAGCGCATC
RV-UML-m293,AGCTTGAATTCCGTTTTACCGAAAATCTTGGTCAAACGACGGCCGGCTTA,50,7.9069867,1.1,C2C12,Luciferase,AGCTTGAATTCCGTTTTACCGAAAATCTTGGTCAAACGACGGCCGGCTTA,<pad><pad><pad><pad><pad><pad><pad><pad><pad><pad><pad><pad><pad><pad><pad><pad><pad><pad><pad><pad><pad><pad><pad><pad><pad><pad><pad><pad><pad><pad><pad><pad><pad><pad><pad><pad><pad><pad><pad><pad><pad><pad><pad><pad><pad><pad><pad><pad><pad><pad>AGCTTGAATTCCGTTTTACCGAAAATCTTGGTCAAACGACGGCCGGCTTA
RV-UML-m059,AGAAGCGTGATCTGATTGTGGGGATTTCAGTCGAGACATTCCTTTCCGCT,50,8.419099,1.1,C2C12,Luciferase,AGAAGCGTGATCTGATTGTGGGGATTTCAGTCGAGACATTCCTTTCCGCT,<pad><pad><pad><pad><pad><pad><pad><pad><pad><pad><pad><pad><pad><pad><pad><pad><pad><pad><pad><pad><pad><pad><pad><pad><pad><pad><pad><pad><pad><pad><pad><pad><pad><pad><pad><pad><pad><pad><pad><pad><pad><pad><pad><pad><pad><pad><pad><pad><pad><pad>AGAAGCGTGATCTGATTGTGGGGATTTCAGTCGAGACATTCCTTTCCGCT
RV-UML-m018,AGTGATATAGAGTTATAGCGAAATTCCCATATCAATCAAGCATCAGGGGC,50,8.425625,1.1,C2C12,Luciferase,AGTGATATAGAGTTATAGCGAAATTCCCATATCAATCAAGCATCAGGGGC,<pad><pad><pad><pad><pad><pad><pad><pad><pad><pad><pad><pad><pad><pad><pad><pad><pad><pad><pad><pad><pad><pad><pad><pad><pad><pad><pad><pad><pad><pad><pad><pad><pad><pad><pad><pad><pad><pad><pad><pad><pad><pad><pad><pad><pad><pad><pad><pad><pad><pad>AGTGATATAGAGTTATAGCGAAATTCCCATATCAATCAAGCATCAGGGGC
RV-UML-m032,AGGGAGGTTTCAGTTCAGTATCTCCTATAACGAACTTCGAGAGGGGCTTC,50,8.131628,1.1,C2C12,Luciferase,AGGGAGGTTTCAGTTCAGTATCTCCTATAACGAACTTCGAGAGGGGCTTC,<pad><pad><pad><pad><pad><pad><pad><pad><pad><pad><pad><pad><pad><pad><pad><pad><pad><pad><pad><pad><pad><pad><pad><pad><pad><pad><pad><pad><pad><pad><pad><pad><pad><pad><pad><pad><pad><pad><pad><pad><pad><pad><pad><pad><pad><pad><pad><pad><pad><pad>AGGGAGGTTTCAGTTCAGTATCTCCTATAACGAACTTCGAGAGGGGCTTC
RV-UML-m109,AGAAGATGAAGCCTGAACTGATTATAAAACCTTCCTTGGCTCAGTGCCCTTCACCACTGCTGGCTTTTTGCTGTAGCTCCACATTCCTGTGCATTGAGGGGTTAACATTAGGCTGGGAAG,120,7.8425536,1.09,C2C12,Luciferase,CTGTAGCTCCACATTCCTGTGCATTGAGGGGTTAACATTAGGCTGGGAAG,ATTATAAAACCTTCCTTGGCTCAGTGCCCTTCACCACTGCTGGCTTTTTGCTGTAGCTCCACATTCCTGTGCATTGAGGGGTTAACATTAGGCTGGGAAG
RV-UML-m330,AGGACGAGTATACGACCTCAGTCTAGTCCAAGGGTACTTCGATAATTGCC,50,7.9849963,1.09,C2C12,Luciferase,AGGACGAGTATACGACCTCAGTCTAGTCCAAGGGTACTTCGATAATTGCC,<pad><pad><pad><pad><pad><pad><pad><pad><pad><pad><pad><pad><pad><pad><pad><pad><pad><pad><pad><pad><pad><pad><pad><pad><pad><pad><pad><pad><pad><pad><pad><pad><pad><pad><pad><pad><pad><pad><pad><pad><pad><pad><pad><pad><pad><pad><pad><pad><pad><pad>AGGACGAGTATACGACCTCAGTCTAGTCCAAGGGTACTTCGATAATTGCC
RV-UML-m058,AGTATAAAGGTATATCAGGGAAACGTCTGTCGTGCTCACACGGAGAGCCC,50,7.7921705,1.09,C2C12,Luciferase,AGTATAAAGGTATATCAGGGAAACGTCTGTCGTGCTCACACGGAGAGCCC,<pad><pad><pad><pad><pad><pad><pad><pad><pad><pad><pad><pad><pad><pad><pad><pad><pad><pad><pad><pad><pad><pad><pad><pad><pad><pad><pad><pad><pad><pad><pad><pad><pad><pad><pad><pad><pad><pad><pad><pad><pad><pad><pad><pad><pad><pad><pad><pad><pad><pad>AGTATAAAGGTATATCAGGGAAACGTCTGTCGTGCTCACACGGAGAGCCC
RV-UML-m079,AGGTCCAGAAATCAACGAGATATCACTAGGAACTACTACCATCCGCGAGG,50,7.942359,1.09,C2C12,Luciferase,AGGTCCAGAAATCAACGAGATATCACTAGGAACTACTACCATCCGCGAGG,<pad><pad><pad><pad><pad><pad><pad><pad><pad><pad><pad><pad><pad><pad><pad><pad><pad><pad><pad><pad><pad><pad><pad><pad><pad><pad><pad><pad><pad><pad><pad><pad><pad><pad><pad><pad><pad><pad><pad><pad><pad><pad><pad><pad><pad><pad><pad><pad><pad><pad>AGGTCCAGAAATCAACGAGATATCACTAGGAACTACTACCATCCGCGAGG
RV-UML-m060,AGTGCCCTATACAGCTTTTGCATAGAATACGAGTGACGAACGCGCAACGG,50,7.695951,1.09,C2C12,Luciferase,AGTGCCCTATACAGCTTTTGCATAGAATACGAGTGACGAACGCGCAACGG,<pad><pad><pad><pad><pad><pad><pad><pad><pad><pad><pad><pad><pad><pad><pad><pad><pad><pad><pad><pad><pad><pad><pad><pad><pad><pad><pad><pad><pad><pad><pad><pad><pad><pad><pad><pad><pad><pad><pad><pad><pad><pad><pad><pad><pad><pad><pad><pad><pad><pad>AGTGCCCTATACAGCTTTTGCATAGAATACGAGTGACGAACGCGCAACGG
RV-UML-m370,AGACGATTTGGTCTGTACAAACGCGTACCGATATACACGAGGTAGGGGCC,50,8.261156,1.09,C2C12,Luciferase,AGACGATTTGGTCTGTACAAACGCGTACCGATATACACGAGGTAGGGGCC,<pad><pad><pad><pad><pad><pad><pad><pad><pad><pad><pad><pad><pad><pad><pad><pad><pad><pad><pad><pad><pad><pad><pad><pad><pad><pad><pad><pad><pad><pad><pad><pad><pad><pad><pad><pad><pad><pad><pad><pad><pad><pad><pad><pad><pad><pad><pad><pad><pad><pad>AGACGATTTGGTCTGTACAAACGCGTACCGATATACACGAGGTAGGGGCC
RV-UML-m327,AGCTTGGAAAACAGCGCTCACAGAATTCTTAGACACTGCACGTCCCGCCC,50,7.5897665,1.09,C2C12,Luciferase,AGCTTGGAAAACAGCGCTCACAGAATTCTTAGACACTGCACGTCCCGCCC,<pad><pad><pad><pad><pad><pad><pad><pad><pad><pad><pad><pad><pad><pad><pad><pad><pad><pad><pad><pad><pad><pad><pad><pad><pad><pad><pad><pad><pad><pad><pad><pad><pad><pad><pad><pad><pad><pad><pad><pad><pad><pad><pad><pad><pad><pad><pad><pad><pad><pad>AGCTTGGAAAACAGCGCTCACAGAATTCTTAGACACTGCACGTCCCGCCC
RV-UML-m362,AGAATACCGCAGGTTAAAGCTGTGGTGGAGCCGACAGTCATCACCGCCGG,50,6.9174438,1.09,C2C12,Luciferase,AGAATACCGCAGGTTAAAGCTGTGGTGGAGCCGACAGTCATCACCGCCGG,<pad><pad><pad><pad><pad><pad><pad><pad><pad><pad><pad><pad><pad><pad><pad><pad><pad><pad><pad><pad><pad><pad><pad><pad><pad><pad><pad><pad><pad><pad><pad><pad><pad><pad><pad><pad><pad><pad><pad><pad><pad><pad><pad><pad><pad><pad><pad><pad><pad><pad>AGAATACCGCAGGTTAAAGCTGTGGTGGAGCCGACAGTCATCACCGCCGG
RV-UML-m372,AGATAATCCACACCTCGAGAGACGTTTGCGAGATTACTAACCAAGGGGCC,50,8.227862,1.09,C2C12,Luciferase,AGATAATCCACACCTCGAGAGACGTTTGCGAGATTACTAACCAAGGGGCC,<pad><pad><pad><pad><pad><pad><pad><pad><pad><pad><pad><pad><pad><pad><pad><pad><pad><pad><pad><pad><pad><pad><pad><pad><pad><pad><pad><pad><pad><pad><pad><pad><pad><pad><pad><pad><pad><pad><pad><pad><pad><pad><pad><pad><pad><pad><pad><pad><pad><pad>AGATAATCCACACCTCGAGAGACGTTTGCGAGATTACTAACCAAGGGGCC
RV-UML-m084,AGGAGAGTGACCACACCTTAAAAGTTTGCGGTAATTCGACAACCGATCCC,50,8.34103,1.09,C2C12,Luciferase,AGGAGAGTGACCACACCTTAAAAGTTTGCGGTAATTCGACAACCGATCCC,<pad><pad><pad><pad><pad><pad><pad><pad><pad><pad><pad><pad><pad><pad><pad><pad><pad><pad><pad><pad><pad><pad><pad><pad><pad><pad><pad><pad><pad><pad><pad><pad><pad><pad><pad><pad><pad><pad><pad><pad><pad><pad><pad><pad><pad><pad><pad><pad><pad><pad>AGGAGAGTGACCACACCTTAAAAGTTTGCGGTAATTCGACAACCGATCCC
RV-UML-m012,AGAGGTATACTGCACCTCAGAGTACAATCCACCTCTCGAGTATCGGGGCC,50,8.127904,1.08,C2C12,Luciferase,AGAGGTATACTGCACCTCAGAGTACAATCCACCTCTCGAGTATCGGGGCC,<pad><pad><pad><pad><pad><pad><pad><pad><pad><pad><pad><pad><pad><pad><pad><pad><pad><pad><pad><pad><pad><pad><pad><pad><pad><pad><pad><pad><pad><pad><pad><pad><pad><pad><pad><pad><pad><pad><pad><pad><pad><pad><pad><pad><pad><pad><pad><pad><pad><pad>AGAGGTATACTGCACCTCAGAGTACAATCCACCTCTCGAGTATCGGGGCC
RV-UML-m315,AGGATCACAGAAAAGGATTCCCAAGCGAATAGCCTTCCCGCGAAGACACA,50,8.021848,1.08,C2C12,Luciferase,AGGATCACAGAAAAGGATTCCCAAGCGAATAGCCTTCCCGCGAAGACACA,<pad><pad><pad><pad><pad><pad><pad><pad><pad><pad><pad><pad><pad><pad><pad><pad><pad><pad><pad><pad><pad><pad><pad><pad><pad><pad><pad><pad><pad><pad><pad><pad><pad><pad><pad><pad><pad><pad><pad><pad><pad><pad><pad><pad><pad><pad><pad><pad><pad><pad>AGGATCACAGAAAAGGATTCCCAAGCGAATAGCCTTCCCGCGAAGACACA
RV-UML-m297,AGGGGCGGAATCATACTGTTCGTAGGGGAGTACACCAGTATTCGAAAATA,50,8.086807,1.07,C2C12,Luciferase,AGGGGCGGAATCATACTGTTCGTAGGGGAGTACACCAGTATTCGAAAATA,<pad><pad><pad><pad><pad><pad><pad><pad><pad><pad><pad><pad><pad><pad><pad><pad><pad><pad><pad><pad><pad><pad><pad><pad><pad><pad><pad><pad><pad><pad><pad><pad><pad><pad><pad><pad><pad><pad><pad><pad><pad><pad><pad><pad><pad><pad><pad><pad><pad><pad>AGGGGCGGAATCATACTGTTCGTAGGGGAGTACACCAGTATTCGAAAATA
RV-UML-m093,AGGATTGATCAAAGATCGTTTGCACTCGCATACACTCTTTGTGCGCCTTA,50,8.0908165,1.07,C2C12,Luciferase,AGGATTGATCAAAGATCGTTTGCACTCGCATACACTCTTTGTGCGCCTTA,<pad><pad><pad><pad><pad><pad><pad><pad><pad><pad><pad><pad><pad><pad><pad><pad><pad><pad><pad><pad><pad><pad><pad><pad><pad><pad><pad><pad><pad><pad><pad><pad><pad><pad><pad><pad><pad><pad><pad><pad><pad><pad><pad><pad><pad><pad><pad><pad><pad><pad>AGGATTGATCAAAGATCGTTTGCACTCGCATACACTCTTTGTGCGCCTTA
RV-UML-m326,AGTGCCAAGGTATACGGGAAGAAAGTGTGTTCAACATACGCGTGGCGAGG,50,7.934016,1.07,C2C12,Luciferase,AGTGCCAAGGTATACGGGAAGAAAGTGTGTTCAACATACGCGTGGCGAGG,<pad><pad><pad><pad><pad><pad><pad><pad><pad><pad><pad><pad><pad><pad><pad><pad><pad><pad><pad><pad><pad><pad><pad><pad><pad><pad><pad><pad><pad><pad><pad><pad><pad><pad><pad><pad><pad><pad><pad><pad><pad><pad><pad><pad><pad><pad><pad><pad><pad><pad>AGTGCCAAGGTATACGGGAAGAAAGTGTGTTCAACATACGCGTGGCGAGG
RV-UML-m339,AGTTGCCCTTTATTTACGCACAAGAGATCGTACCTGCCCCGATCGCTACT,50,7.974251,1.07,C2C12,Luciferase,AGTTGCCCTTTATTTACGCACAAGAGATCGTACCTGCCCCGATCGCTACT,<pad><pad><pad><pad><pad><pad><pad><pad><pad><pad><pad><pad><pad><pad><pad><pad><pad><pad><pad><pad><pad><pad><pad><pad><pad><pad><pad><pad><pad><pad><pad><pad><pad><pad><pad><pad><pad><pad><pad><pad><pad><pad><pad><pad><pad><pad><pad><pad><pad><pad>AGTTGCCCTTTATTTACGCACAAGAGATCGTACCTGCCCCGATCGCTACT
RV-UML-m066,AGCGTGCTACGCATAGCGAATAAACAGCCACCATCGAAAACCCGTACGCT,50,7.8539963,1.07,C2C12,Luciferase,AGCGTGCTACGCATAGCGAATAAACAGCCACCATCGAAAACCCGTACGCT,<pad><pad><pad><pad><pad><pad><pad><pad><pad><pad><pad><pad><pad><pad><pad><pad><pad><pad><pad><pad><pad><pad><pad><pad><pad><pad><pad><pad><pad><pad><pad><pad><pad><pad><pad><pad><pad><pad><pad><pad><pad><pad><pad><pad><pad><pad><pad><pad><pad><pad>AGCGTGCTACGCATAGCGAATAAACAGCCACCATCGAAAACCCGTACGCT
RV-UML-m325,AGGATCTATCGGAACGTTGTACATTGTATTCGCAGCACCTAGAAACCGTC,50,8.36951,1.07,C2C12,Luciferase,AGGATCTATCGGAACGTTGTACATTGTATTCGCAGCACCTAGAAACCGTC,<pad><pad><pad><pad><pad><pad><pad><pad><pad><pad><pad><pad><pad><pad><pad><pad><pad><pad><pad><pad><pad><pad><pad><pad><pad><pad><pad><pad><pad><pad><pad><pad><pad><pad><pad><pad><pad><pad><pad><pad><pad><pad><pad><pad><pad><pad><pad><pad><pad><pad>AGGATCTATCGGAACGTTGTACATTGTATTCGCAGCACCTAGAAACCGTC
RV-UML-m031,AGGAACGTACCCTAATCAGCGTTACCACCCTTCATACACCGACGTTATTC,50,7.9100494,1.07,C2C12,Luciferase,AGGAACGTACCCTAATCAGCGTTACCACCCTTCATACACCGACGTTATTC,<pad><pad><pad><pad><pad><pad><pad><pad><pad><pad><pad><pad><pad><pad><pad><pad><pad><pad><pad><pad><pad><pad><pad><pad><pad><pad><pad><pad><pad><pad><pad><pad><pad><pad><pad><pad><pad><pad><pad><pad><pad><pad><pad><pad><pad><pad><pad><pad><pad><pad>AGGAACGTACCCTAATCAGCGTTACCACCCTTCATACACCGACGTTATTC
RV-UML-m353,AGGGTCACTGCCCTTCGGCAGATCTCTATATCGGGCGCGGCTACGATTTG,50,7.048093,1.07,C2C12,Luciferase,AGGGTCACTGCCCTTCGGCAGATCTCTATATCGGGCGCGGCTACGATTTG,<pad><pad><pad><pad><pad><pad><pad><pad><pad><pad><pad><pad><pad><pad><pad><pad><pad><pad><pad><pad><pad><pad><pad><pad><pad><pad><pad><pad><pad><pad><pad><pad><pad><pad><pad><pad><pad><pad><pad><pad><pad><pad><pad><pad><pad><pad><pad><pad><pad><pad>AGGGTCACTGCCCTTCGGCAGATCTCTATATCGGGCGCGGCTACGATTTG
RV-UML-m023,AGGGAAACCTTTCCATAATCCGAATCCTGTTCCGCTTACTTTATTCTGCT,50,8.589139,1.07,C2C12,Luciferase,AGGGAAACCTTTCCATAATCCGAATCCTGTTCCGCTTACTTTATTCTGCT,<pad><pad><pad><pad><pad><pad><pad><pad><pad><pad><pad><pad><pad><pad><pad><pad><pad><pad><pad><pad><pad><pad><pad><pad><pad><pad><pad><pad><pad><pad><pad><pad><pad><pad><pad><pad><pad><pad><pad><pad><pad><pad><pad><pad><pad><pad><pad><pad><pad><pad>AGGGAAACCTTTCCATAATCCGAATCCTGTTCCGCTTACTTTATTCTGCT
RV-UML-m355,AGACTGGCAGACCAGGTTCCCGACCGTGGTCCCGTTTGGTACTCTTCCGC,50,6.657538,1.06,C2C12,Luciferase,AGACTGGCAGACCAGGTTCCCGACCGTGGTCCCGTTTGGTACTCTTCCGC,<pad><pad><pad><pad><pad><pad><pad><pad><pad><pad><pad><pad><pad><pad><pad><pad><pad><pad><pad><pad><pad><pad><pad><pad><pad><pad><pad><pad><pad><pad><pad><pad><pad><pad><pad><pad><pad><pad><pad><pad><pad><pad><pad><pad><pad><pad><pad><pad><pad><pad>AGACTGGCAGACCAGGTTCCCGACCGTGGTCCCGTTTGGTACTCTTCCGC
RV-UML-m335,AGGGGATTGGATCAGAGTATTGAGTACGACGACCTCCGACCATTGATCTC,50,8.049733,1.06,C2C12,Luciferase,AGGGGATTGGATCAGAGTATTGAGTACGACGACCTCCGACCATTGATCTC,<pad><pad><pad><pad><pad><pad><pad><pad><pad><pad><pad><pad><pad><pad><pad><pad><pad><pad><pad><pad><pad><pad><pad><pad><pad><pad><pad><pad><pad><pad><pad><pad><pad><pad><pad><pad><pad><pad><pad><pad><pad><pad><pad><pad><pad><pad><pad><pad><pad><pad>AGGGGATTGGATCAGAGTATTGAGTACGACGACCTCCGACCATTGATCTC
RV-UML-m365,AGATATCCTGAAGAGTTCGTTACTTTGTGGTATACACTGCTGCGAGGGCC,50,8.34915,1.06,C2C12,Luciferase,AGATATCCTGAAGAGTTCGTTACTTTGTGGTATACACTGCTGCGAGGGCC,<pad><pad><pad><pad><pad><pad><pad><pad><pad><pad><pad><pad><pad><pad><pad><pad><pad><pad><pad><pad><pad><pad><pad><pad><pad><pad><pad><pad><pad><pad><pad><pad><pad><pad><pad><pad><pad><pad><pad><pad><pad><pad><pad><pad><pad><pad><pad><pad><pad><pad>AGATATCCTGAAGAGTTCGTTACTTTGTGGTATACACTGCTGCGAGGGCC
RV-UML-m300,AGGAGAGGAGAAATCCTACGTCAATTGGATACTCAGTTACCGATTCGGCT,50,8.399811,1.06,C2C12,Luciferase,AGGAGAGGAGAAATCCTACGTCAATTGGATACTCAGTTACCGATTCGGCT,<pad><pad><pad><pad><pad><pad><pad><pad><pad><pad><pad><pad><pad><pad><pad><pad><pad><pad><pad><pad><pad><pad><pad><pad><pad><pad><pad><pad><pad><pad><pad><pad><pad><pad><pad><pad><pad><pad><pad><pad><pad><pad><pad><pad><pad><pad><pad><pad><pad><pad>AGGAGAGGAGAAATCCTACGTCAATTGGATACTCAGTTACCGATTCGGCT
RV-UML-m098,AGCAGCGTTTTTATTCTCTCTATATTATATCACAGACGTTCAACGTAAAA,50,8.440452,1.06,C2C12,Luciferase,AGCAGCGTTTTTATTCTCTCTATATTATATCACAGACGTTCAACGTAAAA,<pad><pad><pad><pad><pad><pad><pad><pad><pad><pad><pad><pad><pad><pad><pad><pad><pad><pad><pad><pad><pad><pad><pad><pad><pad><pad><pad><pad><pad><pad><pad><pad><pad><pad><pad><pad><pad><pad><pad><pad><pad><pad><pad><pad><pad><pad><pad><pad><pad><pad>AGCAGCGTTTTTATTCTCTCTATATTATATCACAGACGTTCAACGTAAAA
RV-UML-m360,AGTGTATTTTGGTTAGCTCCAATCTGGATCTTGACACGCCATACCTTCGC,50,7.554072,1.06,C2C12,Luciferase,AGTGTATTTTGGTTAGCTCCAATCTGGATCTTGACACGCCATACCTTCGC,<pad><pad><pad><pad><pad><pad><pad><pad><pad><pad><pad><pad><pad><pad><pad><pad><pad><pad><pad><pad><pad><pad><pad><pad><pad><pad><pad><pad><pad><pad><pad><pad><pad><pad><pad><pad><pad><pad><pad><pad><pad><pad><pad><pad><pad><pad><pad><pad><pad><pad>AGTGTATTTTGGTTAGCTCCAATCTGGATCTTGACACGCCATACCTTCGC
RV-UML-m356,AGGCCAGATTGGCGCCGAGTATCGACGCCTACACTCCTACCAAAGTCTCT,50,7.5984173,1.06,C2C12,Luciferase,AGGCCAGATTGGCGCCGAGTATCGACGCCTACACTCCTACCAAAGTCTCT,<pad><pad><pad><pad><pad><pad><pad><pad><pad><pad><pad><pad><pad><pad><pad><pad><pad><pad><pad><pad><pad><pad><pad><pad><pad><pad><pad><pad><pad><pad><pad><pad><pad><pad><pad><pad><pad><pad><pad><pad><pad><pad><pad><pad><pad><pad><pad><pad><pad><pad>AGGCCAGATTGGCGCCGAGTATCGACGCCTACACTCCTACCAAAGTCTCT
RV-UML-m342,AGGAAACATACAGATTCCGATTCAAGAGCTGCACGGACTACGTGTACGAT,50,8.22904,1.06,C2C12,Luciferase,AGGAAACATACAGATTCCGATTCAAGAGCTGCACGGACTACGTGTACGAT,<pad><pad><pad><pad><pad><pad><pad><pad><pad><pad><pad><pad><pad><pad><pad><pad><pad><pad><pad><pad><pad><pad><pad><pad><pad><pad><pad><pad><pad><pad><pad><pad><pad><pad><pad><pad><pad><pad><pad><pad><pad><pad><pad><pad><pad><pad><pad><pad><pad><pad>AGGAAACATACAGATTCCGATTCAAGAGCTGCACGGACTACGTGTACGAT
RV-UML-m337,AGTTATACACAGATTGCCCGTCCTCTACACAGAGCTTTCTGTCATTCACG,50,7.9727526,1.06,C2C12,Luciferase,AGTTATACACAGATTGCCCGTCCTCTACACAGAGCTTTCTGTCATTCACG,<pad><pad><pad><pad><pad><pad><pad><pad><pad><pad><pad><pad><pad><pad><pad><pad><pad><pad><pad><pad><pad><pad><pad><pad><pad><pad><pad><pad><pad><pad><pad><pad><pad><pad><pad><pad><pad><pad><pad><pad><pad><pad><pad><pad><pad><pad><pad><pad><pad><pad>AGTTATACACAGATTGCCCGTCCTCTACACAGAGCTTTCTGTCATTCACG
RV-UML-m049,AGTCCCACCTCGCGTGGACTCCGCGAATTCCGAAAGTCGACATTGTGGCC,50,7.7302337,1.06,C2C12,Luciferase,AGTCCCACCTCGCGTGGACTCCGCGAATTCCGAAAGTCGACATTGTGGCC,<pad><pad><pad><pad><pad><pad><pad><pad><pad><pad><pad><pad><pad><pad><pad><pad><pad><pad><pad><pad><pad><pad><pad><pad><pad><pad><pad><pad><pad><pad><pad><pad><pad><pad><pad><pad><pad><pad><pad><pad><pad><pad><pad><pad><pad><pad><pad><pad><pad><pad>AGTCCCACCTCGCGTGGACTCCGCGAATTCCGAAAGTCGACATTGTGGCC
RV-UML-m278,AGCGTTACTGCCTTCCTCTGGATATTATCCTTCTCTGCATCCGCTGTACA,50,8.196299,1.06,C2C12,Luciferase,AGCGTTACTGCCTTCCTCTGGATATTATCCTTCTCTGCATCCGCTGTACA,<pad><pad><pad><pad><pad><pad><pad><pad><pad><pad><pad><pad><pad><pad><pad><pad><pad><pad><pad><pad><pad><pad><pad><pad><pad><pad><pad><pad><pad><pad><pad><pad><pad><pad><pad><pad><pad><pad><pad><pad><pad><pad><pad><pad><pad><pad><pad><pad><pad><pad>AGCGTTACTGCCTTCCTCTGGATATTATCCTTCTCTGCATCCGCTGTACA
RV-UML-m089,AGAATTCTTCGCAAGAGCTGGCGTACAATCCCCAGCATCCAGCGCAAGAT,50,7.763036,1.05,C2C12,Luciferase,AGAATTCTTCGCAAGAGCTGGCGTACAATCCCCAGCATCCAGCGCAAGAT,<pad><pad><pad><pad><pad><pad><pad><pad><pad><pad><pad><pad><pad><pad><pad><pad><pad><pad><pad><pad><pad><pad><pad><pad><pad><pad><pad><pad><pad><pad><pad><pad><pad><pad><pad><pad><pad><pad><pad><pad><pad><pad><pad><pad><pad><pad><pad><pad><pad><pad>AGAATTCTTCGCAAGAGCTGGCGTACAATCCCCAGCATCCAGCGCAAGAT
RV-UML-m284,AGGTCCTCTTTCAGGAAGAGGTCGCATACAGTACAGCAGATCTGACGAAG,50,7.9967527,1.05,C2C12,Luciferase,AGGTCCTCTTTCAGGAAGAGGTCGCATACAGTACAGCAGATCTGACGAAG,<pad><pad><pad><pad><pad><pad><pad><pad><pad><pad><pad><pad><pad><pad><pad><pad><pad><pad><pad><pad><pad><pad><pad><pad><pad><pad><pad><pad><pad><pad><pad><pad><pad><pad><pad><pad><pad><pad><pad><pad><pad><pad><pad><pad><pad><pad><pad><pad><pad><pad>AGGTCCTCTTTCAGGAAGAGGTCGCATACAGTACAGCAGATCTGACGAAG
RV-UML-m338,AGTCCATACAAGAGGATCACCGATTCCCTAGGCAAGAGTACATTGTGGCC,50,8.1178255,1.05,C2C12,Luciferase,AGTCCATACAAGAGGATCACCGATTCCCTAGGCAAGAGTACATTGTGGCC,<pad><pad><pad><pad><pad><pad><pad><pad><pad><pad><pad><pad><pad><pad><pad><pad><pad><pad><pad><pad><pad><pad><pad><pad><pad><pad><pad><pad><pad><pad><pad><pad><pad><pad><pad><pad><pad><pad><pad><pad><pad><pad><pad><pad><pad><pad><pad><pad><pad><pad>AGTCCATACAAGAGGATCACCGATTCCCTAGGCAAGAGTACATTGTGGCC
RV-UML-m363,AGTTGCAGTCGCTCATCAGGTCTGTCTCTGCTGGACACGATCATCCCGTC,50,7.7109227,1.05,C2C12,Luciferase,AGTTGCAGTCGCTCATCAGGTCTGTCTCTGCTGGACACGATCATCCCGTC,<pad><pad><pad><pad><pad><pad><pad><pad><pad><pad><pad><pad><pad><pad><pad><pad><pad><pad><pad><pad><pad><pad><pad><pad><pad><pad><pad><pad><pad><pad><pad><pad><pad><pad><pad><pad><pad><pad><pad><pad><pad><pad><pad><pad><pad><pad><pad><pad><pad><pad>AGTTGCAGTCGCTCATCAGGTCTGTCTCTGCTGGACACGATCATCCCGTC
RV-UML-m364,AGGTTGGCGGAAGTGCTCCCGCGTCTACACTCTCAAGTCGTCACCGTAAG,50,7.404442,1.05,C2C12,Luciferase,AGGTTGGCGGAAGTGCTCCCGCGTCTACACTCTCAAGTCGTCACCGTAAG,<pad><pad><pad><pad><pad><pad><pad><pad><pad><pad><pad><pad><pad><pad><pad><pad><pad><pad><pad><pad><pad><pad><pad><pad><pad><pad><pad><pad><pad><pad><pad><pad><pad><pad><pad><pad><pad><pad><pad><pad><pad><pad><pad><pad><pad><pad><pad><pad><pad><pad>AGGTTGGCGGAAGTGCTCCCGCGTCTACACTCTCAAGTCGTCACCGTAAG
RV-UML-m301,AGTCCGAGAAGAGAAAACAGATTTTCAGCCCACATTGGACAGGGTGGGCA,50,7.799453,1.05,C2C12,Luciferase,AGTCCGAGAAGAGAAAACAGATTTTCAGCCCACATTGGACAGGGTGGGCA,<pad><pad><pad><pad><pad><pad><pad><pad><pad><pad><pad><pad><pad><pad><pad><pad><pad><pad><pad><pad><pad><pad><pad><pad><pad><pad><pad><pad><pad><pad><pad><pad><pad><pad><pad><pad><pad><pad><pad><pad><pad><pad><pad><pad><pad><pad><pad><pad><pad><pad>AGTCCGAGAAGAGAAAACAGATTTTCAGCCCACATTGGACAGGGTGGGCA
RV-UML-m111,AGGCCGCGGCGGGCGGCGGGCGCGGCGCGGCGCGGCGCCATCTTGCAGCCGGCGGCGCGGATTGA,65,5.5656857,1.05,C2C12,Luciferase,GCGGGCGCGGCGCGGCGCGGCGCCATCTTGCAGCCGGCGGCGCGGATTGA,<pad><pad><pad><pad><pad><pad><pad><pad><pad><pad><pad><pad><pad><pad><pad><pad><pad><pad><pad><pad><pad><pad><pad><pad><pad><pad><pad><pad><pad><pad><pad><pad><pad><pad><pad>AGGCCGCGGCGGGCGGCGGGCGCGGCGCGGCGCGGCGCCATCTTGCAGCCGGCGGCGCGGATTGA
RV-UML-m035,AGGCACGCTAAGGTTATCTGCGTCTGTTTACCCTCTACGAACTTTTCAGC,50,7.9774256,1.05,C2C12,Luciferase,AGGCACGCTAAGGTTATCTGCGTCTGTTTACCCTCTACGAACTTTTCAGC,<pad><pad><pad><pad><pad><pad><pad><pad><pad><pad><pad><pad><pad><pad><pad><pad><pad><pad><pad><pad><pad><pad><pad><pad><pad><pad><pad><pad><pad><pad><pad><pad><pad><pad><pad><pad><pad><pad><pad><pad><pad><pad><pad><pad><pad><pad><pad><pad><pad><pad>AGGCACGCTAAGGTTATCTGCGTCTGTTTACCCTCTACGAACTTTTCAGC
RV-UML-m292,AGATTGGTTTGGCTTTGTTTCCCACAGCGACTGCGGGATTCCGTTTCGCT,50,8.097927,1.05,C2C12,Luciferase,AGATTGGTTTGGCTTTGTTTCCCACAGCGACTGCGGGATTCCGTTTCGCT,<pad><pad><pad><pad><pad><pad><pad><pad><pad><pad><pad><pad><pad><pad><pad><pad><pad><pad><pad><pad><pad><pad><pad><pad><pad><pad><pad><pad><pad><pad><pad><pad><pad><pad><pad><pad><pad><pad><pad><pad><pad><pad><pad><pad><pad><pad><pad><pad><pad><pad>AGATTGGTTTGGCTTTGTTTCCCACAGCGACTGCGGGATTCCGTTTCGCT
RV-UML-m061,AGACAGAAAATCCGGATTTGTTATTTTCCTCTGTGCTGCGTGTAGCAGCT,50,8.421802,1.05,C2C12,Luciferase,AGACAGAAAATCCGGATTTGTTATTTTCCTCTGTGCTGCGTGTAGCAGCT,<pad><pad><pad><pad><pad><pad><pad><pad><pad><pad><pad><pad><pad><pad><pad><pad><pad><pad><pad><pad><pad><pad><pad><pad><pad><pad><pad><pad><pad><pad><pad><pad><pad><pad><pad><pad><pad><pad><pad><pad><pad><pad><pad><pad><pad><pad><pad><pad><pad><pad>AGACAGAAAATCCGGATTTGTTATTTTCCTCTGTGCTGCGTGTAGCAGCT
RV-UML-m375,AGAGAGACCTGAAATCTCTCGTTTTACTTGGCTGTGTAGGAATTGGGGCT,50,8.482921,1.04,C2C12,Luciferase,AGAGAGACCTGAAATCTCTCGTTTTACTTGGCTGTGTAGGAATTGGGGCT,<pad><pad><pad><pad><pad><pad><pad><pad><pad><pad><pad><pad><pad><pad><pad><pad><pad><pad><pad><pad><pad><pad><pad><pad><pad><pad><pad><pad><pad><pad><pad><pad><pad><pad><pad><pad><pad><pad><pad><pad><pad><pad><pad><pad><pad><pad><pad><pad><pad><pad>AGAGAGACCTGAAATCTCTCGTTTTACTTGGCTGTGTAGGAATTGGGGCT
RV-UML-m062,AGCGTTATCCTTTCGTTTTTCGGGAGATCCGAGCAGACCACCATCCGGCC,50,7.951649,1.04,C2C12,Luciferase,AGCGTTATCCTTTCGTTTTTCGGGAGATCCGAGCAGACCACCATCCGGCC,<pad><pad><pad><pad><pad><pad><pad><pad><pad><pad><pad><pad><pad><pad><pad><pad><pad><pad><pad><pad><pad><pad><pad><pad><pad><pad><pad><pad><pad><pad><pad><pad><pad><pad><pad><pad><pad><pad><pad><pad><pad><pad><pad><pad><pad><pad><pad><pad><pad><pad>AGCGTTATCCTTTCGTTTTTCGGGAGATCCGAGCAGACCACCATCCGGCC
RV-UML-m009,AGTTAGACGTTATTTGGAGAGAATTCATTAACAAATTCTCTTACGGGGCC,50,8.503826,1.04,C2C12,Luciferase,AGTTAGACGTTATTTGGAGAGAATTCATTAACAAATTCTCTTACGGGGCC,<pad><pad><pad><pad><pad><pad><pad><pad><pad><pad><pad><pad><pad><pad><pad><pad><pad><pad><pad><pad><pad><pad><pad><pad><pad><pad><pad><pad><pad><pad><pad><pad><pad><pad><pad><pad><pad><pad><pad><pad><pad><pad><pad><pad><pad><pad><pad><pad><pad><pad>AGTTAGACGTTATTTGGAGAGAATTCATTAACAAATTCTCTTACGGGGCC
RV-UML-m306,AGTTCCGACTGGATTTGCCGCATAAGAGGCTTAACTATACACCAGAGGTG,50,8.134335,1.04,C2C12,Luciferase,AGTTCCGACTGGATTTGCCGCATAAGAGGCTTAACTATACACCAGAGGTG,<pad><pad><pad><pad><pad><pad><pad><pad><pad><pad><pad><pad><pad><pad><pad><pad><pad><pad><pad><pad><pad><pad><pad><pad><pad><pad><pad><pad><pad><pad><pad><pad><pad><pad><pad><pad><pad><pad><pad><pad><pad><pad><pad><pad><pad><pad><pad><pad><pad><pad>AGTTCCGACTGGATTTGCCGCATAAGAGGCTTAACTATACACCAGAGGTG
RV-UML-m054,AGGACCCCACCCTTCGATTTTGTGGGAAACCATATCAGATATTCACTGCC,50,8.007791,1.04,C2C12,Luciferase,AGGACCCCACCCTTCGATTTTGTGGGAAACCATATCAGATATTCACTGCC,<pad><pad><pad><pad><pad><pad><pad><pad><pad><pad><pad><pad><pad><pad><pad><pad><pad><pad><pad><pad><pad><pad><pad><pad><pad><pad><pad><pad><pad><pad><pad><pad><pad><pad><pad><pad><pad><pad><pad><pad><pad><pad><pad><pad><pad><pad><pad><pad><pad><pad>AGGACCCCACCCTTCGATTTTGTGGGAAACCATATCAGATATTCACTGCC
RV-UML-m019,AGTGGATTTATATAGCGGAATTTCGAGACGTTTCGCAAACTACTGAGGCC,50,8.328889,1.04,C2C12,Luciferase,AGTGGATTTATATAGCGGAATTTCGAGACGTTTCGCAAACTACTGAGGCC,<pad><pad><pad><pad><pad><pad><pad><pad><pad><pad><pad><pad><pad><pad><pad><pad><pad><pad><pad><pad><pad><pad><pad><pad><pad><pad><pad><pad><pad><pad><pad><pad><pad><pad><pad><pad><pad><pad><pad><pad><pad><pad><pad><pad><pad><pad><pad><pad><pad><pad>AGTGGATTTATATAGCGGAATTTCGAGACGTTTCGCAAACTACTGAGGCC
RV-UML-m086,AGGTTGTACAGAGACATACGGAGAGCGTGTCAACGTCATAGCCCGTAACC,50,7.8563647,1.04,C2C12,Luciferase,AGGTTGTACAGAGACATACGGAGAGCGTGTCAACGTCATAGCCCGTAACC,<pad><pad><pad><pad><pad><pad><pad><pad><pad><pad><pad><pad><pad><pad><pad><pad><pad><pad><pad><pad><pad><pad><pad><pad><pad><pad><pad><pad><pad><pad><pad><pad><pad><pad><pad><pad><pad><pad><pad><pad><pad><pad><pad><pad><pad><pad><pad><pad><pad><pad>AGGTTGTACAGAGACATACGGAGAGCGTGTCAACGTCATAGCCCGTAACC
RV-UML-m287,AGAGAGAAGAATTCGTGTGGCAGCCTCTTGGAACGCACTTGAACCAGATC,50,8.22803,1.04,C2C12,Luciferase,AGAGAGAAGAATTCGTGTGGCAGCCTCTTGGAACGCACTTGAACCAGATC,<pad><pad><pad><pad><pad><pad><pad><pad><pad><pad><pad><pad><pad><pad><pad><pad><pad><pad><pad><pad><pad><pad><pad><pad><pad><pad><pad><pad><pad><pad><pad><pad><pad><pad><pad><pad><pad><pad><pad><pad><pad><pad><pad><pad><pad><pad><pad><pad><pad><pad>AGAGAGAAGAATTCGTGTGGCAGCCTCTTGGAACGCACTTGAACCAGATC
RV-UML-m024,AGGGTGCTCTAACACATACCGCCAAGTCACCTTTCTACGGTACGCCAACC,50,7.622906,1.04,C2C12,Luciferase,AGGGTGCTCTAACACATACCGCCAAGTCACCTTTCTACGGTACGCCAACC,<pad><pad><pad><pad><pad><pad><pad><pad><pad><pad><pad><pad><pad><pad><pad><pad><pad><pad><pad><pad><pad><pad><pad><pad><pad><pad><pad><pad><pad><pad><pad><pad><pad><pad><pad><pad><pad><pad><pad><pad><pad><pad><pad><pad><pad><pad><pad><pad><pad><pad>AGGGTGCTCTAACACATACCGCCAAGTCACCTTTCTACGGTACGCCAACC
RV-UML-m357,AGCTCTCGTTGGCAAACACCCTGTGAGAATCGACCCCGGTCTATCCGATC,50,7.6377873,1.04,C2C12,Luciferase,AGCTCTCGTTGGCAAACACCCTGTGAGAATCGACCCCGGTCTATCCGATC,<pad><pad><pad><pad><pad><pad><pad><pad><pad><pad><pad><pad><pad><pad><pad><pad><pad><pad><pad><pad><pad><pad><pad><pad><pad><pad><pad><pad><pad><pad><pad><pad><pad><pad><pad><pad><pad><pad><pad><pad><pad><pad><pad><pad><pad><pad><pad><pad><pad><pad>AGCTCTCGTTGGCAAACACCCTGTGAGAATCGACCCCGGTCTATCCGATC
RV-UML-m359,AGAATAGCAGCAAACTAGAGCTTTGAACAAGAACGGTGGACCCCGTCACC,50,7.760696,1.04,C2C12,Luciferase,AGAATAGCAGCAAACTAGAGCTTTGAACAAGAACGGTGGACCCCGTCACC,<pad><pad><pad><pad><pad><pad><pad><pad><pad><pad><pad><pad><pad><pad><pad><pad><pad><pad><pad><pad><pad><pad><pad><pad><pad><pad><pad><pad><pad><pad><pad><pad><pad><pad><pad><pad><pad><pad><pad><pad><pad><pad><pad><pad><pad><pad><pad><pad><pad><pad>AGAATAGCAGCAAACTAGAGCTTTGAACAAGAACGGTGGACCCCGTCACC
RV-UML-m277,AGTTTAGCACGAAAATATACAAGGCTCTCGTGTCTCCCTTCAACGCTCGG,50,7.5705376,1.04,C2C12,Luciferase,AGTTTAGCACGAAAATATACAAGGCTCTCGTGTCTCCCTTCAACGCTCGG,<pad><pad><pad><pad><pad><pad><pad><pad><pad><pad><pad><pad><pad><pad><pad><pad><pad><pad><pad><pad><pad><pad><pad><pad><pad><pad><pad><pad><pad><pad><pad><pad><pad><pad><pad><pad><pad><pad><pad><pad><pad><pad><pad><pad><pad><pad><pad><pad><pad><pad>AGTTTAGCACGAAAATATACAAGGCTCTCGTGTCTCCCTTCAACGCTCGG
RV-UML-m081,AGCAATCGTTAGTTCGCAAAAGCACCTAGCTCCGGACATTTCCTCCCACT,50,7.911276,1.03,C2C12,Luciferase,AGCAATCGTTAGTTCGCAAAAGCACCTAGCTCCGGACATTTCCTCCCACT,<pad><pad><pad><pad><pad><pad><pad><pad><pad><pad><pad><pad><pad><pad><pad><pad><pad><pad><pad><pad><pad><pad><pad><pad><pad><pad><pad><pad><pad><pad><pad><pad><pad><pad><pad><pad><pad><pad><pad><pad><pad><pad><pad><pad><pad><pad><pad><pad><pad><pad>AGCAATCGTTAGTTCGCAAAAGCACCTAGCTCCGGACATTTCCTCCCACT
RV-UML-m064,AGTACAGGAAGACAGGAGTGTCTTGCGTTTGCAGTACCCACCACAACGAC,50,7.8567452,1.03,C2C12,Luciferase,AGTACAGGAAGACAGGAGTGTCTTGCGTTTGCAGTACCCACCACAACGAC,<pad><pad><pad><pad><pad><pad><pad><pad><pad><pad><pad><pad><pad><pad><pad><pad><pad><pad><pad><pad><pad><pad><pad><pad><pad><pad><pad><pad><pad><pad><pad><pad><pad><pad><pad><pad><pad><pad><pad><pad><pad><pad><pad><pad><pad><pad><pad><pad><pad><pad>AGTACAGGAAGACAGGAGTGTCTTGCGTTTGCAGTACCCACCACAACGAC
RV-UML-m075,AGGATTGGGCCTCCTCAATCCATAACTTACTCGAACGTCTAGCAACGGAG,50,7.829456,1.03,C2C12,Luciferase,AGGATTGGGCCTCCTCAATCCATAACTTACTCGAACGTCTAGCAACGGAG,<pad><pad><pad><pad><pad><pad><pad><pad><pad><pad><pad><pad><pad><pad><pad><pad><pad><pad><pad><pad><pad><pad><pad><pad><pad><pad><pad><pad><pad><pad><pad><pad><pad><pad><pad><pad><pad><pad><pad><pad><pad><pad><pad><pad><pad><pad><pad><pad><pad><pad>AGGATTGGGCCTCCTCAATCCATAACTTACTCGAACGTCTAGCAACGGAG
RV-UML-m105,AGCACAGACTCAGAGAGAACCCACCATGGTGCTGTCTCCTGCCGACAAGACCAACGTCAAGGCCGCCTGGGG,72,2.1830583,1.03,C2C12,Luciferase,ACCATGGTGCTGTCTCCTGCCGACAAGACCAACGTCAAGGCCGCCTGGGG,<pad><pad><pad><pad><pad><pad><pad><pad><pad><pad><pad><pad><pad><pad><pad><pad><pad><pad><pad><pad><pad><pad><pad><pad><pad><pad><pad><pad>AGCACAGACTCAGAGAGAACCCACCATGGTGCTGTCTCCTGCCGACAAGACCAACGTCAAGGCCGCCTGGGG
RV-UML-m001,AGGGCGAAGAAACGTTAACGAGTATTTCAATTATTAGAGAGTTCATTGCT,50,8.492581,1.03,C2C12,Luciferase,AGGGCGAAGAAACGTTAACGAGTATTTCAATTATTAGAGAGTTCATTGCT,<pad><pad><pad><pad><pad><pad><pad><pad><pad><pad><pad><pad><pad><pad><pad><pad><pad><pad><pad><pad><pad><pad><pad><pad><pad><pad><pad><pad><pad><pad><pad><pad><pad><pad><pad><pad><pad><pad><pad><pad><pad><pad><pad><pad><pad><pad><pad><pad><pad><pad>AGGGCGAAGAAACGTTAACGAGTATTTCAATTATTAGAGAGTTCATTGCT
RV-UML-m323,AGGTTACTTCTCGTCCCAACAGAATTGAACCGAAGATCTATTCAGGGAGG,50,8.169346,1.03,C2C12,Luciferase,AGGTTACTTCTCGTCCCAACAGAATTGAACCGAAGATCTATTCAGGGAGG,<pad><pad><pad><pad><pad><pad><pad><pad><pad><pad><pad><pad><pad><pad><pad><pad><pad><pad><pad><pad><pad><pad><pad><pad><pad><pad><pad><pad><pad><pad><pad><pad><pad><pad><pad><pad><pad><pad><pad><pad><pad><pad><pad><pad><pad><pad><pad><pad><pad><pad>AGGTTACTTCTCGTCCCAACAGAATTGAACCGAAGATCTATTCAGGGAGG
RV-UML-m366,AGGGAGAGAAGGAGTTTGGACGAGCTAATAAATCCCGTATCCTAGATACC,50,8.427084,1.03,C2C12,Luciferase,AGGGAGAGAAGGAGTTTGGACGAGCTAATAAATCCCGTATCCTAGATACC,<pad><pad><pad><pad><pad><pad><pad><pad><pad><pad><pad><pad><pad><pad><pad><pad><pad><pad><pad><pad><pad><pad><pad><pad><pad><pad><pad><pad><pad><pad><pad><pad><pad><pad><pad><pad><pad><pad><pad><pad><pad><pad><pad><pad><pad><pad><pad><pad><pad><pad>AGGGAGAGAAGGAGTTTGGACGAGCTAATAAATCCCGTATCCTAGATACC
RV-UML-m080,AGAAGAAGTTTTCCCAGAGGATTACTTTCGTACATTACACGTCACGAGCT,50,8.352336,1.03,C2C12,Luciferase,AGAAGAAGTTTTCCCAGAGGATTACTTTCGTACATTACACGTCACGAGCT,<pad><pad><pad><pad><pad><pad><pad><pad><pad><pad><pad><pad><pad><pad><pad><pad><pad><pad><pad><pad><pad><pad><pad><pad><pad><pad><pad><pad><pad><pad><pad><pad><pad><pad><pad><pad><pad><pad><pad><pad><pad><pad><pad><pad><pad><pad><pad><pad><pad><pad>AGAAGAAGTTTTCCCAGAGGATTACTTTCGTACATTACACGTCACGAGCT
RV-UML-m369,AGAGCGAGAGGAATCGCACATATCTCACACCCATACATTTACCAGTGGTC,50,8.339672,1.03,C2C12,Luciferase,AGAGCGAGAGGAATCGCACATATCTCACACCCATACATTTACCAGTGGTC,<pad><pad><pad><pad><pad><pad><pad><pad><pad><pad><pad><pad><pad><pad><pad><pad><pad><pad><pad><pad><pad><pad><pad><pad><pad><pad><pad><pad><pad><pad><pad><pad><pad><pad><pad><pad><pad><pad><pad><pad><pad><pad><pad><pad><pad><pad><pad><pad><pad><pad>AGAGCGAGAGGAATCGCACATATCTCACACCCATACATTTACCAGTGGTC
RV-UML-m322,AGCCGGTAGATTGGCTAATTCGGAGAAAGGACCATCTCGAGTACGCGAAA,50,7.940168,1.02,C2C12,Luciferase,AGCCGGTAGATTGGCTAATTCGGAGAAAGGACCATCTCGAGTACGCGAAA,<pad><pad><pad><pad><pad><pad><pad><pad><pad><pad><pad><pad><pad><pad><pad><pad><pad><pad><pad><pad><pad><pad><pad><pad><pad><pad><pad><pad><pad><pad><pad><pad><pad><pad><pad><pad><pad><pad><pad><pad><pad><pad><pad><pad><pad><pad><pad><pad><pad><pad>AGCCGGTAGATTGGCTAATTCGGAGAAAGGACCATCTCGAGTACGCGAAA
RV-UML-m296,AGCAAACGGAGTTGTTTCGCATCAATCGCCTGTCAACGTCACTTGTCGGC,50,8.163615,1.02,C2C12,Luciferase,AGCAAACGGAGTTGTTTCGCATCAATCGCCTGTCAACGTCACTTGTCGGC,<pad><pad><pad><pad><pad><pad><pad><pad><pad><pad><pad><pad><pad><pad><pad><pad><pad><pad><pad><pad><pad><pad><pad><pad><pad><pad><pad><pad><pad><pad><pad><pad><pad><pad><pad><pad><pad><pad><pad><pad><pad><pad><pad><pad><pad><pad><pad><pad><pad><pad>AGCAAACGGAGTTGTTTCGCATCAATCGCCTGTCAACGTCACTTGTCGGC
RV-UML-m040,AGTCAGACGCCCCATACGCATTAGGCTGGTCTATCATCTACTACCTTCGC,50,7.173796,1.02,C2C12,Luciferase,AGTCAGACGCCCCATACGCATTAGGCTGGTCTATCATCTACTACCTTCGC,<pad><pad><pad><pad><pad><pad><pad><pad><pad><pad><pad><pad><pad><pad><pad><pad><pad><pad><pad><pad><pad><pad><pad><pad><pad><pad><pad><pad><pad><pad><pad><pad><pad><pad><pad><pad><pad><pad><pad><pad><pad><pad><pad><pad><pad><pad><pad><pad><pad><pad>AGTCAGACGCCCCATACGCATTAGGCTGGTCTATCATCTACTACCTTCGC
RV-UML-m299,AGAGAGCCCAGAGAGGACGTTTTATACCCGATTGACAGATTCCTCCCACT,50,8.104913,1.02,C2C12,Luciferase,AGAGAGCCCAGAGAGGACGTTTTATACCCGATTGACAGATTCCTCCCACT,<pad><pad><pad><pad><pad><pad><pad><pad><pad><pad><pad><pad><pad><pad><pad><pad><pad><pad><pad><pad><pad><pad><pad><pad><pad><pad><pad><pad><pad><pad><pad><pad><pad><pad><pad><pad><pad><pad><pad><pad><pad><pad><pad><pad><pad><pad><pad><pad><pad><pad>AGAGAGCCCAGAGAGGACGTTTTATACCCGATTGACAGATTCCTCCCACT
RV-UML-m034,AGCGTTGTGCGGATTCCTGCGATACAAGCCGCCGCATATACAGCGCAGCT,50,7.8158092,0.63,C2C12,Luciferase,AGCGTTGTGCGGATTCCTGCGATACAAGCCGCCGCATATACAGCGCAGCT,<pad><pad><pad><pad><pad><pad><pad><pad><pad><pad><pad><pad><pad><pad><pad><pad><pad><pad><pad><pad><pad><pad><pad><pad><pad><pad><pad><pad><pad><pad><pad><pad><pad><pad><pad><pad><pad><pad><pad><pad><pad><pad><pad><pad><pad><pad><pad><pad><pad><pad>AGCGTTGTGCGGATTCCTGCGATACAAGCCGCCGCATATACAGCGCAGCT
RV-UML-m077,AGCGTACCGTAAAATACACTGTACATTACACACCAAAAAAGGGGCGCAAC,50,8.102658,1.02,C2C12,Luciferase,AGCGTACCGTAAAATACACTGTACATTACACACCAAAAAAGGGGCGCAAC,<pad><pad><pad><pad><pad><pad><pad><pad><pad><pad><pad><pad><pad><pad><pad><pad><pad><pad><pad><pad><pad><pad><pad><pad><pad><pad><pad><pad><pad><pad><pad><pad><pad><pad><pad><pad><pad><pad><pad><pad><pad><pad><pad><pad><pad><pad><pad><pad><pad><pad>AGCGTACCGTAAAATACACTGTACATTACACACCAAAAAAGGGGCGCAAC
RV-UML-m041,AGGTCCTTCTGGGGCTTCCGTCGTATCTCCGCCAGGACGGACGAAAAAAA,50,6.9551053,1.02,C2C12,Luciferase,AGGTCCTTCTGGGGCTTCCGTCGTATCTCCGCCAGGACGGACGAAAAAAA,<pad><pad><pad><pad><pad><pad><pad><pad><pad><pad><pad><pad><pad><pad><pad><pad><pad><pad><pad><pad><pad><pad><pad><pad><pad><pad><pad><pad><pad><pad><pad><pad><pad><pad><pad><pad><pad><pad><pad><pad><pad><pad><pad><pad><pad><pad><pad><pad><pad><pad>AGGTCCTTCTGGGGCTTCCGTCGTATCTCCGCCAGGACGGACGAAAAAAA
RV-UML-m085,AGAGGAGTCGAGTTATACAGCCGCAACGCTATCCTCGACGAACACAGGAA,50,8.069254,1.02,C2C12,Luciferase,AGAGGAGTCGAGTTATACAGCCGCAACGCTATCCTCGACGAACACAGGAA,<pad><pad><pad><pad><pad><pad><pad><pad><pad><pad><pad><pad><pad><pad><pad><pad><pad><pad><pad><pad><pad><pad><pad><pad><pad><pad><pad><pad><pad><pad><pad><pad><pad><pad><pad><pad><pad><pad><pad><pad><pad><pad><pad><pad><pad><pad><pad><pad><pad><pad>AGAGGAGTCGAGTTATACAGCCGCAACGCTATCCTCGACGAACACAGGAA
RV-UML-m321,AGCTGACTGGTCAAACAACGCAACCAGCGATTCACGGTTTTCCTGTCGCA,50,8.081879,1.02,C2C12,Luciferase,AGCTGACTGGTCAAACAACGCAACCAGCGATTCACGGTTTTCCTGTCGCA,<pad><pad><pad><pad><pad><pad><pad><pad><pad><pad><pad><pad><pad><pad><pad><pad><pad><pad><pad><pad><pad><pad><pad><pad><pad><pad><pad><pad><pad><pad><pad><pad><pad><pad><pad><pad><pad><pad><pad><pad><pad><pad><pad><pad><pad><pad><pad><pad><pad><pad>AGCTGACTGGTCAAACAACGCAACCAGCGATTCACGGTTTTCCTGTCGCA
RV-UML-m328,AGAGAGAAGCAACGAAGGATCTACAGAACGTTCCTCTCCACGTGATCACT,50,8.198043,1.02,C2C12,Luciferase,AGAGAGAAGCAACGAAGGATCTACAGAACGTTCCTCTCCACGTGATCACT,<pad><pad><pad><pad><pad><pad><pad><pad><pad><pad><pad><pad><pad><pad><pad><pad><pad><pad><pad><pad><pad><pad><pad><pad><pad><pad><pad><pad><pad><pad><pad><pad><pad><pad><pad><pad><pad><pad><pad><pad><pad><pad><pad><pad><pad><pad><pad><pad><pad><pad>AGAGAGAAGCAACGAAGGATCTACAGAACGTTCCTCTCCACGTGATCACT
RV-UML-m010,AGCGGATCTATCTACTTGGACGGATCAATTCAAACGATTACCTGAGGGCC,50,8.362109,1.02,C2C12,Luciferase,AGCGGATCTATCTACTTGGACGGATCAATTCAAACGATTACCTGAGGGCC,<pad><pad><pad><pad><pad><pad><pad><pad><pad><pad><pad><pad><pad><pad><pad><pad><pad><pad><pad><pad><pad><pad><pad><pad><pad><pad><pad><pad><pad><pad><pad><pad><pad><pad><pad><pad><pad><pad><pad><pad><pad><pad><pad><pad><pad><pad><pad><pad><pad><pad>AGCGGATCTATCTACTTGGACGGATCAATTCAAACGATTACCTGAGGGCC
RV-UML-m074,AGAAAAGGTCCTATCCTGCTCAACTGTTCAAACGAGAACTGACGGTGGCA,50,8.243569,1.01,C2C12,Luciferase,AGAAAAGGTCCTATCCTGCTCAACTGTTCAAACGAGAACTGACGGTGGCA,<pad><pad><pad><pad><pad><pad><pad><pad><pad><pad><pad><pad><pad><pad><pad><pad><pad><pad><pad><pad><pad><pad><pad><pad><pad><pad><pad><pad><pad><pad><pad><pad><pad><pad><pad><pad><pad><pad><pad><pad><pad><pad><pad><pad><pad><pad><pad><pad><pad><pad>AGAAAAGGTCCTATCCTGCTCAACTGTTCAAACGAGAACTGACGGTGGCA
RV-UML-m053,AGTAAATAAAGCTATTACCCGACTGCACAGGAGATTCCTGCTCTTTCGAT,50,8.14238,1.01,C2C12,Luciferase,AGTAAATAAAGCTATTACCCGACTGCACAGGAGATTCCTGCTCTTTCGAT,<pad><pad><pad><pad><pad><pad><pad><pad><pad><pad><pad><pad><pad><pad><pad><pad><pad><pad><pad><pad><pad><pad><pad><pad><pad><pad><pad><pad><pad><pad><pad><pad><pad><pad><pad><pad><pad><pad><pad><pad><pad><pad><pad><pad><pad><pad><pad><pad><pad><pad>AGTAAATAAAGCTATTACCCGACTGCACAGGAGATTCCTGCTCTTTCGAT
RV-UML-m104,AGCTCTCCGCCAGACCGCCGCCGCGCCGCCATC,33,6.775356,1.01,C2C12,Luciferase,<pad><pad><pad><pad><pad><pad><pad><pad><pad><pad><pad><pad><pad><pad><pad><pad><pad>AGCTCTCCGCCAGACCGCCGCCGCGCCGCCATC,<pad><pad><pad><pad><pad><pad><pad><pad><pad><pad><pad><pad><pad><pad><pad><pad><pad><pad><pad><pad><pad><pad><pad><pad><pad><pad><pad><pad><pad><pad><pad><pad><pad><pad><pad><pad><pad><pad><pad><pad><pad><pad><pad><pad><pad><pad><pad><pad><pad><pad><pad><pad><pad><pad><pad><pad><pad><pad><pad><pad><pad><pad><pad><pad><pad><pad><pad>AGCTCTCCGCCAGACCGCCGCCGCGCCGCCATC
RV-UML-m343,AGAGGATACTATATCGTTGCTGCCGATTGGAGTCGATTGCTCTTGCAGTT,50,8.266278,1.01,C2C12,Luciferase,AGAGGATACTATATCGTTGCTGCCGATTGGAGTCGATTGCTCTTGCAGTT,<pad><pad><pad><pad><pad><pad><pad><pad><pad><pad><pad><pad><pad><pad><pad><pad><pad><pad><pad><pad><pad><pad><pad><pad><pad><pad><pad><pad><pad><pad><pad><pad><pad><pad><pad><pad><pad><pad><pad><pad><pad><pad><pad><pad><pad><pad><pad><pad><pad><pad>AGAGGATACTATATCGTTGCTGCCGATTGGAGTCGATTGCTCTTGCAGTT
RV-UML-m333,AGTACCTGGCCAGGACAAACAGTATCTTGCTGTATTCTCACCTCTCCACT,50,8.068022,1.01,C2C12,Luciferase,AGTACCTGGCCAGGACAAACAGTATCTTGCTGTATTCTCACCTCTCCACT,<pad><pad><pad><pad><pad><pad><pad><pad><pad><pad><pad><pad><pad><pad><pad><pad><pad><pad><pad><pad><pad><pad><pad><pad><pad><pad><pad><pad><pad><pad><pad><pad><pad><pad><pad><pad><pad><pad><pad><pad><pad><pad><pad><pad><pad><pad><pad><pad><pad><pad>AGTACCTGGCCAGGACAAACAGTATCTTGCTGTATTCTCACCTCTCCACT
RV-UML-m341,AGCACCTTAGCTTACCGAAGAGTTGTACCTTCTCTCGCTACCTAGCGCAA,50,8.313964,1.01,C2C12,Luciferase,AGCACCTTAGCTTACCGAAGAGTTGTACCTTCTCTCGCTACCTAGCGCAA,<pad><pad><pad><pad><pad><pad><pad><pad><pad><pad><pad><pad><pad><pad><pad><pad><pad><pad><pad><pad><pad><pad><pad><pad><pad><pad><pad><pad><pad><pad><pad><pad><pad><pad><pad><pad><pad><pad><pad><pad><pad><pad><pad><pad><pad><pad><pad><pad><pad><pad>AGCACCTTAGCTTACCGAAGAGTTGTACCTTCTCTCGCTACCTAGCGCAA
RV-UML-m021,AGGTGTTTCTCGACAGACGAAAACTGCTCCTACACACCTTTAGTTTTGCT,50,8.360758,1.0,C2C12,Luciferase,AGGTGTTTCTCGACAGACGAAAACTGCTCCTACACACCTTTAGTTTTGCT,<pad><pad><pad><pad><pad><pad><pad><pad><pad><pad><pad><pad><pad><pad><pad><pad><pad><pad><pad><pad><pad><pad><pad><pad><pad><pad><pad><pad><pad><pad><pad><pad><pad><pad><pad><pad><pad><pad><pad><pad><pad><pad><pad><pad><pad><pad><pad><pad><pad><pad>AGGTGTTTCTCGACAGACGAAAACTGCTCCTACACACCTTTAGTTTTGCT
RV-UML-m016,AGTCGTTGTCCAAATTGTCATTCGTCTGTAGAGTTCTTCTTCTAGGGGCT,50,8.518338,0.62,C2C12,Luciferase,AGTCGTTGTCCAAATTGTCATTCGTCTGTAGAGTTCTTCTTCTAGGGGCT,<pad><pad><pad><pad><pad><pad><pad><pad><pad><pad><pad><pad><pad><pad><pad><pad><pad><pad><pad><pad><pad><pad><pad><pad><pad><pad><pad><pad><pad><pad><pad><pad><pad><pad><pad><pad><pad><pad><pad><pad><pad><pad><pad><pad><pad><pad><pad><pad><pad><pad>AGTCGTTGTCCAAATTGTCATTCGTCTGTAGAGTTCTTCTTCTAGGGGCT
RV-UML-m110,AGGCCCCCGCCTGGAGTCCAGACCCGACGGCCGGCCCAGTTCCACGCACCCAGCGAGCCCAAGCGCCTTCTCCGCACCAGGGAAGCCCCACCCACCAGAAGCCAAG,106,6.9309072,1.0,C2C12,Luciferase,GCCCAAGCGCCTTCTCCGCACCAGGGAAGCCCCACCCACCAGAAGCCAAG,CCGCCTGGAGTCCAGACCCGACGGCCGGCCCAGTTCCACGCACCCAGCGAGCCCAAGCGCCTTCTCCGCACCAGGGAAGCCCCACCCACCAGAAGCCAAG
RV-UML-m368,AGCGTCATACCAGACTTGCTGTGTGACTGAGTTGACCCACGTACTACGAC,50,8.118763,1.0,C2C12,Luciferase,AGCGTCATACCAGACTTGCTGTGTGACTGAGTTGACCCACGTACTACGAC,<pad><pad><pad><pad><pad><pad><pad><pad><pad><pad><pad><pad><pad><pad><pad><pad><pad><pad><pad><pad><pad><pad><pad><pad><pad><pad><pad><pad><pad><pad><pad><pad><pad><pad><pad><pad><pad><pad><pad><pad><pad><pad><pad><pad><pad><pad><pad><pad><pad><pad>AGCGTCATACCAGACTTGCTGTGTGACTGAGTTGACCCACGTACTACGAC
RV-UML-m352,AGCACCTATAGTTCGGGTATTGTAAGGTCGCGATCCTTCCATCGCAAGCT,50,8.093055,1.0,C2C12,Luciferase,AGCACCTATAGTTCGGGTATTGTAAGGTCGCGATCCTTCCATCGCAAGCT,<pad><pad><pad><pad><pad><pad><pad><pad><pad><pad><pad><pad><pad><pad><pad><pad><pad><pad><pad><pad><pad><pad><pad><pad><pad><pad><pad><pad><pad><pad><pad><pad><pad><pad><pad><pad><pad><pad><pad><pad><pad><pad><pad><pad><pad><pad><pad><pad><pad><pad>AGCACCTATAGTTCGGGTATTGTAAGGTCGCGATCCTTCCATCGCAAGCT
RV-UML-m332,AGCGCGACATATTATCAGAGCTTGTCAGATATCTCGTTGCGAGAGCCCAC,50,7.9381676,1.0,C2C12,Luciferase,AGCGCGACATATTATCAGAGCTTGTCAGATATCTCGTTGCGAGAGCCCAC,<pad><pad><pad><pad><pad><pad><pad><pad><pad><pad><pad><pad><pad><pad><pad><pad><pad><pad><pad><pad><pad><pad><pad><pad><pad><pad><pad><pad><pad><pad><pad><pad><pad><pad><pad><pad><pad><pad><pad><pad><pad><pad><pad><pad><pad><pad><pad><pad><pad><pad>AGCGCGACATATTATCAGAGCTTGTCAGATATCTCGTTGCGAGAGCCCAC
RV-UML-m309,AGGCCACTGCTACTGTGCAAATCCGCAGGATCCTTCCCGTTACGGTCGAA,50,7.9921165,1.0,C2C12,Luciferase,AGGCCACTGCTACTGTGCAAATCCGCAGGATCCTTCCCGTTACGGTCGAA,<pad><pad><pad><pad><pad><pad><pad><pad><pad><pad><pad><pad><pad><pad><pad><pad><pad><pad><pad><pad><pad><pad><pad><pad><pad><pad><pad><pad><pad><pad><pad><pad><pad><pad><pad><pad><pad><pad><pad><pad><pad><pad><pad><pad><pad><pad><pad><pad><pad><pad>AGGCCACTGCTACTGTGCAAATCCGCAGGATCCTTCCCGTTACGGTCGAA
RV-UML-m308,AGGAAAGAATCTTATCACTGCCACACCGTTTCCGTGGTTACCTCCGCATC,50,8.037252,1.0,C2C12,Luciferase,AGGAAAGAATCTTATCACTGCCACACCGTTTCCGTGGTTACCTCCGCATC,<pad><pad><pad><pad><pad><pad><pad><pad><pad><pad><pad><pad><pad><pad><pad><pad><pad><pad><pad><pad><pad><pad><pad><pad><pad><pad><pad><pad><pad><pad><pad><pad><pad><pad><pad><pad><pad><pad><pad><pad><pad><pad><pad><pad><pad><pad><pad><pad><pad><pad>AGGAAAGAATCTTATCACTGCCACACCGTTTCCGTGGTTACCTCCGCATC
RV-UML-m096,AGGATTGTGTTTTCCCGGAATCGACCTTGCGATTTTGGTTCGTAACTACA,50,8.133246,1.0,C2C12,Luciferase,AGGATTGTGTTTTCCCGGAATCGACCTTGCGATTTTGGTTCGTAACTACA,<pad><pad><pad><pad><pad><pad><pad><pad><pad><pad><pad><pad><pad><pad><pad><pad><pad><pad><pad><pad><pad><pad><pad><pad><pad><pad><pad><pad><pad><pad><pad><pad><pad><pad><pad><pad><pad><pad><pad><pad><pad><pad><pad><pad><pad><pad><pad><pad><pad><pad>AGGATTGTGTTTTCCCGGAATCGACCTTGCGATTTTGGTTCGTAACTACA
RV-UML-m347,AGAAACCGTCCTTTCGAATTACTCGGCTTTAGAGCCGGGGAACACATAAA,50,8.080974,0.99,C2C12,Luciferase,AGAAACCGTCCTTTCGAATTACTCGGCTTTAGAGCCGGGGAACACATAAA,<pad><pad><pad><pad><pad><pad><pad><pad><pad><pad><pad><pad><pad><pad><pad><pad><pad><pad><pad><pad><pad><pad><pad><pad><pad><pad><pad><pad><pad><pad><pad><pad><pad><pad><pad><pad><pad><pad><pad><pad><pad><pad><pad><pad><pad><pad><pad><pad><pad><pad>AGAAACCGTCCTTTCGAATTACTCGGCTTTAGAGCCGGGGAACACATAAA
RV-UML-m320,AGAGTTCGTACAGACCAAGTTCATTTCAATCACGGGATACGAGCTGCACT,50,8.029435,0.99,C2C12,Luciferase,AGAGTTCGTACAGACCAAGTTCATTTCAATCACGGGATACGAGCTGCACT,<pad><pad><pad><pad><pad><pad><pad><pad><pad><pad><pad><pad><pad><pad><pad><pad><pad><pad><pad><pad><pad><pad><pad><pad><pad><pad><pad><pad><pad><pad><pad><pad><pad><pad><pad><pad><pad><pad><pad><pad><pad><pad><pad><pad><pad><pad><pad><pad><pad><pad>AGAGTTCGTACAGACCAAGTTCATTTCAATCACGGGATACGAGCTGCACT
RV-UML-m097,AGCTCTTGCACTACCGATCCCAAAGGACGCCTATTGCAGCATAGTGCATT,50,7.9245667,0.99,C2C12,Luciferase,AGCTCTTGCACTACCGATCCCAAAGGACGCCTATTGCAGCATAGTGCATT,<pad><pad><pad><pad><pad><pad><pad><pad><pad><pad><pad><pad><pad><pad><pad><pad><pad><pad><pad><pad><pad><pad><pad><pad><pad><pad><pad><pad><pad><pad><pad><pad><pad><pad><pad><pad><pad><pad><pad><pad><pad><pad><pad><pad><pad><pad><pad><pad><pad><pad>AGCTCTTGCACTACCGATCCCAAAGGACGCCTATTGCAGCATAGTGCATT
RV-UML-m022,AGCCTTCACTCGATTCCTGGGAATTGTCACGAACTTATCTTCCGGTGAGC,50,8.225622,0.99,C2C12,Luciferase,AGCCTTCACTCGATTCCTGGGAATTGTCACGAACTTATCTTCCGGTGAGC,<pad><pad><pad><pad><pad><pad><pad><pad><pad><pad><pad><pad><pad><pad><pad><pad><pad><pad><pad><pad><pad><pad><pad><pad><pad><pad><pad><pad><pad><pad><pad><pad><pad><pad><pad><pad><pad><pad><pad><pad><pad><pad><pad><pad><pad><pad><pad><pad><pad><pad>AGCCTTCACTCGATTCCTGGGAATTGTCACGAACTTATCTTCCGGTGAGC
RV-UML-m073,AGCAAACGTAGGGGGATACTGCGCGTCCATAAAATCCTCTCAACGTTGCA,50,7.970905,0.98,C2C12,Luciferase,AGCAAACGTAGGGGGATACTGCGCGTCCATAAAATCCTCTCAACGTTGCA,<pad><pad><pad><pad><pad><pad><pad><pad><pad><pad><pad><pad><pad><pad><pad><pad><pad><pad><pad><pad><pad><pad><pad><pad><pad><pad><pad><pad><pad><pad><pad><pad><pad><pad><pad><pad><pad><pad><pad><pad><pad><pad><pad><pad><pad><pad><pad><pad><pad><pad>AGCAAACGTAGGGGGATACTGCGCGTCCATAAAATCCTCTCAACGTTGCA
RV-UML-m020,AGGTACTTTCCCTTTCTACCTACACAAGGATCCCACACACAGAGAGGGTC,50,8.398696,0.97,C2C12,Luciferase,AGGTACTTTCCCTTTCTACCTACACAAGGATCCCACACACAGAGAGGGTC,<pad><pad><pad><pad><pad><pad><pad><pad><pad><pad><pad><pad><pad><pad><pad><pad><pad><pad><pad><pad><pad><pad><pad><pad><pad><pad><pad><pad><pad><pad><pad><pad><pad><pad><pad><pad><pad><pad><pad><pad><pad><pad><pad><pad><pad><pad><pad><pad><pad><pad>AGGTACTTTCCCTTTCTACCTACACAAGGATCCCACACACAGAGAGGGTC
RV-UML-m070,AGCCTCCATCCTGTAGTTCATAATTCCACACAGACAACAACGTGCCGAGG,50,7.6716046,0.97,C2C12,Luciferase,AGCCTCCATCCTGTAGTTCATAATTCCACACAGACAACAACGTGCCGAGG,<pad><pad><pad><pad><pad><pad><pad><pad><pad><pad><pad><pad><pad><pad><pad><pad><pad><pad><pad><pad><pad><pad><pad><pad><pad><pad><pad><pad><pad><pad><pad><pad><pad><pad><pad><pad><pad><pad><pad><pad><pad><pad><pad><pad><pad><pad><pad><pad><pad><pad>AGCCTCCATCCTGTAGTTCATAATTCCACACAGACAACAACGTGCCGAGG
RV-UML-m113,AGACTCGGCTCAAACTCTGGGATCTGGAAC,30,7.762596,0.97,C2C12,Luciferase,<pad><pad><pad><pad><pad><pad><pad><pad><pad><pad><pad><pad><pad><pad><pad><pad><pad><pad><pad><pad>AGACTCGGCTCAAACTCTGGGATCTGGAAC,<pad><pad><pad><pad><pad><pad><pad><pad><pad><pad><pad><pad><pad><pad><pad><pad><pad><pad><pad><pad><pad><pad><pad><pad><pad><pad><pad><pad><pad><pad><pad><pad><pad><pad><pad><pad><pad><pad><pad><pad><pad><pad><pad><pad><pad><pad><pad><pad><pad><pad><pad><pad><pad><pad><pad><pad><pad><pad><pad><pad><pad><pad><pad><pad><pad><pad><pad><pad><pad><pad>AGACTCGGCTCAAACTCTGGGATCTGGAAC
RV-UML-m057,AGTTACAACCTCTCCACTGCCTCAAACAGTTTTCAACGCCTGTCCGCGGA,50,7.7223434,0.97,C2C12,Luciferase,AGTTACAACCTCTCCACTGCCTCAAACAGTTTTCAACGCCTGTCCGCGGA,<pad><pad><pad><pad><pad><pad><pad><pad><pad><pad><pad><pad><pad><pad><pad><pad><pad><pad><pad><pad><pad><pad><pad><pad><pad><pad><pad><pad><pad><pad><pad><pad><pad><pad><pad><pad><pad><pad><pad><pad><pad><pad><pad><pad><pad><pad><pad><pad><pad><pad>AGTTACAACCTCTCCACTGCCTCAAACAGTTTTCAACGCCTGTCCGCGGA
RV-UML-m310,AGTCGAGCGCATCTTTCACAGAACTGTACGTGTCTACGAGACACTAGAAC,50,8.168342,0.97,C2C12,Luciferase,AGTCGAGCGCATCTTTCACAGAACTGTACGTGTCTACGAGACACTAGAAC,<pad><pad><pad><pad><pad><pad><pad><pad><pad><pad><pad><pad><pad><pad><pad><pad><pad><pad><pad><pad><pad><pad><pad><pad><pad><pad><pad><pad><pad><pad><pad><pad><pad><pad><pad><pad><pad><pad><pad><pad><pad><pad><pad><pad><pad><pad><pad><pad><pad><pad>AGTCGAGCGCATCTTTCACAGAACTGTACGTGTCTACGAGACACTAGAAC
RV-UML-m345,AGGGAATCGTGTCAGAAATCTGACCAGAAAATTCACCTCGAGTCCATACG,50,8.00239,0.97,C2C12,Luciferase,AGGGAATCGTGTCAGAAATCTGACCAGAAAATTCACCTCGAGTCCATACG,<pad><pad><pad><pad><pad><pad><pad><pad><pad><pad><pad><pad><pad><pad><pad><pad><pad><pad><pad><pad><pad><pad><pad><pad><pad><pad><pad><pad><pad><pad><pad><pad><pad><pad><pad><pad><pad><pad><pad><pad><pad><pad><pad><pad><pad><pad><pad><pad><pad><pad>AGGGAATCGTGTCAGAAATCTGACCAGAAAATTCACCTCGAGTCCATACG
RV-UML-m046,AGGAGAGACTGCGAGGTGTAGTCTCGATTAGCTCACTACTCGGACTGACC,50,8.368011,0.96,C2C12,Luciferase,AGGAGAGACTGCGAGGTGTAGTCTCGATTAGCTCACTACTCGGACTGACC,<pad><pad><pad><pad><pad><pad><pad><pad><pad><pad><pad><pad><pad><pad><pad><pad><pad><pad><pad><pad><pad><pad><pad><pad><pad><pad><pad><pad><pad><pad><pad><pad><pad><pad><pad><pad><pad><pad><pad><pad><pad><pad><pad><pad><pad><pad><pad><pad><pad><pad>AGGAGAGACTGCGAGGTGTAGTCTCGATTAGCTCACTACTCGGACTGACC
RV-UML-m331,AGTTGTTCGAAGAAAACAGAGTCGTATACGGTACGAACCCCTTCCACTCG,50,7.720182,0.96,C2C12,Luciferase,AGTTGTTCGAAGAAAACAGAGTCGTATACGGTACGAACCCCTTCCACTCG,<pad><pad><pad><pad><pad><pad><pad><pad><pad><pad><pad><pad><pad><pad><pad><pad><pad><pad><pad><pad><pad><pad><pad><pad><pad><pad><pad><pad><pad><pad><pad><pad><pad><pad><pad><pad><pad><pad><pad><pad><pad><pad><pad><pad><pad><pad><pad><pad><pad><pad>AGTTGTTCGAAGAAAACAGAGTCGTATACGGTACGAACCCCTTCCACTCG
RV-UML-m042,AGTCCCGTAGTTTGGCCGCACTTCACCGAAAGGGACATCGCCGAGACACG,50,7.4930005,0.95,C2C12,Luciferase,AGTCCCGTAGTTTGGCCGCACTTCACCGAAAGGGACATCGCCGAGACACG,<pad><pad><pad><pad><pad><pad><pad><pad><pad><pad><pad><pad><pad><pad><pad><pad><pad><pad><pad><pad><pad><pad><pad><pad><pad><pad><pad><pad><pad><pad><pad><pad><pad><pad><pad><pad><pad><pad><pad><pad><pad><pad><pad><pad><pad><pad><pad><pad><pad><pad>AGTCCCGTAGTTTGGCCGCACTTCACCGAAAGGGACATCGCCGAGACACG
RV-UML-m107,AGGTCTCCCCTCGCCGCATCCACTCTCCGGCCGGCCGCCTGCCCGCCGCCTCCTCCGTGCGCCCGCCAGCCTCGCCCGCGCCGTCACC,88,5.478817,0.95,C2C12,Luciferase,CTGCCCGCCGCCTCCTCCGTGCGCCCGCCAGCCTCGCCCGCGCCGTCACC,<pad><pad><pad><pad><pad><pad><pad><pad><pad><pad><pad><pad>AGGTCTCCCCTCGCCGCATCCACTCTCCGGCCGGCCGCCTGCCCGCCGCCTCCTCCGTGCGCCCGCCAGCCTCGCCCGCGCCGTCACC
RV-UML-m036,AGATTCAATAGGGCTTTTGGATTCTTGGATTGGTGCTACAACATCACGGT,50,7.910021,0.95,C2C12,Luciferase,AGATTCAATAGGGCTTTTGGATTCTTGGATTGGTGCTACAACATCACGGT,<pad><pad><pad><pad><pad><pad><pad><pad><pad><pad><pad><pad><pad><pad><pad><pad><pad><pad><pad><pad><pad><pad><pad><pad><pad><pad><pad><pad><pad><pad><pad><pad><pad><pad><pad><pad><pad><pad><pad><pad><pad><pad><pad><pad><pad><pad><pad><pad><pad><pad>AGATTCAATAGGGCTTTTGGATTCTTGGATTGGTGCTACAACATCACGGT
RV-UML-m112,AGCCCGCGGCACCGCCTCCGCGCCTCCATCCAGCCGGCTCCCTCCGGCCGCGAACTGCCCCTCCCCGCCCCGCCTCCCGGCGCGGGTGGCCGAGGCGTAGCGCTGCGACCCCCGCACCCCTGCGAAC,127,5.939773,0.95,C2C12,Luciferase,CGGCGCGGGTGGCCGAGGCGTAGCGCTGCGACCCCCGCACCCCTGCGAAC,ATCCAGCCGGCTCCCTCCGGCCGCGAACTGCCCCTCCCCGCCCCGCCTCCCGGCGCGGGTGGCCGAGGCGTAGCGCTGCGACCCCCGCACCCCTGCGAAC
RV-UML-m329,AGTCTGGTCAAAGTTCGCAGAGAACTAAACCACCCACCACAACGAGCATC,50,8.286653,0.95,C2C12,Luciferase,AGTCTGGTCAAAGTTCGCAGAGAACTAAACCACCCACCACAACGAGCATC,<pad><pad><pad><pad><pad><pad><pad><pad><pad><pad><pad><pad><pad><pad><pad><pad><pad><pad><pad><pad><pad><pad><pad><pad><pad><pad><pad><pad><pad><pad><pad><pad><pad><pad><pad><pad><pad><pad><pad><pad><pad><pad><pad><pad><pad><pad><pad><pad><pad><pad>AGTCTGGTCAAAGTTCGCAGAGAACTAAACCACCCACCACAACGAGCATC
RV-UML-m367,AGGAGCTCCGATTCGAACTAATCCGTCATACTTTACAACTGCGAGGGGCC,50,8.200647,0.94,C2C12,Luciferase,AGGAGCTCCGATTCGAACTAATCCGTCATACTTTACAACTGCGAGGGGCC,<pad><pad><pad><pad><pad><pad><pad><pad><pad><pad><pad><pad><pad><pad><pad><pad><pad><pad><pad><pad><pad><pad><pad><pad><pad><pad><pad><pad><pad><pad><pad><pad><pad><pad><pad><pad><pad><pad><pad><pad><pad><pad><pad><pad><pad><pad><pad><pad><pad><pad>AGGAGCTCCGATTCGAACTAATCCGTCATACTTTACAACTGCGAGGGGCC
RV-UML-m072,AGTGATCTGACGAGCTTATTGTCAGGTAGAGTTCCATCAGCAACAGACCA,50,8.234233,0.94,C2C12,Luciferase,AGTGATCTGACGAGCTTATTGTCAGGTAGAGTTCCATCAGCAACAGACCA,<pad><pad><pad><pad><pad><pad><pad><pad><pad><pad><pad><pad><pad><pad><pad><pad><pad><pad><pad><pad><pad><pad><pad><pad><pad><pad><pad><pad><pad><pad><pad><pad><pad><pad><pad><pad><pad><pad><pad><pad><pad><pad><pad><pad><pad><pad><pad><pad><pad><pad>AGTGATCTGACGAGCTTATTGTCAGGTAGAGTTCCATCAGCAACAGACCA
RV-UML-m065,AGACGGATAAACCGTATATCATAGGTGTCCTCACACACAGACGGGACGAG,50,7.994755,0.94,C2C12,Luciferase,AGACGGATAAACCGTATATCATAGGTGTCCTCACACACAGACGGGACGAG,<pad><pad><pad><pad><pad><pad><pad><pad><pad><pad><pad><pad><pad><pad><pad><pad><pad><pad><pad><pad><pad><pad><pad><pad><pad><pad><pad><pad><pad><pad><pad><pad><pad><pad><pad><pad><pad><pad><pad><pad><pad><pad><pad><pad><pad><pad><pad><pad><pad><pad>AGACGGATAAACCGTATATCATAGGTGTCCTCACACACAGACGGGACGAG
RV-UML-m298,AGCTTGGACCCAACGTAAGAATCAGTCTTTGCGTTGCTAGGACAAAAGCT,50,8.196334,0.93,C2C12,Luciferase,AGCTTGGACCCAACGTAAGAATCAGTCTTTGCGTTGCTAGGACAAAAGCT,<pad><pad><pad><pad><pad><pad><pad><pad><pad><pad><pad><pad><pad><pad><pad><pad><pad><pad><pad><pad><pad><pad><pad><pad><pad><pad><pad><pad><pad><pad><pad><pad><pad><pad><pad><pad><pad><pad><pad><pad><pad><pad><pad><pad><pad><pad><pad><pad><pad><pad>AGCTTGGACCCAACGTAAGAATCAGTCTTTGCGTTGCTAGGACAAAAGCT
RV-UML-m039,AGTCGGACATAGAGAGGTCAGATACTTCTCTTGGGAGAATCACGTTCACA,50,8.274598,0.57,C2C12,Luciferase,AGTCGGACATAGAGAGGTCAGATACTTCTCTTGGGAGAATCACGTTCACA,<pad><pad><pad><pad><pad><pad><pad><pad><pad><pad><pad><pad><pad><pad><pad><pad><pad><pad><pad><pad><pad><pad><pad><pad><pad><pad><pad><pad><pad><pad><pad><pad><pad><pad><pad><pad><pad><pad><pad><pad><pad><pad><pad><pad><pad><pad><pad><pad><pad><pad>AGTCGGACATAGAGAGGTCAGATACTTCTCTTGGGAGAATCACGTTCACA
RV-UML-m115,AGCCGTCTCCGCCTCGCCGCAGTCGGGGCAGCCGCTCGCCCCTCTTTTCCATGTATCCGTCCAGAGTTTGAGCGGTGCTGAACTGTCAGCACCATCTGTCCGGTCCCAGC,110,7.323234,0.91,C2C12,Luciferase,CCAGAGTTTGAGCGGTGCTGAACTGTCAGCACCATCTGTCCGGTCCCAGC,GCCTCGCCGCAGTCGGGGCAGCCGCTCGCCCCTCTTTTCCATGTATCCGTCCAGAGTTTGAGCGGTGCTGAACTGTCAGCACCATCTGTCCGGTCCCAGC
RV-UML-m307,AGCATCCGATTGCCCTCCTATTACTTGGGACCAGATATCCCTTCAACGTC,50,8.1403,0.91,C2C12,Luciferase,AGCATCCGATTGCCCTCCTATTACTTGGGACCAGATATCCCTTCAACGTC,<pad><pad><pad><pad><pad><pad><pad><pad><pad><pad><pad><pad><pad><pad><pad><pad><pad><pad><pad><pad><pad><pad><pad><pad><pad><pad><pad><pad><pad><pad><pad><pad><pad><pad><pad><pad><pad><pad><pad><pad><pad><pad><pad><pad><pad><pad><pad><pad><pad><pad>AGCATCCGATTGCCCTCCTATTACTTGGGACCAGATATCCCTTCAACGTC
RV-UML-m114,AGCGTTTTGCAGACGCCACCGCCGAGGAAAACCGTGTACTATTAGCC,47,7.9359384,0.91,C2C12,Luciferase,<pad><pad><pad>AGCGTTTTGCAGACGCCACCGCCGAGGAAAACCGTGTACTATTAGCC,<pad><pad><pad><pad><pad><pad><pad><pad><pad><pad><pad><pad><pad><pad><pad><pad><pad><pad><pad><pad><pad><pad><pad><pad><pad><pad><pad><pad><pad><pad><pad><pad><pad><pad><pad><pad><pad><pad><pad><pad><pad><pad><pad><pad><pad><pad><pad><pad><pad><pad><pad><pad><pad>AGCGTTTTGCAGACGCCACCGCCGAGGAAAACCGTGTACTATTAGCC
RV-UML-m083,AGTCCTTTCGCGTCTACCTCTAATCTTAGTAGACTGTTCGGTTTAGAGCT,50,8.272555,0.55,C2C12,Luciferase,AGTCCTTTCGCGTCTACCTCTAATCTTAGTAGACTGTTCGGTTTAGAGCT,<pad><pad><pad><pad><pad><pad><pad><pad><pad><pad><pad><pad><pad><pad><pad><pad><pad><pad><pad><pad><pad><pad><pad><pad><pad><pad><pad><pad><pad><pad><pad><pad><pad><pad><pad><pad><pad><pad><pad><pad><pad><pad><pad><pad><pad><pad><pad><pad><pad><pad>AGTCCTTTCGCGTCTACCTCTAATCTTAGTAGACTGTTCGGTTTAGAGCT
RV-UML-m346,AGTTGACTGCATACGCCTTGATTAACTAAATCGAGCGCCTACCGGAGAGT,50,8.074278,0.88,C2C12,Luciferase,AGTTGACTGCATACGCCTTGATTAACTAAATCGAGCGCCTACCGGAGAGT,<pad><pad><pad><pad><pad><pad><pad><pad><pad><pad><pad><pad><pad><pad><pad><pad><pad><pad><pad><pad><pad><pad><pad><pad><pad><pad><pad><pad><pad><pad><pad><pad><pad><pad><pad><pad><pad><pad><pad><pad><pad><pad><pad><pad><pad><pad><pad><pad><pad><pad>AGTTGACTGCATACGCCTTGATTAACTAAATCGAGCGCCTACCGGAGAGT
RV-UML-m344,AGAGTGTTTGGAATCGCCCTTTGCGGCCCATACTCTCTTCCGGTGATCTC,50,7.7931814,0.86,C2C12,Luciferase,AGAGTGTTTGGAATCGCCCTTTGCGGCCCATACTCTCTTCCGGTGATCTC,<pad><pad><pad><pad><pad><pad><pad><pad><pad><pad><pad><pad><pad><pad><pad><pad><pad><pad><pad><pad><pad><pad><pad><pad><pad><pad><pad><pad><pad><pad><pad><pad><pad><pad><pad><pad><pad><pad><pad><pad><pad><pad><pad><pad><pad><pad><pad><pad><pad><pad>AGAGTGTTTGGAATCGCCCTTTGCGGCCCATACTCTCTTCCGGTGATCTC
RV-UML-m102,AGACATTTGCTTCTGACACAACTGTGTTCACTAGCAACCTCAAACAGACACC,52,8.199958,0.85,C2C12,Luciferase,ACATTTGCTTCTGACACAACTGTGTTCACTAGCAACCTCAAACAGACACC,<pad><pad><pad><pad><pad><pad><pad><pad><pad><pad><pad><pad><pad><pad><pad><pad><pad><pad><pad><pad><pad><pad><pad><pad><pad><pad><pad><pad><pad><pad><pad><pad><pad><pad><pad><pad><pad><pad><pad><pad><pad><pad><pad><pad><pad><pad><pad><pad>AGACATTTGCTTCTGACACAACTGTGTTCACTAGCAACCTCAAACAGACACC
RV-UML-m003,AGTTTCGTTCACTGTCCTTGACTAGAGAATATAATAAAAAGATTGTTGCT,50,8.669167,0.52,C2C12,Luciferase,AGTTTCGTTCACTGTCCTTGACTAGAGAATATAATAAAAAGATTGTTGCT,<pad><pad><pad><pad><pad><pad><pad><pad><pad><pad><pad><pad><pad><pad><pad><pad><pad><pad><pad><pad><pad><pad><pad><pad><pad><pad><pad><pad><pad><pad><pad><pad><pad><pad><pad><pad><pad><pad><pad><pad><pad><pad><pad><pad><pad><pad><pad><pad><pad><pad>AGTTTCGTTCACTGTCCTTGACTAGAGAATATAATAAAAAGATTGTTGCT
RV-UML-m082,AGCGTTTCTATTTTCGCAGTTTCGGATCTGCCTTTTCGCGGATTTATATC,50,8.362197,0.52,C2C12,Luciferase,AGCGTTTCTATTTTCGCAGTTTCGGATCTGCCTTTTCGCGGATTTATATC,<pad><pad><pad><pad><pad><pad><pad><pad><pad><pad><pad><pad><pad><pad><pad><pad><pad><pad><pad><pad><pad><pad><pad><pad><pad><pad><pad><pad><pad><pad><pad><pad><pad><pad><pad><pad><pad><pad><pad><pad><pad><pad><pad><pad><pad><pad><pad><pad><pad><pad>AGCGTTTCTATTTTCGCAGTTTCGGATCTGCCTTTTCGCGGATTTATATC
RV-UML-m094,AGTTCGCTTTGTTATTCTTGCCAGTTTGTAGTTACCTAAAACCCATTCCC,50,8.405158,0.49,C2C12,Luciferase,AGTTCGCTTTGTTATTCTTGCCAGTTTGTAGTTACCTAAAACCCATTCCC,<pad><pad><pad><pad><pad><pad><pad><pad><pad><pad><pad><pad><pad><pad><pad><pad><pad><pad><pad><pad><pad><pad><pad><pad><pad><pad><pad><pad><pad><pad><pad><pad><pad><pad><pad><pad><pad><pad><pad><pad><pad><pad><pad><pad><pad><pad><pad><pad><pad><pad>AGTTCGCTTTGTTATTCTTGCCAGTTTGTAGTTACCTAAAACCCATTCCC
RV-UML-m108,AGGGGCTCTCCGGCAGCGGATCTGCGCAGAAGCGTTCCGTGCGTGCAAGTGCTGCGAACCACGTGGGTCCCGGGCGCGTTTCGGGTGCTGGCGGCTGCAGCCGGAGTTCAAACCTAAGCAGCTGGAAGGAACC,133,7.0895896,0.79,C2C12,Luciferase,GGTGCTGGCGGCTGCAGCCGGAGTTCAAACCTAAGCAGCTGGAAGGAACC,GTTCCGTGCGTGCAAGTGCTGCGAACCACGTGGGTCCCGGGCGCGTTTCGGGTGCTGGCGGCTGCAGCCGGAGTTCAAACCTAAGCAGCTGGAAGGAACC
RV-UML-m350,AGTGTCGCTCCTACTAGTTTACAGTATATCATCGAGTGAGCCAGCCCTTC,50,7.5701065,0.79,C2C12,Luciferase,AGTGTCGCTCCTACTAGTTTACAGTATATCATCGAGTGAGCCAGCCCTTC,<pad><pad><pad><pad><pad><pad><pad><pad><pad><pad><pad><pad><pad><pad><pad><pad><pad><pad><pad><pad><pad><pad><pad><pad><pad><pad><pad><pad><pad><pad><pad><pad><pad><pad><pad><pad><pad><pad><pad><pad><pad><pad><pad><pad><pad><pad><pad><pad><pad><pad>AGTGTCGCTCCTACTAGTTTACAGTATATCATCGAGTGAGCCAGCCCTTC
RV-UML-m050,AGTTTGGAACGAGGGGAAAATACTTGTTTCGAGCGATCGCGGGGGAAAGC,50,7.995923,0.48,C2C12,Luciferase,AGTTTGGAACGAGGGGAAAATACTTGTTTCGAGCGATCGCGGGGGAAAGC,<pad><pad><pad><pad><pad><pad><pad><pad><pad><pad><pad><pad><pad><pad><pad><pad><pad><pad><pad><pad><pad><pad><pad><pad><pad><pad><pad><pad><pad><pad><pad><pad><pad><pad><pad><pad><pad><pad><pad><pad><pad><pad><pad><pad><pad><pad><pad><pad><pad><pad>AGTTTGGAACGAGGGGAAAATACTTGTTTCGAGCGATCGCGGGGGAAAGC
RV-UML-m312,AGTTGCTTACAGCCTCGCACCTTGTTGTACCCGCGTTTATCCCTCATCTG,50,7.680101,0.76,C2C12,Luciferase,AGTTGCTTACAGCCTCGCACCTTGTTGTACCCGCGTTTATCCCTCATCTG,<pad><pad><pad><pad><pad><pad><pad><pad><pad><pad><pad><pad><pad><pad><pad><pad><pad><pad><pad><pad><pad><pad><pad><pad><pad><pad><pad><pad><pad><pad><pad><pad><pad><pad><pad><pad><pad><pad><pad><pad><pad><pad><pad><pad><pad><pad><pad><pad><pad><pad>AGTTGCTTACAGCCTCGCACCTTGTTGTACCCGCGTTTATCCCTCATCTG
RV-UML-m103,AGCGTGGTGGGCGGACCGGGGCGGTCCTGAGCCTGCGACCTCGCAGGCGACCTCGCTGGACCCTAAGTCCAGGCCACAGTCAGGGAAGGGCGCTGAGAGGCGAGCGTGAGCCCAGCGACAGGAGAGTGAGCTCACCACGCGCAGCGCC,148,7.2498145,0.74,C2C12,Luciferase,GGCGAGCGTGAGCCCAGCGACAGGAGAGTGAGCTCACCACGCGCAGCGCC,GACCTCGCTGGACCCTAAGTCCAGGCCACAGTCAGGGAAGGGCGCTGAGAGGCGAGCGTGAGCCCAGCGACAGGAGAGTGAGCTCACCACGCGCAGCGCC
RV-UML-m055,AGTTGGACTTGCGGACCACAAGGACAACGCGAGAAGGCATAGTCCATATC,50,8.020673,0.68,C2C12,Luciferase,AGTTGGACTTGCGGACCACAAGGACAACGCGAGAAGGCATAGTCCATATC,<pad><pad><pad><pad><pad><pad><pad><pad><pad><pad><pad><pad><pad><pad><pad><pad><pad><pad><pad><pad><pad><pad><pad><pad><pad><pad><pad><pad><pad><pad><pad><pad><pad><pad><pad><pad><pad><pad><pad><pad><pad><pad><pad><pad><pad><pad><pad><pad><pad><pad>AGTTGGACTTGCGGACCACAAGGACAACGCGAGAAGGCATAGTCCATATC
RV-UML-m106,AGAGGCGCCTGAGAGGCTCTCTACCGGTGAGGGTTTGCGGGGAAG,45,7.149589,0.65,C2C12,Luciferase,<pad><pad><pad><pad><pad>AGAGGCGCCTGAGAGGCTCTCTACCGGTGAGGGTTTGCGGGGAAG,<pad><pad><pad><pad><pad><pad><pad><pad><pad><pad><pad><pad><pad><pad><pad><pad><pad><pad><pad><pad><pad><pad><pad><pad><pad><pad><pad><pad><pad><pad><pad><pad><pad><pad><pad><pad><pad><pad><pad><pad><pad><pad><pad><pad><pad><pad><pad><pad><pad><pad><pad><pad><pad><pad><pad>AGAGGCGCCTGAGAGGCTCTCTACCGGTGAGGGTTTGCGGGGAAG
RV-UML-m029,AGCCGCAGATCGCTGGATCCTGTCACCGAGCCCTTCGGTGCTACAGGTTA,50,7.098519,0.6,C2C12,Luciferase,AGCCGCAGATCGCTGGATCCTGTCACCGAGCCCTTCGGTGCTACAGGTTA,<pad><pad><pad><pad><pad><pad><pad><pad><pad><pad><pad><pad><pad><pad><pad><pad><pad><pad><pad><pad><pad><pad><pad><pad><pad><pad><pad><pad><pad><pad><pad><pad><pad><pad><pad><pad><pad><pad><pad><pad><pad><pad><pad><pad><pad><pad><pad><pad><pad><pad>AGCCGCAGATCGCTGGATCCTGTCACCGAGCCCTTCGGTGCTACAGGTTA
RV-UML-m043,AGAAAATCAAAATACAATTTGCCCGCTGGACACCCAGCACAGCCTACGAC,50,7.5223184,0.59,C2C12,Luciferase,AGAAAATCAAAATACAATTTGCCCGCTGGACACCCAGCACAGCCTACGAC,<pad><pad><pad><pad><pad><pad><pad><pad><pad><pad><pad><pad><pad><pad><pad><pad><pad><pad><pad><pad><pad><pad><pad><pad><pad><pad><pad><pad><pad><pad><pad><pad><pad><pad><pad><pad><pad><pad><pad><pad><pad><pad><pad><pad><pad><pad><pad><pad><pad><pad>AGAAAATCAAAATACAATTTGCCCGCTGGACACCCAGCACAGCCTACGAC
RV-UML-m067,AGATACCTTTGACTACCGGTATTTGCTGGGCGCTATAAGTGCAGAGACCG,50,7.6366043,0.57,C2C12,Luciferase,AGATACCTTTGACTACCGGTATTTGCTGGGCGCTATAAGTGCAGAGACCG,<pad><pad><pad><pad><pad><pad><pad><pad><pad><pad><pad><pad><pad><pad><pad><pad><pad><pad><pad><pad><pad><pad><pad><pad><pad><pad><pad><pad><pad><pad><pad><pad><pad><pad><pad><pad><pad><pad><pad><pad><pad><pad><pad><pad><pad><pad><pad><pad><pad><pad>AGATACCTTTGACTACCGGTATTTGCTGGGCGCTATAAGTGCAGAGACCG
RV-UML-m056,AGAACTCGATTCGCGACGTATTTCAAATAATCGTAGTCTGCGGCTCAGTT,50,8.039064,0.57,C2C12,Luciferase,AGAACTCGATTCGCGACGTATTTCAAATAATCGTAGTCTGCGGCTCAGTT,<pad><pad><pad><pad><pad><pad><pad><pad><pad><pad><pad><pad><pad><pad><pad><pad><pad><pad><pad><pad><pad><pad><pad><pad><pad><pad><pad><pad><pad><pad><pad><pad><pad><pad><pad><pad><pad><pad><pad><pad><pad><pad><pad><pad><pad><pad><pad><pad><pad><pad>AGAACTCGATTCGCGACGTATTTCAAATAATCGTAGTCTGCGGCTCAGTT
RV-UML-m044,AGTTAGGAACACATCACTTCCCTGTTGTATTGGGATTATTTGTCCGACTA,50,8.062461,0.54,C2C12,Luciferase,AGTTAGGAACACATCACTTCCCTGTTGTATTGGGATTATTTGTCCGACTA,<pad><pad><pad><pad><pad><pad><pad><pad><pad><pad><pad><pad><pad><pad><pad><pad><pad><pad><pad><pad><pad><pad><pad><pad><pad><pad><pad><pad><pad><pad><pad><pad><pad><pad><pad><pad><pad><pad><pad><pad><pad><pad><pad><pad><pad><pad><pad><pad><pad><pad>AGTTAGGAACACATCACTTCCCTGTTGTATTGGGATTATTTGTCCGACTA
RV-UML-m045,AGCCAGTTTCGCTTGGCTCAACCAGCCCATATACAAAGACCCCGACGGCT,50,7.765576,0.51,C2C12,Luciferase,AGCCAGTTTCGCTTGGCTCAACCAGCCCATATACAAAGACCCCGACGGCT,<pad><pad><pad><pad><pad><pad><pad><pad><pad><pad><pad><pad><pad><pad><pad><pad><pad><pad><pad><pad><pad><pad><pad><pad><pad><pad><pad><pad><pad><pad><pad><pad><pad><pad><pad><pad><pad><pad><pad><pad><pad><pad><pad><pad><pad><pad><pad><pad><pad><pad>AGCCAGTTTCGCTTGGCTCAACCAGCCCATATACAAAGACCCCGACGGCT
