rvac_ID,utr_originial_varylength,label,y_pred_pushLen50_MRL,Length,Cell_Line,ORF Name,utr_50,utr_100
RV-UML-m001,AGGGCGAAGAAACGTTAACGAGTATTTCAATTATTAGAGAGTTCATTGCT,1.03,8.313910484313965,50,C2C12,Luciferase,AGGGCGAAGAAACGTTAACGAGTATTTCAATTATTAGAGAGTTCATTGCT,<pad><pad><pad><pad><pad><pad><pad><pad><pad><pad><pad><pad><pad><pad><pad><pad><pad><pad><pad><pad><pad><pad><pad><pad><pad><pad><pad><pad><pad><pad><pad><pad><pad><pad><pad><pad><pad><pad><pad><pad><pad><pad><pad><pad><pad><pad><pad><pad><pad><pad>AGGGCGAAGAAACGTTAACGAGTATTTCAATTATTAGAGAGTTCATTGCT
RV-UML-m002,AGGTCCGTTATATTATTTATCTTGCAGATCAAACTTCAGAGAGGAGGGCC,1.33,8.257730484008789,50,C2C12,Luciferase,AGGTCCGTTATATTATTTATCTTGCAGATCAAACTTCAGAGAGGAGGGCC,<pad><pad><pad><pad><pad><pad><pad><pad><pad><pad><pad><pad><pad><pad><pad><pad><pad><pad><pad><pad><pad><pad><pad><pad><pad><pad><pad><pad><pad><pad><pad><pad><pad><pad><pad><pad><pad><pad><pad><pad><pad><pad><pad><pad><pad><pad><pad><pad><pad><pad>AGGTCCGTTATATTATTTATCTTGCAGATCAAACTTCAGAGAGGAGGGCC
RV-UML-m003,AGTTTCGTTCACTGTCCTTGACTAGAGAATATAATAAAAAGATTGTTGCT,0.52,8.41188907623291,50,C2C12,Luciferase,AGTTTCGTTCACTGTCCTTGACTAGAGAATATAATAAAAAGATTGTTGCT,<pad><pad><pad><pad><pad><pad><pad><pad><pad><pad><pad><pad><pad><pad><pad><pad><pad><pad><pad><pad><pad><pad><pad><pad><pad><pad><pad><pad><pad><pad><pad><pad><pad><pad><pad><pad><pad><pad><pad><pad><pad><pad><pad><pad><pad><pad><pad><pad><pad><pad>AGTTTCGTTCACTGTCCTTGACTAGAGAATATAATAAAAAGATTGTTGCT
RV-UML-m004,AGGGACCAAGAGTTCGATACCTCATCGAACTGCGAGTCATAAGCAGGGCC,1.2,8.255828857421875,50,C2C12,Luciferase,AGGGACCAAGAGTTCGATACCTCATCGAACTGCGAGTCATAAGCAGGGCC,<pad><pad><pad><pad><pad><pad><pad><pad><pad><pad><pad><pad><pad><pad><pad><pad><pad><pad><pad><pad><pad><pad><pad><pad><pad><pad><pad><pad><pad><pad><pad><pad><pad><pad><pad><pad><pad><pad><pad><pad><pad><pad><pad><pad><pad><pad><pad><pad><pad><pad>AGGGACCAAGAGTTCGATACCTCATCGAACTGCGAGTCATAAGCAGGGCC
RV-UML-m005,AGTGGACTTGTTATCTCGCATTTGCGCAATCCACTATACTGCGTTGGGCC,1.12,8.198856353759766,50,C2C12,Luciferase,AGTGGACTTGTTATCTCGCATTTGCGCAATCCACTATACTGCGTTGGGCC,<pad><pad><pad><pad><pad><pad><pad><pad><pad><pad><pad><pad><pad><pad><pad><pad><pad><pad><pad><pad><pad><pad><pad><pad><pad><pad><pad><pad><pad><pad><pad><pad><pad><pad><pad><pad><pad><pad><pad><pad><pad><pad><pad><pad><pad><pad><pad><pad><pad><pad>AGTGGACTTGTTATCTCGCATTTGCGCAATCCACTATACTGCGTTGGGCC
RV-UML-m006,AGGCCGAGTCATTATCATACTTGGTTCAATCTATTGAACGAAGTATTGCT,1.2,8.304283142089844,50,C2C12,Luciferase,AGGCCGAGTCATTATCATACTTGGTTCAATCTATTGAACGAAGTATTGCT,<pad><pad><pad><pad><pad><pad><pad><pad><pad><pad><pad><pad><pad><pad><pad><pad><pad><pad><pad><pad><pad><pad><pad><pad><pad><pad><pad><pad><pad><pad><pad><pad><pad><pad><pad><pad><pad><pad><pad><pad><pad><pad><pad><pad><pad><pad><pad><pad><pad><pad>AGGCCGAGTCATTATCATACTTGGTTCAATCTATTGAACGAAGTATTGCT
RV-UML-m007,AGGGATTTACCGAGAATCTAGTTACAGAACAACCTCTTCCTAAAAGGGCC,1.2,8.344178199768066,50,C2C12,Luciferase,AGGGATTTACCGAGAATCTAGTTACAGAACAACCTCTTCCTAAAAGGGCC,<pad><pad><pad><pad><pad><pad><pad><pad><pad><pad><pad><pad><pad><pad><pad><pad><pad><pad><pad><pad><pad><pad><pad><pad><pad><pad><pad><pad><pad><pad><pad><pad><pad><pad><pad><pad><pad><pad><pad><pad><pad><pad><pad><pad><pad><pad><pad><pad><pad><pad>AGGGATTTACCGAGAATCTAGTTACAGAACAACCTCTTCCTAAAAGGGCC
RV-UML-m008,AGGGAATACAACCTTATTCTCCGATTGCAAAGCGTAGTGTAATTAGCGTA,1.11,8.337833404541016,50,C2C12,Luciferase,AGGGAATACAACCTTATTCTCCGATTGCAAAGCGTAGTGTAATTAGCGTA,<pad><pad><pad><pad><pad><pad><pad><pad><pad><pad><pad><pad><pad><pad><pad><pad><pad><pad><pad><pad><pad><pad><pad><pad><pad><pad><pad><pad><pad><pad><pad><pad><pad><pad><pad><pad><pad><pad><pad><pad><pad><pad><pad><pad><pad><pad><pad><pad><pad><pad>AGGGAATACAACCTTATTCTCCGATTGCAAAGCGTAGTGTAATTAGCGTA
RV-UML-m009,AGTTAGACGTTATTTGGAGAGAATTCATTAACAAATTCTCTTACGGGGCC,1.04,8.283391952514648,50,C2C12,Luciferase,AGTTAGACGTTATTTGGAGAGAATTCATTAACAAATTCTCTTACGGGGCC,<pad><pad><pad><pad><pad><pad><pad><pad><pad><pad><pad><pad><pad><pad><pad><pad><pad><pad><pad><pad><pad><pad><pad><pad><pad><pad><pad><pad><pad><pad><pad><pad><pad><pad><pad><pad><pad><pad><pad><pad><pad><pad><pad><pad><pad><pad><pad><pad><pad><pad>AGTTAGACGTTATTTGGAGAGAATTCATTAACAAATTCTCTTACGGGGCC
RV-UML-m010,AGCGGATCTATCTACTTGGACGGATCAATTCAAACGATTACCTGAGGGCC,1.02,8.345869064331055,50,C2C12,Luciferase,AGCGGATCTATCTACTTGGACGGATCAATTCAAACGATTACCTGAGGGCC,<pad><pad><pad><pad><pad><pad><pad><pad><pad><pad><pad><pad><pad><pad><pad><pad><pad><pad><pad><pad><pad><pad><pad><pad><pad><pad><pad><pad><pad><pad><pad><pad><pad><pad><pad><pad><pad><pad><pad><pad><pad><pad><pad><pad><pad><pad><pad><pad><pad><pad>AGCGGATCTATCTACTTGGACGGATCAATTCAAACGATTACCTGAGGGCC
RV-UML-m011,AGCAGAGGATAAATTTGGAGAGATTCCGTATTCTGCATCACCAAATTGTA,1.1,8.354278564453125,50,C2C12,Luciferase,AGCAGAGGATAAATTTGGAGAGATTCCGTATTCTGCATCACCAAATTGTA,<pad><pad><pad><pad><pad><pad><pad><pad><pad><pad><pad><pad><pad><pad><pad><pad><pad><pad><pad><pad><pad><pad><pad><pad><pad><pad><pad><pad><pad><pad><pad><pad><pad><pad><pad><pad><pad><pad><pad><pad><pad><pad><pad><pad><pad><pad><pad><pad><pad><pad>AGCAGAGGATAAATTTGGAGAGATTCCGTATTCTGCATCACCAAATTGTA
RV-UML-m012,AGAGGTATACTGCACCTCAGAGTACAATCCACCTCTCGAGTATCGGGGCC,1.08,8.109383583068848,50,C2C12,Luciferase,AGAGGTATACTGCACCTCAGAGTACAATCCACCTCTCGAGTATCGGGGCC,<pad><pad><pad><pad><pad><pad><pad><pad><pad><pad><pad><pad><pad><pad><pad><pad><pad><pad><pad><pad><pad><pad><pad><pad><pad><pad><pad><pad><pad><pad><pad><pad><pad><pad><pad><pad><pad><pad><pad><pad><pad><pad><pad><pad><pad><pad><pad><pad><pad><pad>AGAGGTATACTGCACCTCAGAGTACAATCCACCTCTCGAGTATCGGGGCC
RV-UML-m013,AGGAGAGGATCCATATCAATCGAGTTCGTAGAATTCCCGTGAAAGATAAC,1.11,8.315723419189453,50,C2C12,Luciferase,AGGAGAGGATCCATATCAATCGAGTTCGTAGAATTCCCGTGAAAGATAAC,<pad><pad><pad><pad><pad><pad><pad><pad><pad><pad><pad><pad><pad><pad><pad><pad><pad><pad><pad><pad><pad><pad><pad><pad><pad><pad><pad><pad><pad><pad><pad><pad><pad><pad><pad><pad><pad><pad><pad><pad><pad><pad><pad><pad><pad><pad><pad><pad><pad><pad>AGGAGAGGATCCATATCAATCGAGTTCGTAGAATTCCCGTGAAAGATAAC
RV-UML-m014,AGGGTTTGAACATATTCGTTTACTTTCCAATCCCTAACTTAGTCCTTGCT,1.13,8.414676666259766,50,C2C12,Luciferase,AGGGTTTGAACATATTCGTTTACTTTCCAATCCCTAACTTAGTCCTTGCT,<pad><pad><pad><pad><pad><pad><pad><pad><pad><pad><pad><pad><pad><pad><pad><pad><pad><pad><pad><pad><pad><pad><pad><pad><pad><pad><pad><pad><pad><pad><pad><pad><pad><pad><pad><pad><pad><pad><pad><pad><pad><pad><pad><pad><pad><pad><pad><pad><pad><pad>AGGGTTTGAACATATTCGTTTACTTTCCAATCCCTAACTTAGTCCTTGCT
RV-UML-m015,AGATACACTCGAAACCTGTGTTAAGCATTACTTCTGCTGTAATCGGGGGC,1.13,8.070358276367188,50,C2C12,Luciferase,AGATACACTCGAAACCTGTGTTAAGCATTACTTCTGCTGTAATCGGGGGC,<pad><pad><pad><pad><pad><pad><pad><pad><pad><pad><pad><pad><pad><pad><pad><pad><pad><pad><pad><pad><pad><pad><pad><pad><pad><pad><pad><pad><pad><pad><pad><pad><pad><pad><pad><pad><pad><pad><pad><pad><pad><pad><pad><pad><pad><pad><pad><pad><pad><pad>AGATACACTCGAAACCTGTGTTAAGCATTACTTCTGCTGTAATCGGGGGC
RV-UML-m016,AGTCGTTGTCCAAATTGTCATTCGTCTGTAGAGTTCTTCTTCTAGGGGCT,0.62,8.30665397644043,50,C2C12,Luciferase,AGTCGTTGTCCAAATTGTCATTCGTCTGTAGAGTTCTTCTTCTAGGGGCT,<pad><pad><pad><pad><pad><pad><pad><pad><pad><pad><pad><pad><pad><pad><pad><pad><pad><pad><pad><pad><pad><pad><pad><pad><pad><pad><pad><pad><pad><pad><pad><pad><pad><pad><pad><pad><pad><pad><pad><pad><pad><pad><pad><pad><pad><pad><pad><pad><pad><pad>AGTCGTTGTCCAAATTGTCATTCGTCTGTAGAGTTCTTCTTCTAGGGGCT
RV-UML-m017,AGAGAAAGAGTTTCGAGAAAGTTGCGATACACACCGACCTAATCCGTGTC,1.26,8.365837097167969,50,C2C12,Luciferase,AGAGAAAGAGTTTCGAGAAAGTTGCGATACACACCGACCTAATCCGTGTC,<pad><pad><pad><pad><pad><pad><pad><pad><pad><pad><pad><pad><pad><pad><pad><pad><pad><pad><pad><pad><pad><pad><pad><pad><pad><pad><pad><pad><pad><pad><pad><pad><pad><pad><pad><pad><pad><pad><pad><pad><pad><pad><pad><pad><pad><pad><pad><pad><pad><pad>AGAGAAAGAGTTTCGAGAAAGTTGCGATACACACCGACCTAATCCGTGTC
RV-UML-m018,AGTGATATAGAGTTATAGCGAAATTCCCATATCAATCAAGCATCAGGGGC,1.1,8.162456512451172,50,C2C12,Luciferase,AGTGATATAGAGTTATAGCGAAATTCCCATATCAATCAAGCATCAGGGGC,<pad><pad><pad><pad><pad><pad><pad><pad><pad><pad><pad><pad><pad><pad><pad><pad><pad><pad><pad><pad><pad><pad><pad><pad><pad><pad><pad><pad><pad><pad><pad><pad><pad><pad><pad><pad><pad><pad><pad><pad><pad><pad><pad><pad><pad><pad><pad><pad><pad><pad>AGTGATATAGAGTTATAGCGAAATTCCCATATCAATCAAGCATCAGGGGC
RV-UML-m019,AGTGGATTTATATAGCGGAATTTCGAGACGTTTCGCAAACTACTGAGGCC,1.04,8.331524848937988,50,C2C12,Luciferase,AGTGGATTTATATAGCGGAATTTCGAGACGTTTCGCAAACTACTGAGGCC,<pad><pad><pad><pad><pad><pad><pad><pad><pad><pad><pad><pad><pad><pad><pad><pad><pad><pad><pad><pad><pad><pad><pad><pad><pad><pad><pad><pad><pad><pad><pad><pad><pad><pad><pad><pad><pad><pad><pad><pad><pad><pad><pad><pad><pad><pad><pad><pad><pad><pad>AGTGGATTTATATAGCGGAATTTCGAGACGTTTCGCAAACTACTGAGGCC
RV-UML-m020,AGGTACTTTCCCTTTCTACCTACACAAGGATCCCACACACAGAGAGGGTC,0.97,8.103218078613281,50,C2C12,Luciferase,AGGTACTTTCCCTTTCTACCTACACAAGGATCCCACACACAGAGAGGGTC,<pad><pad><pad><pad><pad><pad><pad><pad><pad><pad><pad><pad><pad><pad><pad><pad><pad><pad><pad><pad><pad><pad><pad><pad><pad><pad><pad><pad><pad><pad><pad><pad><pad><pad><pad><pad><pad><pad><pad><pad><pad><pad><pad><pad><pad><pad><pad><pad><pad><pad>AGGTACTTTCCCTTTCTACCTACACAAGGATCCCACACACAGAGAGGGTC
RV-UML-m021,AGGTGTTTCTCGACAGACGAAAACTGCTCCTACACACCTTTAGTTTTGCT,1.0,8.252985000610352,50,C2C12,Luciferase,AGGTGTTTCTCGACAGACGAAAACTGCTCCTACACACCTTTAGTTTTGCT,<pad><pad><pad><pad><pad><pad><pad><pad><pad><pad><pad><pad><pad><pad><pad><pad><pad><pad><pad><pad><pad><pad><pad><pad><pad><pad><pad><pad><pad><pad><pad><pad><pad><pad><pad><pad><pad><pad><pad><pad><pad><pad><pad><pad><pad><pad><pad><pad><pad><pad>AGGTGTTTCTCGACAGACGAAAACTGCTCCTACACACCTTTAGTTTTGCT
RV-UML-m022,AGCCTTCACTCGATTCCTGGGAATTGTCACGAACTTATCTTCCGGTGAGC,0.99,8.105878829956055,50,C2C12,Luciferase,AGCCTTCACTCGATTCCTGGGAATTGTCACGAACTTATCTTCCGGTGAGC,<pad><pad><pad><pad><pad><pad><pad><pad><pad><pad><pad><pad><pad><pad><pad><pad><pad><pad><pad><pad><pad><pad><pad><pad><pad><pad><pad><pad><pad><pad><pad><pad><pad><pad><pad><pad><pad><pad><pad><pad><pad><pad><pad><pad><pad><pad><pad><pad><pad><pad>AGCCTTCACTCGATTCCTGGGAATTGTCACGAACTTATCTTCCGGTGAGC
RV-UML-m023,AGGGAAACCTTTCCATAATCCGAATCCTGTTCCGCTTACTTTATTCTGCT,1.07,8.494771003723145,50,C2C12,Luciferase,AGGGAAACCTTTCCATAATCCGAATCCTGTTCCGCTTACTTTATTCTGCT,<pad><pad><pad><pad><pad><pad><pad><pad><pad><pad><pad><pad><pad><pad><pad><pad><pad><pad><pad><pad><pad><pad><pad><pad><pad><pad><pad><pad><pad><pad><pad><pad><pad><pad><pad><pad><pad><pad><pad><pad><pad><pad><pad><pad><pad><pad><pad><pad><pad><pad>AGGGAAACCTTTCCATAATCCGAATCCTGTTCCGCTTACTTTATTCTGCT
RV-UML-m024,AGGGTGCTCTAACACATACCGCCAAGTCACCTTTCTACGGTACGCCAACC,1.04,7.5291218757629395,50,C2C12,Luciferase,AGGGTGCTCTAACACATACCGCCAAGTCACCTTTCTACGGTACGCCAACC,<pad><pad><pad><pad><pad><pad><pad><pad><pad><pad><pad><pad><pad><pad><pad><pad><pad><pad><pad><pad><pad><pad><pad><pad><pad><pad><pad><pad><pad><pad><pad><pad><pad><pad><pad><pad><pad><pad><pad><pad><pad><pad><pad><pad><pad><pad><pad><pad><pad><pad>AGGGTGCTCTAACACATACCGCCAAGTCACCTTTCTACGGTACGCCAACC
RV-UML-m025,AGGCGAAGTCTTCGACTACCACTACCCTCGCCGTCGCGGTCTTTGCTGTC,1.21,7.380821228027344,50,C2C12,Luciferase,AGGCGAAGTCTTCGACTACCACTACCCTCGCCGTCGCGGTCTTTGCTGTC,<pad><pad><pad><pad><pad><pad><pad><pad><pad><pad><pad><pad><pad><pad><pad><pad><pad><pad><pad><pad><pad><pad><pad><pad><pad><pad><pad><pad><pad><pad><pad><pad><pad><pad><pad><pad><pad><pad><pad><pad><pad><pad><pad><pad><pad><pad><pad><pad><pad><pad>AGGCGAAGTCTTCGACTACCACTACCCTCGCCGTCGCGGTCTTTGCTGTC
RV-UML-m026,AGTTGATCTTCGTCCGTGCATCACACCGGTCTTGTCCCCTGAACAGGGTA,1.16,6.534233093261719,50,C2C12,Luciferase,AGTTGATCTTCGTCCGTGCATCACACCGGTCTTGTCCCCTGAACAGGGTA,<pad><pad><pad><pad><pad><pad><pad><pad><pad><pad><pad><pad><pad><pad><pad><pad><pad><pad><pad><pad><pad><pad><pad><pad><pad><pad><pad><pad><pad><pad><pad><pad><pad><pad><pad><pad><pad><pad><pad><pad><pad><pad><pad><pad><pad><pad><pad><pad><pad><pad>AGTTGATCTTCGTCCGTGCATCACACCGGTCTTGTCCCCTGAACAGGGTA
RV-UML-m027,AGGACCTTCATCCAAGTGACCTCAGGTGTATTGCGTAACAACGTTCGACC,1.12,7.8815598487854,50,C2C12,Luciferase,AGGACCTTCATCCAAGTGACCTCAGGTGTATTGCGTAACAACGTTCGACC,<pad><pad><pad><pad><pad><pad><pad><pad><pad><pad><pad><pad><pad><pad><pad><pad><pad><pad><pad><pad><pad><pad><pad><pad><pad><pad><pad><pad><pad><pad><pad><pad><pad><pad><pad><pad><pad><pad><pad><pad><pad><pad><pad><pad><pad><pad><pad><pad><pad><pad>AGGACCTTCATCCAAGTGACCTCAGGTGTATTGCGTAACAACGTTCGACC
RV-UML-m028,AGACCGGGTTTCTCTGCATAATCTTTATACTGGCAGATAAAGCCATTGCC,1.16,8.064140319824219,50,C2C12,Luciferase,AGACCGGGTTTCTCTGCATAATCTTTATACTGGCAGATAAAGCCATTGCC,<pad><pad><pad><pad><pad><pad><pad><pad><pad><pad><pad><pad><pad><pad><pad><pad><pad><pad><pad><pad><pad><pad><pad><pad><pad><pad><pad><pad><pad><pad><pad><pad><pad><pad><pad><pad><pad><pad><pad><pad><pad><pad><pad><pad><pad><pad><pad><pad><pad><pad>AGACCGGGTTTCTCTGCATAATCTTTATACTGGCAGATAAAGCCATTGCC
RV-UML-m029,AGCCGCAGATCGCTGGATCCTGTCACCGAGCCCTTCGGTGCTACAGGTTA,0.6,7.195201396942139,50,C2C12,Luciferase,AGCCGCAGATCGCTGGATCCTGTCACCGAGCCCTTCGGTGCTACAGGTTA,<pad><pad><pad><pad><pad><pad><pad><pad><pad><pad><pad><pad><pad><pad><pad><pad><pad><pad><pad><pad><pad><pad><pad><pad><pad><pad><pad><pad><pad><pad><pad><pad><pad><pad><pad><pad><pad><pad><pad><pad><pad><pad><pad><pad><pad><pad><pad><pad><pad><pad>AGCCGCAGATCGCTGGATCCTGTCACCGAGCCCTTCGGTGCTACAGGTTA
RV-UML-m030,AGAGGGTTTAAGCCGCAGCCCTGGAGATCACCCCACTTCCCCAGCGCATC,1.1,7.481829643249512,50,C2C12,Luciferase,AGAGGGTTTAAGCCGCAGCCCTGGAGATCACCCCACTTCCCCAGCGCATC,<pad><pad><pad><pad><pad><pad><pad><pad><pad><pad><pad><pad><pad><pad><pad><pad><pad><pad><pad><pad><pad><pad><pad><pad><pad><pad><pad><pad><pad><pad><pad><pad><pad><pad><pad><pad><pad><pad><pad><pad><pad><pad><pad><pad><pad><pad><pad><pad><pad><pad>AGAGGGTTTAAGCCGCAGCCCTGGAGATCACCCCACTTCCCCAGCGCATC
RV-UML-m031,AGGAACGTACCCTAATCAGCGTTACCACCCTTCATACACCGACGTTATTC,1.07,7.97944450378418,50,C2C12,Luciferase,AGGAACGTACCCTAATCAGCGTTACCACCCTTCATACACCGACGTTATTC,<pad><pad><pad><pad><pad><pad><pad><pad><pad><pad><pad><pad><pad><pad><pad><pad><pad><pad><pad><pad><pad><pad><pad><pad><pad><pad><pad><pad><pad><pad><pad><pad><pad><pad><pad><pad><pad><pad><pad><pad><pad><pad><pad><pad><pad><pad><pad><pad><pad><pad>AGGAACGTACCCTAATCAGCGTTACCACCCTTCATACACCGACGTTATTC
RV-UML-m032,AGGGAGGTTTCAGTTCAGTATCTCCTATAACGAACTTCGAGAGGGGCTTC,1.1,8.123947143554688,50,C2C12,Luciferase,AGGGAGGTTTCAGTTCAGTATCTCCTATAACGAACTTCGAGAGGGGCTTC,<pad><pad><pad><pad><pad><pad><pad><pad><pad><pad><pad><pad><pad><pad><pad><pad><pad><pad><pad><pad><pad><pad><pad><pad><pad><pad><pad><pad><pad><pad><pad><pad><pad><pad><pad><pad><pad><pad><pad><pad><pad><pad><pad><pad><pad><pad><pad><pad><pad><pad>AGGGAGGTTTCAGTTCAGTATCTCCTATAACGAACTTCGAGAGGGGCTTC
RV-UML-m033,AGGAGTCATTTCGTTCGACACCTTTTACGCCTCCACACCAGTAGTGGATC,1.12,7.946426391601562,50,C2C12,Luciferase,AGGAGTCATTTCGTTCGACACCTTTTACGCCTCCACACCAGTAGTGGATC,<pad><pad><pad><pad><pad><pad><pad><pad><pad><pad><pad><pad><pad><pad><pad><pad><pad><pad><pad><pad><pad><pad><pad><pad><pad><pad><pad><pad><pad><pad><pad><pad><pad><pad><pad><pad><pad><pad><pad><pad><pad><pad><pad><pad><pad><pad><pad><pad><pad><pad>AGGAGTCATTTCGTTCGACACCTTTTACGCCTCCACACCAGTAGTGGATC
RV-UML-m034,AGCGTTGTGCGGATTCCTGCGATACAAGCCGCCGCATATACAGCGCAGCT,0.63,7.696877479553223,50,C2C12,Luciferase,AGCGTTGTGCGGATTCCTGCGATACAAGCCGCCGCATATACAGCGCAGCT,<pad><pad><pad><pad><pad><pad><pad><pad><pad><pad><pad><pad><pad><pad><pad><pad><pad><pad><pad><pad><pad><pad><pad><pad><pad><pad><pad><pad><pad><pad><pad><pad><pad><pad><pad><pad><pad><pad><pad><pad><pad><pad><pad><pad><pad><pad><pad><pad><pad><pad>AGCGTTGTGCGGATTCCTGCGATACAAGCCGCCGCATATACAGCGCAGCT
RV-UML-m035,AGGCACGCTAAGGTTATCTGCGTCTGTTTACCCTCTACGAACTTTTCAGC,1.05,8.041118621826172,50,C2C12,Luciferase,AGGCACGCTAAGGTTATCTGCGTCTGTTTACCCTCTACGAACTTTTCAGC,<pad><pad><pad><pad><pad><pad><pad><pad><pad><pad><pad><pad><pad><pad><pad><pad><pad><pad><pad><pad><pad><pad><pad><pad><pad><pad><pad><pad><pad><pad><pad><pad><pad><pad><pad><pad><pad><pad><pad><pad><pad><pad><pad><pad><pad><pad><pad><pad><pad><pad>AGGCACGCTAAGGTTATCTGCGTCTGTTTACCCTCTACGAACTTTTCAGC
RV-UML-m036,AGATTCAATAGGGCTTTTGGATTCTTGGATTGGTGCTACAACATCACGGT,0.95,7.923321723937988,50,C2C12,Luciferase,AGATTCAATAGGGCTTTTGGATTCTTGGATTGGTGCTACAACATCACGGT,<pad><pad><pad><pad><pad><pad><pad><pad><pad><pad><pad><pad><pad><pad><pad><pad><pad><pad><pad><pad><pad><pad><pad><pad><pad><pad><pad><pad><pad><pad><pad><pad><pad><pad><pad><pad><pad><pad><pad><pad><pad><pad><pad><pad><pad><pad><pad><pad><pad><pad>AGATTCAATAGGGCTTTTGGATTCTTGGATTGGTGCTACAACATCACGGT
RV-UML-m037,AGGAGGTTCGCCTTGCGCGCATCGCGCCTCAGTCGCACGTGGCGAGACTC,1.11,6.870367050170898,50,C2C12,Luciferase,AGGAGGTTCGCCTTGCGCGCATCGCGCCTCAGTCGCACGTGGCGAGACTC,<pad><pad><pad><pad><pad><pad><pad><pad><pad><pad><pad><pad><pad><pad><pad><pad><pad><pad><pad><pad><pad><pad><pad><pad><pad><pad><pad><pad><pad><pad><pad><pad><pad><pad><pad><pad><pad><pad><pad><pad><pad><pad><pad><pad><pad><pad><pad><pad><pad><pad>AGGAGGTTCGCCTTGCGCGCATCGCGCCTCAGTCGCACGTGGCGAGACTC
RV-UML-m038,AGCCGGAACACGGTATCTGTGCGTTCGTAATCAGTACTAACTCTATCCAG,1.19,7.926025390625,50,C2C12,Luciferase,AGCCGGAACACGGTATCTGTGCGTTCGTAATCAGTACTAACTCTATCCAG,<pad><pad><pad><pad><pad><pad><pad><pad><pad><pad><pad><pad><pad><pad><pad><pad><pad><pad><pad><pad><pad><pad><pad><pad><pad><pad><pad><pad><pad><pad><pad><pad><pad><pad><pad><pad><pad><pad><pad><pad><pad><pad><pad><pad><pad><pad><pad><pad><pad><pad>AGCCGGAACACGGTATCTGTGCGTTCGTAATCAGTACTAACTCTATCCAG
RV-UML-m039,AGTCGGACATAGAGAGGTCAGATACTTCTCTTGGGAGAATCACGTTCACA,0.57,8.125448226928711,50,C2C12,Luciferase,AGTCGGACATAGAGAGGTCAGATACTTCTCTTGGGAGAATCACGTTCACA,<pad><pad><pad><pad><pad><pad><pad><pad><pad><pad><pad><pad><pad><pad><pad><pad><pad><pad><pad><pad><pad><pad><pad><pad><pad><pad><pad><pad><pad><pad><pad><pad><pad><pad><pad><pad><pad><pad><pad><pad><pad><pad><pad><pad><pad><pad><pad><pad><pad><pad>AGTCGGACATAGAGAGGTCAGATACTTCTCTTGGGAGAATCACGTTCACA
RV-UML-m040,AGTCAGACGCCCCATACGCATTAGGCTGGTCTATCATCTACTACCTTCGC,1.02,7.222174644470215,50,C2C12,Luciferase,AGTCAGACGCCCCATACGCATTAGGCTGGTCTATCATCTACTACCTTCGC,<pad><pad><pad><pad><pad><pad><pad><pad><pad><pad><pad><pad><pad><pad><pad><pad><pad><pad><pad><pad><pad><pad><pad><pad><pad><pad><pad><pad><pad><pad><pad><pad><pad><pad><pad><pad><pad><pad><pad><pad><pad><pad><pad><pad><pad><pad><pad><pad><pad><pad>AGTCAGACGCCCCATACGCATTAGGCTGGTCTATCATCTACTACCTTCGC
RV-UML-m041,AGGTCCTTCTGGGGCTTCCGTCGTATCTCCGCCAGGACGGACGAAAAAAA,1.02,7.465741157531738,50,C2C12,Luciferase,AGGTCCTTCTGGGGCTTCCGTCGTATCTCCGCCAGGACGGACGAAAAAAA,<pad><pad><pad><pad><pad><pad><pad><pad><pad><pad><pad><pad><pad><pad><pad><pad><pad><pad><pad><pad><pad><pad><pad><pad><pad><pad><pad><pad><pad><pad><pad><pad><pad><pad><pad><pad><pad><pad><pad><pad><pad><pad><pad><pad><pad><pad><pad><pad><pad><pad>AGGTCCTTCTGGGGCTTCCGTCGTATCTCCGCCAGGACGGACGAAAAAAA
RV-UML-m042,AGTCCCGTAGTTTGGCCGCACTTCACCGAAAGGGACATCGCCGAGACACG,0.95,7.678448677062988,50,C2C12,Luciferase,AGTCCCGTAGTTTGGCCGCACTTCACCGAAAGGGACATCGCCGAGACACG,<pad><pad><pad><pad><pad><pad><pad><pad><pad><pad><pad><pad><pad><pad><pad><pad><pad><pad><pad><pad><pad><pad><pad><pad><pad><pad><pad><pad><pad><pad><pad><pad><pad><pad><pad><pad><pad><pad><pad><pad><pad><pad><pad><pad><pad><pad><pad><pad><pad><pad>AGTCCCGTAGTTTGGCCGCACTTCACCGAAAGGGACATCGCCGAGACACG
RV-UML-m043,AGAAAATCAAAATACAATTTGCCCGCTGGACACCCAGCACAGCCTACGAC,0.59,7.709508419036865,50,C2C12,Luciferase,AGAAAATCAAAATACAATTTGCCCGCTGGACACCCAGCACAGCCTACGAC,<pad><pad><pad><pad><pad><pad><pad><pad><pad><pad><pad><pad><pad><pad><pad><pad><pad><pad><pad><pad><pad><pad><pad><pad><pad><pad><pad><pad><pad><pad><pad><pad><pad><pad><pad><pad><pad><pad><pad><pad><pad><pad><pad><pad><pad><pad><pad><pad><pad><pad>AGAAAATCAAAATACAATTTGCCCGCTGGACACCCAGCACAGCCTACGAC
RV-UML-m044,AGTTAGGAACACATCACTTCCCTGTTGTATTGGGATTATTTGTCCGACTA,0.54,7.926207065582275,50,C2C12,Luciferase,AGTTAGGAACACATCACTTCCCTGTTGTATTGGGATTATTTGTCCGACTA,<pad><pad><pad><pad><pad><pad><pad><pad><pad><pad><pad><pad><pad><pad><pad><pad><pad><pad><pad><pad><pad><pad><pad><pad><pad><pad><pad><pad><pad><pad><pad><pad><pad><pad><pad><pad><pad><pad><pad><pad><pad><pad><pad><pad><pad><pad><pad><pad><pad><pad>AGTTAGGAACACATCACTTCCCTGTTGTATTGGGATTATTTGTCCGACTA
RV-UML-m045,AGCCAGTTTCGCTTGGCTCAACCAGCCCATATACAAAGACCCCGACGGCT,0.51,7.69856071472168,50,C2C12,Luciferase,AGCCAGTTTCGCTTGGCTCAACCAGCCCATATACAAAGACCCCGACGGCT,<pad><pad><pad><pad><pad><pad><pad><pad><pad><pad><pad><pad><pad><pad><pad><pad><pad><pad><pad><pad><pad><pad><pad><pad><pad><pad><pad><pad><pad><pad><pad><pad><pad><pad><pad><pad><pad><pad><pad><pad><pad><pad><pad><pad><pad><pad><pad><pad><pad><pad>AGCCAGTTTCGCTTGGCTCAACCAGCCCATATACAAAGACCCCGACGGCT
RV-UML-m046,AGGAGAGACTGCGAGGTGTAGTCTCGATTAGCTCACTACTCGGACTGACC,0.96,8.09601879119873,50,C2C12,Luciferase,AGGAGAGACTGCGAGGTGTAGTCTCGATTAGCTCACTACTCGGACTGACC,<pad><pad><pad><pad><pad><pad><pad><pad><pad><pad><pad><pad><pad><pad><pad><pad><pad><pad><pad><pad><pad><pad><pad><pad><pad><pad><pad><pad><pad><pad><pad><pad><pad><pad><pad><pad><pad><pad><pad><pad><pad><pad><pad><pad><pad><pad><pad><pad><pad><pad>AGGAGAGACTGCGAGGTGTAGTCTCGATTAGCTCACTACTCGGACTGACC
RV-UML-m047,AGCCAATTTCGACGGAATCGAGCGTTGGAGTTCACCTCCAATACGTCATC,1.12,7.870883464813232,50,C2C12,Luciferase,AGCCAATTTCGACGGAATCGAGCGTTGGAGTTCACCTCCAATACGTCATC,<pad><pad><pad><pad><pad><pad><pad><pad><pad><pad><pad><pad><pad><pad><pad><pad><pad><pad><pad><pad><pad><pad><pad><pad><pad><pad><pad><pad><pad><pad><pad><pad><pad><pad><pad><pad><pad><pad><pad><pad><pad><pad><pad><pad><pad><pad><pad><pad><pad><pad>AGCCAATTTCGACGGAATCGAGCGTTGGAGTTCACCTCCAATACGTCATC
RV-UML-m048,AGATACGTCAACTGGGACTCGGATCCTTACAGAACCGAGTTATAATCTCA,1.15,8.187263488769531,50,C2C12,Luciferase,AGATACGTCAACTGGGACTCGGATCCTTACAGAACCGAGTTATAATCTCA,<pad><pad><pad><pad><pad><pad><pad><pad><pad><pad><pad><pad><pad><pad><pad><pad><pad><pad><pad><pad><pad><pad><pad><pad><pad><pad><pad><pad><pad><pad><pad><pad><pad><pad><pad><pad><pad><pad><pad><pad><pad><pad><pad><pad><pad><pad><pad><pad><pad><pad>AGATACGTCAACTGGGACTCGGATCCTTACAGAACCGAGTTATAATCTCA
RV-UML-m049,AGTCCCACCTCGCGTGGACTCCGCGAATTCCGAAAGTCGACATTGTGGCC,1.06,7.844388484954834,50,C2C12,Luciferase,AGTCCCACCTCGCGTGGACTCCGCGAATTCCGAAAGTCGACATTGTGGCC,<pad><pad><pad><pad><pad><pad><pad><pad><pad><pad><pad><pad><pad><pad><pad><pad><pad><pad><pad><pad><pad><pad><pad><pad><pad><pad><pad><pad><pad><pad><pad><pad><pad><pad><pad><pad><pad><pad><pad><pad><pad><pad><pad><pad><pad><pad><pad><pad><pad><pad>AGTCCCACCTCGCGTGGACTCCGCGAATTCCGAAAGTCGACATTGTGGCC
RV-UML-m050,AGTTTGGAACGAGGGGAAAATACTTGTTTCGAGCGATCGCGGGGGAAAGC,0.48,8.056838035583496,50,C2C12,Luciferase,AGTTTGGAACGAGGGGAAAATACTTGTTTCGAGCGATCGCGGGGGAAAGC,<pad><pad><pad><pad><pad><pad><pad><pad><pad><pad><pad><pad><pad><pad><pad><pad><pad><pad><pad><pad><pad><pad><pad><pad><pad><pad><pad><pad><pad><pad><pad><pad><pad><pad><pad><pad><pad><pad><pad><pad><pad><pad><pad><pad><pad><pad><pad><pad><pad><pad>AGTTTGGAACGAGGGGAAAATACTTGTTTCGAGCGATCGCGGGGGAAAGC
RV-UML-m051,AGGTCATCGGACAATACTTTAGTGGTGTTTTCAGCCCACTCTTCAAAGCA,1.15,8.000158309936523,50,C2C12,Luciferase,AGGTCATCGGACAATACTTTAGTGGTGTTTTCAGCCCACTCTTCAAAGCA,<pad><pad><pad><pad><pad><pad><pad><pad><pad><pad><pad><pad><pad><pad><pad><pad><pad><pad><pad><pad><pad><pad><pad><pad><pad><pad><pad><pad><pad><pad><pad><pad><pad><pad><pad><pad><pad><pad><pad><pad><pad><pad><pad><pad><pad><pad><pad><pad><pad><pad>AGGTCATCGGACAATACTTTAGTGGTGTTTTCAGCCCACTCTTCAAAGCA
RV-UML-m052,AGAGTGGATCGCACCCAAACCTAGCCTCACACACCGGGTCTACCACCGGA,1.12,7.507707595825195,50,C2C12,Luciferase,AGAGTGGATCGCACCCAAACCTAGCCTCACACACCGGGTCTACCACCGGA,<pad><pad><pad><pad><pad><pad><pad><pad><pad><pad><pad><pad><pad><pad><pad><pad><pad><pad><pad><pad><pad><pad><pad><pad><pad><pad><pad><pad><pad><pad><pad><pad><pad><pad><pad><pad><pad><pad><pad><pad><pad><pad><pad><pad><pad><pad><pad><pad><pad><pad>AGAGTGGATCGCACCCAAACCTAGCCTCACACACCGGGTCTACCACCGGA
RV-UML-m053,AGTAAATAAAGCTATTACCCGACTGCACAGGAGATTCCTGCTCTTTCGAT,1.01,8.24513053894043,50,C2C12,Luciferase,AGTAAATAAAGCTATTACCCGACTGCACAGGAGATTCCTGCTCTTTCGAT,<pad><pad><pad><pad><pad><pad><pad><pad><pad><pad><pad><pad><pad><pad><pad><pad><pad><pad><pad><pad><pad><pad><pad><pad><pad><pad><pad><pad><pad><pad><pad><pad><pad><pad><pad><pad><pad><pad><pad><pad><pad><pad><pad><pad><pad><pad><pad><pad><pad><pad>AGTAAATAAAGCTATTACCCGACTGCACAGGAGATTCCTGCTCTTTCGAT
RV-UML-m054,AGGACCCCACCCTTCGATTTTGTGGGAAACCATATCAGATATTCACTGCC,1.04,7.677577018737793,50,C2C12,Luciferase,AGGACCCCACCCTTCGATTTTGTGGGAAACCATATCAGATATTCACTGCC,<pad><pad><pad><pad><pad><pad><pad><pad><pad><pad><pad><pad><pad><pad><pad><pad><pad><pad><pad><pad><pad><pad><pad><pad><pad><pad><pad><pad><pad><pad><pad><pad><pad><pad><pad><pad><pad><pad><pad><pad><pad><pad><pad><pad><pad><pad><pad><pad><pad><pad>AGGACCCCACCCTTCGATTTTGTGGGAAACCATATCAGATATTCACTGCC
RV-UML-m055,AGTTGGACTTGCGGACCACAAGGACAACGCGAGAAGGCATAGTCCATATC,0.68,7.940064430236816,50,C2C12,Luciferase,AGTTGGACTTGCGGACCACAAGGACAACGCGAGAAGGCATAGTCCATATC,<pad><pad><pad><pad><pad><pad><pad><pad><pad><pad><pad><pad><pad><pad><pad><pad><pad><pad><pad><pad><pad><pad><pad><pad><pad><pad><pad><pad><pad><pad><pad><pad><pad><pad><pad><pad><pad><pad><pad><pad><pad><pad><pad><pad><pad><pad><pad><pad><pad><pad>AGTTGGACTTGCGGACCACAAGGACAACGCGAGAAGGCATAGTCCATATC
RV-UML-m056,AGAACTCGATTCGCGACGTATTTCAAATAATCGTAGTCTGCGGCTCAGTT,0.57,7.946236610412598,50,C2C12,Luciferase,AGAACTCGATTCGCGACGTATTTCAAATAATCGTAGTCTGCGGCTCAGTT,<pad><pad><pad><pad><pad><pad><pad><pad><pad><pad><pad><pad><pad><pad><pad><pad><pad><pad><pad><pad><pad><pad><pad><pad><pad><pad><pad><pad><pad><pad><pad><pad><pad><pad><pad><pad><pad><pad><pad><pad><pad><pad><pad><pad><pad><pad><pad><pad><pad><pad>AGAACTCGATTCGCGACGTATTTCAAATAATCGTAGTCTGCGGCTCAGTT
RV-UML-m057,AGTTACAACCTCTCCACTGCCTCAAACAGTTTTCAACGCCTGTCCGCGGA,0.97,7.879112720489502,50,C2C12,Luciferase,AGTTACAACCTCTCCACTGCCTCAAACAGTTTTCAACGCCTGTCCGCGGA,<pad><pad><pad><pad><pad><pad><pad><pad><pad><pad><pad><pad><pad><pad><pad><pad><pad><pad><pad><pad><pad><pad><pad><pad><pad><pad><pad><pad><pad><pad><pad><pad><pad><pad><pad><pad><pad><pad><pad><pad><pad><pad><pad><pad><pad><pad><pad><pad><pad><pad>AGTTACAACCTCTCCACTGCCTCAAACAGTTTTCAACGCCTGTCCGCGGA
RV-UML-m058,AGTATAAAGGTATATCAGGGAAACGTCTGTCGTGCTCACACGGAGAGCCC,1.09,7.812525272369385,50,C2C12,Luciferase,AGTATAAAGGTATATCAGGGAAACGTCTGTCGTGCTCACACGGAGAGCCC,<pad><pad><pad><pad><pad><pad><pad><pad><pad><pad><pad><pad><pad><pad><pad><pad><pad><pad><pad><pad><pad><pad><pad><pad><pad><pad><pad><pad><pad><pad><pad><pad><pad><pad><pad><pad><pad><pad><pad><pad><pad><pad><pad><pad><pad><pad><pad><pad><pad><pad>AGTATAAAGGTATATCAGGGAAACGTCTGTCGTGCTCACACGGAGAGCCC
RV-UML-m059,AGAAGCGTGATCTGATTGTGGGGATTTCAGTCGAGACATTCCTTTCCGCT,1.1,8.20898151397705,50,C2C12,Luciferase,AGAAGCGTGATCTGATTGTGGGGATTTCAGTCGAGACATTCCTTTCCGCT,<pad><pad><pad><pad><pad><pad><pad><pad><pad><pad><pad><pad><pad><pad><pad><pad><pad><pad><pad><pad><pad><pad><pad><pad><pad><pad><pad><pad><pad><pad><pad><pad><pad><pad><pad><pad><pad><pad><pad><pad><pad><pad><pad><pad><pad><pad><pad><pad><pad><pad>AGAAGCGTGATCTGATTGTGGGGATTTCAGTCGAGACATTCCTTTCCGCT
RV-UML-m060,AGTGCCCTATACAGCTTTTGCATAGAATACGAGTGACGAACGCGCAACGG,1.09,7.690803527832031,50,C2C12,Luciferase,AGTGCCCTATACAGCTTTTGCATAGAATACGAGTGACGAACGCGCAACGG,<pad><pad><pad><pad><pad><pad><pad><pad><pad><pad><pad><pad><pad><pad><pad><pad><pad><pad><pad><pad><pad><pad><pad><pad><pad><pad><pad><pad><pad><pad><pad><pad><pad><pad><pad><pad><pad><pad><pad><pad><pad><pad><pad><pad><pad><pad><pad><pad><pad><pad>AGTGCCCTATACAGCTTTTGCATAGAATACGAGTGACGAACGCGCAACGG
RV-UML-m061,AGACAGAAAATCCGGATTTGTTATTTTCCTCTGTGCTGCGTGTAGCAGCT,1.05,8.174894332885742,50,C2C12,Luciferase,AGACAGAAAATCCGGATTTGTTATTTTCCTCTGTGCTGCGTGTAGCAGCT,<pad><pad><pad><pad><pad><pad><pad><pad><pad><pad><pad><pad><pad><pad><pad><pad><pad><pad><pad><pad><pad><pad><pad><pad><pad><pad><pad><pad><pad><pad><pad><pad><pad><pad><pad><pad><pad><pad><pad><pad><pad><pad><pad><pad><pad><pad><pad><pad><pad><pad>AGACAGAAAATCCGGATTTGTTATTTTCCTCTGTGCTGCGTGTAGCAGCT
RV-UML-m062,AGCGTTATCCTTTCGTTTTTCGGGAGATCCGAGCAGACCACCATCCGGCC,1.04,7.953933238983154,50,C2C12,Luciferase,AGCGTTATCCTTTCGTTTTTCGGGAGATCCGAGCAGACCACCATCCGGCC,<pad><pad><pad><pad><pad><pad><pad><pad><pad><pad><pad><pad><pad><pad><pad><pad><pad><pad><pad><pad><pad><pad><pad><pad><pad><pad><pad><pad><pad><pad><pad><pad><pad><pad><pad><pad><pad><pad><pad><pad><pad><pad><pad><pad><pad><pad><pad><pad><pad><pad>AGCGTTATCCTTTCGTTTTTCGGGAGATCCGAGCAGACCACCATCCGGCC
RV-UML-m063,AGTTGTTCGACGAGATCCTTTCTCTCGCGATTATATCGTTCCGCTTTGCA,1.16,8.135785102844238,50,C2C12,Luciferase,AGTTGTTCGACGAGATCCTTTCTCTCGCGATTATATCGTTCCGCTTTGCA,<pad><pad><pad><pad><pad><pad><pad><pad><pad><pad><pad><pad><pad><pad><pad><pad><pad><pad><pad><pad><pad><pad><pad><pad><pad><pad><pad><pad><pad><pad><pad><pad><pad><pad><pad><pad><pad><pad><pad><pad><pad><pad><pad><pad><pad><pad><pad><pad><pad><pad>AGTTGTTCGACGAGATCCTTTCTCTCGCGATTATATCGTTCCGCTTTGCA
RV-UML-m064,AGTACAGGAAGACAGGAGTGTCTTGCGTTTGCAGTACCCACCACAACGAC,1.03,7.9094319343566895,50,C2C12,Luciferase,AGTACAGGAAGACAGGAGTGTCTTGCGTTTGCAGTACCCACCACAACGAC,<pad><pad><pad><pad><pad><pad><pad><pad><pad><pad><pad><pad><pad><pad><pad><pad><pad><pad><pad><pad><pad><pad><pad><pad><pad><pad><pad><pad><pad><pad><pad><pad><pad><pad><pad><pad><pad><pad><pad><pad><pad><pad><pad><pad><pad><pad><pad><pad><pad><pad>AGTACAGGAAGACAGGAGTGTCTTGCGTTTGCAGTACCCACCACAACGAC
RV-UML-m065,AGACGGATAAACCGTATATCATAGGTGTCCTCACACACAGACGGGACGAG,0.94,7.327067852020264,50,C2C12,Luciferase,AGACGGATAAACCGTATATCATAGGTGTCCTCACACACAGACGGGACGAG,<pad><pad><pad><pad><pad><pad><pad><pad><pad><pad><pad><pad><pad><pad><pad><pad><pad><pad><pad><pad><pad><pad><pad><pad><pad><pad><pad><pad><pad><pad><pad><pad><pad><pad><pad><pad><pad><pad><pad><pad><pad><pad><pad><pad><pad><pad><pad><pad><pad><pad>AGACGGATAAACCGTATATCATAGGTGTCCTCACACACAGACGGGACGAG
RV-UML-m066,AGCGTGCTACGCATAGCGAATAAACAGCCACCATCGAAAACCCGTACGCT,1.07,7.869014739990234,50,C2C12,Luciferase,AGCGTGCTACGCATAGCGAATAAACAGCCACCATCGAAAACCCGTACGCT,<pad><pad><pad><pad><pad><pad><pad><pad><pad><pad><pad><pad><pad><pad><pad><pad><pad><pad><pad><pad><pad><pad><pad><pad><pad><pad><pad><pad><pad><pad><pad><pad><pad><pad><pad><pad><pad><pad><pad><pad><pad><pad><pad><pad><pad><pad><pad><pad><pad><pad>AGCGTGCTACGCATAGCGAATAAACAGCCACCATCGAAAACCCGTACGCT
RV-UML-m067,AGATACCTTTGACTACCGGTATTTGCTGGGCGCTATAAGTGCAGAGACCG,0.57,7.7055745124816895,50,C2C12,Luciferase,AGATACCTTTGACTACCGGTATTTGCTGGGCGCTATAAGTGCAGAGACCG,<pad><pad><pad><pad><pad><pad><pad><pad><pad><pad><pad><pad><pad><pad><pad><pad><pad><pad><pad><pad><pad><pad><pad><pad><pad><pad><pad><pad><pad><pad><pad><pad><pad><pad><pad><pad><pad><pad><pad><pad><pad><pad><pad><pad><pad><pad><pad><pad><pad><pad>AGATACCTTTGACTACCGGTATTTGCTGGGCGCTATAAGTGCAGAGACCG
RV-UML-m068,AGGAGTGTTCTGCACCCCATCTCTTTTCCGGTTTGAGATTTAGCCTGACT,1.14,8.053255081176758,50,C2C12,Luciferase,AGGAGTGTTCTGCACCCCATCTCTTTTCCGGTTTGAGATTTAGCCTGACT,<pad><pad><pad><pad><pad><pad><pad><pad><pad><pad><pad><pad><pad><pad><pad><pad><pad><pad><pad><pad><pad><pad><pad><pad><pad><pad><pad><pad><pad><pad><pad><pad><pad><pad><pad><pad><pad><pad><pad><pad><pad><pad><pad><pad><pad><pad><pad><pad><pad><pad>AGGAGTGTTCTGCACCCCATCTCTTTTCCGGTTTGAGATTTAGCCTGACT
RV-UML-m069,AGATTGGCGCAAACCAGTTTCCCGAACGTTTGTCCAGAGAGGCAATACGG,1.16,7.683882713317871,50,C2C12,Luciferase,AGATTGGCGCAAACCAGTTTCCCGAACGTTTGTCCAGAGAGGCAATACGG,<pad><pad><pad><pad><pad><pad><pad><pad><pad><pad><pad><pad><pad><pad><pad><pad><pad><pad><pad><pad><pad><pad><pad><pad><pad><pad><pad><pad><pad><pad><pad><pad><pad><pad><pad><pad><pad><pad><pad><pad><pad><pad><pad><pad><pad><pad><pad><pad><pad><pad>AGATTGGCGCAAACCAGTTTCCCGAACGTTTGTCCAGAGAGGCAATACGG
RV-UML-m070,AGCCTCCATCCTGTAGTTCATAATTCCACACAGACAACAACGTGCCGAGG,0.97,7.685005187988281,50,C2C12,Luciferase,AGCCTCCATCCTGTAGTTCATAATTCCACACAGACAACAACGTGCCGAGG,<pad><pad><pad><pad><pad><pad><pad><pad><pad><pad><pad><pad><pad><pad><pad><pad><pad><pad><pad><pad><pad><pad><pad><pad><pad><pad><pad><pad><pad><pad><pad><pad><pad><pad><pad><pad><pad><pad><pad><pad><pad><pad><pad><pad><pad><pad><pad><pad><pad><pad>AGCCTCCATCCTGTAGTTCATAATTCCACACAGACAACAACGTGCCGAGG
RV-UML-m071,AGGAAACCTTCCTCCACAAATCGACACACCGAAACAAAATCGCGGACACG,1.11,8.012588500976562,50,C2C12,Luciferase,AGGAAACCTTCCTCCACAAATCGACACACCGAAACAAAATCGCGGACACG,<pad><pad><pad><pad><pad><pad><pad><pad><pad><pad><pad><pad><pad><pad><pad><pad><pad><pad><pad><pad><pad><pad><pad><pad><pad><pad><pad><pad><pad><pad><pad><pad><pad><pad><pad><pad><pad><pad><pad><pad><pad><pad><pad><pad><pad><pad><pad><pad><pad><pad>AGGAAACCTTCCTCCACAAATCGACACACCGAAACAAAATCGCGGACACG
RV-UML-m072,AGTGATCTGACGAGCTTATTGTCAGGTAGAGTTCCATCAGCAACAGACCA,0.94,8.062460899353027,50,C2C12,Luciferase,AGTGATCTGACGAGCTTATTGTCAGGTAGAGTTCCATCAGCAACAGACCA,<pad><pad><pad><pad><pad><pad><pad><pad><pad><pad><pad><pad><pad><pad><pad><pad><pad><pad><pad><pad><pad><pad><pad><pad><pad><pad><pad><pad><pad><pad><pad><pad><pad><pad><pad><pad><pad><pad><pad><pad><pad><pad><pad><pad><pad><pad><pad><pad><pad><pad>AGTGATCTGACGAGCTTATTGTCAGGTAGAGTTCCATCAGCAACAGACCA
RV-UML-m073,AGCAAACGTAGGGGGATACTGCGCGTCCATAAAATCCTCTCAACGTTGCA,0.98,7.919294357299805,50,C2C12,Luciferase,AGCAAACGTAGGGGGATACTGCGCGTCCATAAAATCCTCTCAACGTTGCA,<pad><pad><pad><pad><pad><pad><pad><pad><pad><pad><pad><pad><pad><pad><pad><pad><pad><pad><pad><pad><pad><pad><pad><pad><pad><pad><pad><pad><pad><pad><pad><pad><pad><pad><pad><pad><pad><pad><pad><pad><pad><pad><pad><pad><pad><pad><pad><pad><pad><pad>AGCAAACGTAGGGGGATACTGCGCGTCCATAAAATCCTCTCAACGTTGCA
RV-UML-m074,AGAAAAGGTCCTATCCTGCTCAACTGTTCAAACGAGAACTGACGGTGGCA,1.01,8.2203950881958,50,C2C12,Luciferase,AGAAAAGGTCCTATCCTGCTCAACTGTTCAAACGAGAACTGACGGTGGCA,<pad><pad><pad><pad><pad><pad><pad><pad><pad><pad><pad><pad><pad><pad><pad><pad><pad><pad><pad><pad><pad><pad><pad><pad><pad><pad><pad><pad><pad><pad><pad><pad><pad><pad><pad><pad><pad><pad><pad><pad><pad><pad><pad><pad><pad><pad><pad><pad><pad><pad>AGAAAAGGTCCTATCCTGCTCAACTGTTCAAACGAGAACTGACGGTGGCA
RV-UML-m075,AGGATTGGGCCTCCTCAATCCATAACTTACTCGAACGTCTAGCAACGGAG,1.03,7.955897331237793,50,C2C12,Luciferase,AGGATTGGGCCTCCTCAATCCATAACTTACTCGAACGTCTAGCAACGGAG,<pad><pad><pad><pad><pad><pad><pad><pad><pad><pad><pad><pad><pad><pad><pad><pad><pad><pad><pad><pad><pad><pad><pad><pad><pad><pad><pad><pad><pad><pad><pad><pad><pad><pad><pad><pad><pad><pad><pad><pad><pad><pad><pad><pad><pad><pad><pad><pad><pad><pad>AGGATTGGGCCTCCTCAATCCATAACTTACTCGAACGTCTAGCAACGGAG
RV-UML-m076,AGTGCCGCATTGTCTTCTTGTGTTCGCTTGCCGCCGACGAACAACTGGAA,1.17,7.9034104347229,50,C2C12,Luciferase,AGTGCCGCATTGTCTTCTTGTGTTCGCTTGCCGCCGACGAACAACTGGAA,<pad><pad><pad><pad><pad><pad><pad><pad><pad><pad><pad><pad><pad><pad><pad><pad><pad><pad><pad><pad><pad><pad><pad><pad><pad><pad><pad><pad><pad><pad><pad><pad><pad><pad><pad><pad><pad><pad><pad><pad><pad><pad><pad><pad><pad><pad><pad><pad><pad><pad>AGTGCCGCATTGTCTTCTTGTGTTCGCTTGCCGCCGACGAACAACTGGAA
RV-UML-m077,AGCGTACCGTAAAATACACTGTACATTACACACCAAAAAAGGGGCGCAAC,1.02,7.898718357086182,50,C2C12,Luciferase,AGCGTACCGTAAAATACACTGTACATTACACACCAAAAAAGGGGCGCAAC,<pad><pad><pad><pad><pad><pad><pad><pad><pad><pad><pad><pad><pad><pad><pad><pad><pad><pad><pad><pad><pad><pad><pad><pad><pad><pad><pad><pad><pad><pad><pad><pad><pad><pad><pad><pad><pad><pad><pad><pad><pad><pad><pad><pad><pad><pad><pad><pad><pad><pad>AGCGTACCGTAAAATACACTGTACATTACACACCAAAAAAGGGGCGCAAC
RV-UML-m078,AGGTGGTCTTCTTGTTGCTACAGGAACCCACGGACTTATTCGATAGCGAC,1.17,8.097911834716797,50,C2C12,Luciferase,AGGTGGTCTTCTTGTTGCTACAGGAACCCACGGACTTATTCGATAGCGAC,<pad><pad><pad><pad><pad><pad><pad><pad><pad><pad><pad><pad><pad><pad><pad><pad><pad><pad><pad><pad><pad><pad><pad><pad><pad><pad><pad><pad><pad><pad><pad><pad><pad><pad><pad><pad><pad><pad><pad><pad><pad><pad><pad><pad><pad><pad><pad><pad><pad><pad>AGGTGGTCTTCTTGTTGCTACAGGAACCCACGGACTTATTCGATAGCGAC
RV-UML-m079,AGGTCCAGAAATCAACGAGATATCACTAGGAACTACTACCATCCGCGAGG,1.09,7.850518226623535,50,C2C12,Luciferase,AGGTCCAGAAATCAACGAGATATCACTAGGAACTACTACCATCCGCGAGG,<pad><pad><pad><pad><pad><pad><pad><pad><pad><pad><pad><pad><pad><pad><pad><pad><pad><pad><pad><pad><pad><pad><pad><pad><pad><pad><pad><pad><pad><pad><pad><pad><pad><pad><pad><pad><pad><pad><pad><pad><pad><pad><pad><pad><pad><pad><pad><pad><pad><pad>AGGTCCAGAAATCAACGAGATATCACTAGGAACTACTACCATCCGCGAGG
RV-UML-m080,AGAAGAAGTTTTCCCAGAGGATTACTTTCGTACATTACACGTCACGAGCT,1.03,8.235709190368652,50,C2C12,Luciferase,AGAAGAAGTTTTCCCAGAGGATTACTTTCGTACATTACACGTCACGAGCT,<pad><pad><pad><pad><pad><pad><pad><pad><pad><pad><pad><pad><pad><pad><pad><pad><pad><pad><pad><pad><pad><pad><pad><pad><pad><pad><pad><pad><pad><pad><pad><pad><pad><pad><pad><pad><pad><pad><pad><pad><pad><pad><pad><pad><pad><pad><pad><pad><pad><pad>AGAAGAAGTTTTCCCAGAGGATTACTTTCGTACATTACACGTCACGAGCT
RV-UML-m081,AGCAATCGTTAGTTCGCAAAAGCACCTAGCTCCGGACATTTCCTCCCACT,1.03,8.038619041442871,50,C2C12,Luciferase,AGCAATCGTTAGTTCGCAAAAGCACCTAGCTCCGGACATTTCCTCCCACT,<pad><pad><pad><pad><pad><pad><pad><pad><pad><pad><pad><pad><pad><pad><pad><pad><pad><pad><pad><pad><pad><pad><pad><pad><pad><pad><pad><pad><pad><pad><pad><pad><pad><pad><pad><pad><pad><pad><pad><pad><pad><pad><pad><pad><pad><pad><pad><pad><pad><pad>AGCAATCGTTAGTTCGCAAAAGCACCTAGCTCCGGACATTTCCTCCCACT
RV-UML-m082,AGCGTTTCTATTTTCGCAGTTTCGGATCTGCCTTTTCGCGGATTTATATC,0.52,8.23001480102539,50,C2C12,Luciferase,AGCGTTTCTATTTTCGCAGTTTCGGATCTGCCTTTTCGCGGATTTATATC,<pad><pad><pad><pad><pad><pad><pad><pad><pad><pad><pad><pad><pad><pad><pad><pad><pad><pad><pad><pad><pad><pad><pad><pad><pad><pad><pad><pad><pad><pad><pad><pad><pad><pad><pad><pad><pad><pad><pad><pad><pad><pad><pad><pad><pad><pad><pad><pad><pad><pad>AGCGTTTCTATTTTCGCAGTTTCGGATCTGCCTTTTCGCGGATTTATATC
RV-UML-m083,AGTCCTTTCGCGTCTACCTCTAATCTTAGTAGACTGTTCGGTTTAGAGCT,0.55,8.282387733459473,50,C2C12,Luciferase,AGTCCTTTCGCGTCTACCTCTAATCTTAGTAGACTGTTCGGTTTAGAGCT,<pad><pad><pad><pad><pad><pad><pad><pad><pad><pad><pad><pad><pad><pad><pad><pad><pad><pad><pad><pad><pad><pad><pad><pad><pad><pad><pad><pad><pad><pad><pad><pad><pad><pad><pad><pad><pad><pad><pad><pad><pad><pad><pad><pad><pad><pad><pad><pad><pad><pad>AGTCCTTTCGCGTCTACCTCTAATCTTAGTAGACTGTTCGGTTTAGAGCT
RV-UML-m084,AGGAGAGTGACCACACCTTAAAAGTTTGCGGTAATTCGACAACCGATCCC,1.09,8.010149002075195,50,C2C12,Luciferase,AGGAGAGTGACCACACCTTAAAAGTTTGCGGTAATTCGACAACCGATCCC,<pad><pad><pad><pad><pad><pad><pad><pad><pad><pad><pad><pad><pad><pad><pad><pad><pad><pad><pad><pad><pad><pad><pad><pad><pad><pad><pad><pad><pad><pad><pad><pad><pad><pad><pad><pad><pad><pad><pad><pad><pad><pad><pad><pad><pad><pad><pad><pad><pad><pad>AGGAGAGTGACCACACCTTAAAAGTTTGCGGTAATTCGACAACCGATCCC
RV-UML-m085,AGAGGAGTCGAGTTATACAGCCGCAACGCTATCCTCGACGAACACAGGAA,1.02,8.056971549987793,50,C2C12,Luciferase,AGAGGAGTCGAGTTATACAGCCGCAACGCTATCCTCGACGAACACAGGAA,<pad><pad><pad><pad><pad><pad><pad><pad><pad><pad><pad><pad><pad><pad><pad><pad><pad><pad><pad><pad><pad><pad><pad><pad><pad><pad><pad><pad><pad><pad><pad><pad><pad><pad><pad><pad><pad><pad><pad><pad><pad><pad><pad><pad><pad><pad><pad><pad><pad><pad>AGAGGAGTCGAGTTATACAGCCGCAACGCTATCCTCGACGAACACAGGAA
RV-UML-m086,AGGTTGTACAGAGACATACGGAGAGCGTGTCAACGTCATAGCCCGTAACC,1.04,7.960504531860352,50,C2C12,Luciferase,AGGTTGTACAGAGACATACGGAGAGCGTGTCAACGTCATAGCCCGTAACC,<pad><pad><pad><pad><pad><pad><pad><pad><pad><pad><pad><pad><pad><pad><pad><pad><pad><pad><pad><pad><pad><pad><pad><pad><pad><pad><pad><pad><pad><pad><pad><pad><pad><pad><pad><pad><pad><pad><pad><pad><pad><pad><pad><pad><pad><pad><pad><pad><pad><pad>AGGTTGTACAGAGACATACGGAGAGCGTGTCAACGTCATAGCCCGTAACC
RV-UML-m087,AGCACATATCGGACTGATCTGCATCTTCACACATCTGCCGAGGCGAGGTG,1.1,7.851798057556152,50,C2C12,Luciferase,AGCACATATCGGACTGATCTGCATCTTCACACATCTGCCGAGGCGAGGTG,<pad><pad><pad><pad><pad><pad><pad><pad><pad><pad><pad><pad><pad><pad><pad><pad><pad><pad><pad><pad><pad><pad><pad><pad><pad><pad><pad><pad><pad><pad><pad><pad><pad><pad><pad><pad><pad><pad><pad><pad><pad><pad><pad><pad><pad><pad><pad><pad><pad><pad>AGCACATATCGGACTGATCTGCATCTTCACACATCTGCCGAGGCGAGGTG
RV-UML-m088,AGAAGAAATTCAAGCTCCTACGTGCTGATATAAGTTGGGAAGCGATCCCA,1.1,8.17290210723877,50,C2C12,Luciferase,AGAAGAAATTCAAGCTCCTACGTGCTGATATAAGTTGGGAAGCGATCCCA,<pad><pad><pad><pad><pad><pad><pad><pad><pad><pad><pad><pad><pad><pad><pad><pad><pad><pad><pad><pad><pad><pad><pad><pad><pad><pad><pad><pad><pad><pad><pad><pad><pad><pad><pad><pad><pad><pad><pad><pad><pad><pad><pad><pad><pad><pad><pad><pad><pad><pad>AGAAGAAATTCAAGCTCCTACGTGCTGATATAAGTTGGGAAGCGATCCCA
RV-UML-m089,AGAATTCTTCGCAAGAGCTGGCGTACAATCCCCAGCATCCAGCGCAAGAT,1.05,7.77218770980835,50,C2C12,Luciferase,AGAATTCTTCGCAAGAGCTGGCGTACAATCCCCAGCATCCAGCGCAAGAT,<pad><pad><pad><pad><pad><pad><pad><pad><pad><pad><pad><pad><pad><pad><pad><pad><pad><pad><pad><pad><pad><pad><pad><pad><pad><pad><pad><pad><pad><pad><pad><pad><pad><pad><pad><pad><pad><pad><pad><pad><pad><pad><pad><pad><pad><pad><pad><pad><pad><pad>AGAATTCTTCGCAAGAGCTGGCGTACAATCCCCAGCATCCAGCGCAAGAT
RV-UML-m090,AGCGAGACCTATCGAAGGGTTTATCCAGTTTCCTAGTGGTCAAGTCGCAA,1.1,7.914943695068359,50,C2C12,Luciferase,AGCGAGACCTATCGAAGGGTTTATCCAGTTTCCTAGTGGTCAAGTCGCAA,<pad><pad><pad><pad><pad><pad><pad><pad><pad><pad><pad><pad><pad><pad><pad><pad><pad><pad><pad><pad><pad><pad><pad><pad><pad><pad><pad><pad><pad><pad><pad><pad><pad><pad><pad><pad><pad><pad><pad><pad><pad><pad><pad><pad><pad><pad><pad><pad><pad><pad>AGCGAGACCTATCGAAGGGTTTATCCAGTTTCCTAGTGGTCAAGTCGCAA
RV-UML-m091,AGAACGCGAGTTCCTTCTTCACTGGTACCTCACACCCAATAGCAATTCCA,1.18,8.25813102722168,50,C2C12,Luciferase,AGAACGCGAGTTCCTTCTTCACTGGTACCTCACACCCAATAGCAATTCCA,<pad><pad><pad><pad><pad><pad><pad><pad><pad><pad><pad><pad><pad><pad><pad><pad><pad><pad><pad><pad><pad><pad><pad><pad><pad><pad><pad><pad><pad><pad><pad><pad><pad><pad><pad><pad><pad><pad><pad><pad><pad><pad><pad><pad><pad><pad><pad><pad><pad><pad>AGAACGCGAGTTCCTTCTTCACTGGTACCTCACACCCAATAGCAATTCCA
RV-UML-m092,AGGTTTTGGGGACGCAAAGAGAAAACGCTTGAGTCACTCTTAGAGTCAAA,0.68,8.25356674194336,50,C2C12,Luciferase,AGGTTTTGGGGACGCAAAGAGAAAACGCTTGAGTCACTCTTAGAGTCAAA,<pad><pad><pad><pad><pad><pad><pad><pad><pad><pad><pad><pad><pad><pad><pad><pad><pad><pad><pad><pad><pad><pad><pad><pad><pad><pad><pad><pad><pad><pad><pad><pad><pad><pad><pad><pad><pad><pad><pad><pad><pad><pad><pad><pad><pad><pad><pad><pad><pad><pad>AGGTTTTGGGGACGCAAAGAGAAAACGCTTGAGTCACTCTTAGAGTCAAA
RV-UML-m093,AGGATTGATCAAAGATCGTTTGCACTCGCATACACTCTTTGTGCGCCTTA,1.07,7.995598316192627,50,C2C12,Luciferase,AGGATTGATCAAAGATCGTTTGCACTCGCATACACTCTTTGTGCGCCTTA,<pad><pad><pad><pad><pad><pad><pad><pad><pad><pad><pad><pad><pad><pad><pad><pad><pad><pad><pad><pad><pad><pad><pad><pad><pad><pad><pad><pad><pad><pad><pad><pad><pad><pad><pad><pad><pad><pad><pad><pad><pad><pad><pad><pad><pad><pad><pad><pad><pad><pad>AGGATTGATCAAAGATCGTTTGCACTCGCATACACTCTTTGTGCGCCTTA
RV-UML-m094,AGTTCGCTTTGTTATTCTTGCCAGTTTGTAGTTACCTAAAACCCATTCCC,0.49,8.30988883972168,50,C2C12,Luciferase,AGTTCGCTTTGTTATTCTTGCCAGTTTGTAGTTACCTAAAACCCATTCCC,<pad><pad><pad><pad><pad><pad><pad><pad><pad><pad><pad><pad><pad><pad><pad><pad><pad><pad><pad><pad><pad><pad><pad><pad><pad><pad><pad><pad><pad><pad><pad><pad><pad><pad><pad><pad><pad><pad><pad><pad><pad><pad><pad><pad><pad><pad><pad><pad><pad><pad>AGTTCGCTTTGTTATTCTTGCCAGTTTGTAGTTACCTAAAACCCATTCCC
RV-UML-m095,AGAAGATCCCGTTGTTCATTTCTAGTGACGTGTTTGGCTTCTGCGGGGTA,1.11,8.060431480407715,50,C2C12,Luciferase,AGAAGATCCCGTTGTTCATTTCTAGTGACGTGTTTGGCTTCTGCGGGGTA,<pad><pad><pad><pad><pad><pad><pad><pad><pad><pad><pad><pad><pad><pad><pad><pad><pad><pad><pad><pad><pad><pad><pad><pad><pad><pad><pad><pad><pad><pad><pad><pad><pad><pad><pad><pad><pad><pad><pad><pad><pad><pad><pad><pad><pad><pad><pad><pad><pad><pad>AGAAGATCCCGTTGTTCATTTCTAGTGACGTGTTTGGCTTCTGCGGGGTA
RV-UML-m096,AGGATTGTGTTTTCCCGGAATCGACCTTGCGATTTTGGTTCGTAACTACA,1.0,8.114924430847168,50,C2C12,Luciferase,AGGATTGTGTTTTCCCGGAATCGACCTTGCGATTTTGGTTCGTAACTACA,<pad><pad><pad><pad><pad><pad><pad><pad><pad><pad><pad><pad><pad><pad><pad><pad><pad><pad><pad><pad><pad><pad><pad><pad><pad><pad><pad><pad><pad><pad><pad><pad><pad><pad><pad><pad><pad><pad><pad><pad><pad><pad><pad><pad><pad><pad><pad><pad><pad><pad>AGGATTGTGTTTTCCCGGAATCGACCTTGCGATTTTGGTTCGTAACTACA
RV-UML-m097,AGCTCTTGCACTACCGATCCCAAAGGACGCCTATTGCAGCATAGTGCATT,0.99,7.993729591369629,50,C2C12,Luciferase,AGCTCTTGCACTACCGATCCCAAAGGACGCCTATTGCAGCATAGTGCATT,<pad><pad><pad><pad><pad><pad><pad><pad><pad><pad><pad><pad><pad><pad><pad><pad><pad><pad><pad><pad><pad><pad><pad><pad><pad><pad><pad><pad><pad><pad><pad><pad><pad><pad><pad><pad><pad><pad><pad><pad><pad><pad><pad><pad><pad><pad><pad><pad><pad><pad>AGCTCTTGCACTACCGATCCCAAAGGACGCCTATTGCAGCATAGTGCATT
RV-UML-m098,AGCAGCGTTTTTATTCTCTCTATATTATATCACAGACGTTCAACGTAAAA,1.06,8.281251907348633,50,C2C12,Luciferase,AGCAGCGTTTTTATTCTCTCTATATTATATCACAGACGTTCAACGTAAAA,<pad><pad><pad><pad><pad><pad><pad><pad><pad><pad><pad><pad><pad><pad><pad><pad><pad><pad><pad><pad><pad><pad><pad><pad><pad><pad><pad><pad><pad><pad><pad><pad><pad><pad><pad><pad><pad><pad><pad><pad><pad><pad><pad><pad><pad><pad><pad><pad><pad><pad>AGCAGCGTTTTTATTCTCTCTATATTATATCACAGACGTTCAACGTAAAA
RV-UML-m099,AGCAATTCCGCGAAATCACTTACCTTCTTACTTGGTCATTGCCAGAACCA,1.12,8.212421417236328,50,C2C12,Luciferase,AGCAATTCCGCGAAATCACTTACCTTCTTACTTGGTCATTGCCAGAACCA,<pad><pad><pad><pad><pad><pad><pad><pad><pad><pad><pad><pad><pad><pad><pad><pad><pad><pad><pad><pad><pad><pad><pad><pad><pad><pad><pad><pad><pad><pad><pad><pad><pad><pad><pad><pad><pad><pad><pad><pad><pad><pad><pad><pad><pad><pad><pad><pad><pad><pad>AGCAATTCCGCGAAATCACTTACCTTCTTACTTGGTCATTGCCAGAACCA
RV-UML-m100,AGAGATTGTTGCATTGTCAGCACCACGCAATTGCAGCGCACCCGATCGCA,1.16,7.993142604827881,50,C2C12,Luciferase,AGAGATTGTTGCATTGTCAGCACCACGCAATTGCAGCGCACCCGATCGCA,<pad><pad><pad><pad><pad><pad><pad><pad><pad><pad><pad><pad><pad><pad><pad><pad><pad><pad><pad><pad><pad><pad><pad><pad><pad><pad><pad><pad><pad><pad><pad><pad><pad><pad><pad><pad><pad><pad><pad><pad><pad><pad><pad><pad><pad><pad><pad><pad><pad><pad>AGAGATTGTTGCATTGTCAGCACCACGCAATTGCAGCGCACCCGATCGCA
RV-UML-m102,AGACATTTGCTTCTGACACAACTGTGTTCACTAGCAACCTCAAACAGACACC,0.85,8.105683326721191,52,C2C12,Luciferase,ACATTTGCTTCTGACACAACTGTGTTCACTAGCAACCTCAAACAGACACC,<pad><pad><pad><pad><pad><pad><pad><pad><pad><pad><pad><pad><pad><pad><pad><pad><pad><pad><pad><pad><pad><pad><pad><pad><pad><pad><pad><pad><pad><pad><pad><pad><pad><pad><pad><pad><pad><pad><pad><pad><pad><pad><pad><pad><pad><pad><pad><pad>AGACATTTGCTTCTGACACAACTGTGTTCACTAGCAACCTCAAACAGACACC
RV-UML-m103,AGCGTGGTGGGCGGACCGGGGCGGTCCTGAGCCTGCGACCTCGCAGGCGACCTCGCTGGACCCTAAGTCCAGGCCACAGTCAGGGAAGGGCGCTGAGAGGCGAGCGTGAGCCCAGCGACAGGAGAGTGAGCTCACCACGCGCAGCGCC,0.74,7.604020118713379,148,C2C12,Luciferase,GGCGAGCGTGAGCCCAGCGACAGGAGAGTGAGCTCACCACGCGCAGCGCC,GACCTCGCTGGACCCTAAGTCCAGGCCACAGTCAGGGAAGGGCGCTGAGAGGCGAGCGTGAGCCCAGCGACAGGAGAGTGAGCTCACCACGCGCAGCGCC
RV-UML-m105,AGCACAGACTCAGAGAGAACCCACCATGGTGCTGTCTCCTGCCGACAAGACCAACGTCAAGGCCGCCTGGGG,1.03,3.025870084762573,72,C2C12,Luciferase,ACCATGGTGCTGTCTCCTGCCGACAAGACCAACGTCAAGGCCGCCTGGGG,<pad><pad><pad><pad><pad><pad><pad><pad><pad><pad><pad><pad><pad><pad><pad><pad><pad><pad><pad><pad><pad><pad><pad><pad><pad><pad><pad><pad>AGCACAGACTCAGAGAGAACCCACCATGGTGCTGTCTCCTGCCGACAAGACCAACGTCAAGGCCGCCTGGGG
RV-UML-m107,AGGTCTCCCCTCGCCGCATCCACTCTCCGGCCGGCCGCCTGCCCGCCGCCTCCTCCGTGCGCCCGCCAGCCTCGCCCGCGCCGTCACC,0.95,5.985160827636719,88,C2C12,Luciferase,CTGCCCGCCGCCTCCTCCGTGCGCCCGCCAGCCTCGCCCGCGCCGTCACC,<pad><pad><pad><pad><pad><pad><pad><pad><pad><pad><pad><pad>AGGTCTCCCCTCGCCGCATCCACTCTCCGGCCGGCCGCCTGCCCGCCGCCTCCTCCGTGCGCCCGCCAGCCTCGCCCGCGCCGTCACC
RV-UML-m108,AGGGGCTCTCCGGCAGCGGATCTGCGCAGAAGCGTTCCGTGCGTGCAAGTGCTGCGAACCACGTGGGTCCCGGGCGCGTTTCGGGTGCTGGCGGCTGCAGCCGGAGTTCAAACCTAAGCAGCTGGAAGGAACC,0.79,7.277009963989258,133,C2C12,Luciferase,GGTGCTGGCGGCTGCAGCCGGAGTTCAAACCTAAGCAGCTGGAAGGAACC,GTTCCGTGCGTGCAAGTGCTGCGAACCACGTGGGTCCCGGGCGCGTTTCGGGTGCTGGCGGCTGCAGCCGGAGTTCAAACCTAAGCAGCTGGAAGGAACC
RV-UML-m109,AGAAGATGAAGCCTGAACTGATTATAAAACCTTCCTTGGCTCAGTGCCCTTCACCACTGCTGGCTTTTTGCTGTAGCTCCACATTCCTGTGCATTGAGGGGTTAACATTAGGCTGGGAAG,1.09,7.908953666687012,120,C2C12,Luciferase,CTGTAGCTCCACATTCCTGTGCATTGAGGGGTTAACATTAGGCTGGGAAG,ATTATAAAACCTTCCTTGGCTCAGTGCCCTTCACCACTGCTGGCTTTTTGCTGTAGCTCCACATTCCTGTGCATTGAGGGGTTAACATTAGGCTGGGAAG
RV-UML-m110,AGGCCCCCGCCTGGAGTCCAGACCCGACGGCCGGCCCAGTTCCACGCACCCAGCGAGCCCAAGCGCCTTCTCCGCACCAGGGAAGCCCCACCCACCAGAAGCCAAG,1.0,7.445425033569336,106,C2C12,Luciferase,GCCCAAGCGCCTTCTCCGCACCAGGGAAGCCCCACCCACCAGAAGCCAAG,CCGCCTGGAGTCCAGACCCGACGGCCGGCCCAGTTCCACGCACCCAGCGAGCCCAAGCGCCTTCTCCGCACCAGGGAAGCCCCACCCACCAGAAGCCAAG
RV-UML-m111,AGGCCGCGGCGGGCGGCGGGCGCGGCGCGGCGCGGCGCCATCTTGCAGCCGGCGGCGCGGATTGA,1.05,5.554965972900391,65,C2C12,Luciferase,GCGGGCGCGGCGCGGCGCGGCGCCATCTTGCAGCCGGCGGCGCGGATTGA,<pad><pad><pad><pad><pad><pad><pad><pad><pad><pad><pad><pad><pad><pad><pad><pad><pad><pad><pad><pad><pad><pad><pad><pad><pad><pad><pad><pad><pad><pad><pad><pad><pad><pad><pad>AGGCCGCGGCGGGCGGCGGGCGCGGCGCGGCGCGGCGCCATCTTGCAGCCGGCGGCGCGGATTGA
RV-UML-m112,AGCCCGCGGCACCGCCTCCGCGCCTCCATCCAGCCGGCTCCCTCCGGCCGCGAACTGCCCCTCCCCGCCCCGCCTCCCGGCGCGGGTGGCCGAGGCGTAGCGCTGCGACCCCCGCACCCCTGCGAAC,0.95,6.213414192199707,127,C2C12,Luciferase,CGGCGCGGGTGGCCGAGGCGTAGCGCTGCGACCCCCGCACCCCTGCGAAC,ATCCAGCCGGCTCCCTCCGGCCGCGAACTGCCCCTCCCCGCCCCGCCTCCCGGCGCGGGTGGCCGAGGCGTAGCGCTGCGACCCCCGCACCCCTGCGAAC
RV-UML-m115,AGCCGTCTCCGCCTCGCCGCAGTCGGGGCAGCCGCTCGCCCCTCTTTTCCATGTATCCGTCCAGAGTTTGAGCGGTGCTGAACTGTCAGCACCATCTGTCCGGTCCCAGC,0.91,7.064379692077637,110,C2C12,Luciferase,CCAGAGTTTGAGCGGTGCTGAACTGTCAGCACCATCTGTCCGGTCCCAGC,GCCTCGCCGCAGTCGGGGCAGCCGCTCGCCCCTCTTTTCCATGTATCCGTCCAGAGTTTGAGCGGTGCTGAACTGTCAGCACCATCTGTCCGGTCCCAGC
RV-UML-m276,AGGCTGCAACGTATCGAGTCAAATATATCGGTTGCAGTAGTACCGTGGCC,1.16,7.969001293182373,50,C2C12,Luciferase,AGGCTGCAACGTATCGAGTCAAATATATCGGTTGCAGTAGTACCGTGGCC,<pad><pad><pad><pad><pad><pad><pad><pad><pad><pad><pad><pad><pad><pad><pad><pad><pad><pad><pad><pad><pad><pad><pad><pad><pad><pad><pad><pad><pad><pad><pad><pad><pad><pad><pad><pad><pad><pad><pad><pad><pad><pad><pad><pad><pad><pad><pad><pad><pad><pad>AGGCTGCAACGTATCGAGTCAAATATATCGGTTGCAGTAGTACCGTGGCC
RV-UML-m277,AGTTTAGCACGAAAATATACAAGGCTCTCGTGTCTCCCTTCAACGCTCGG,1.04,6.73558521270752,50,C2C12,Luciferase,AGTTTAGCACGAAAATATACAAGGCTCTCGTGTCTCCCTTCAACGCTCGG,<pad><pad><pad><pad><pad><pad><pad><pad><pad><pad><pad><pad><pad><pad><pad><pad><pad><pad><pad><pad><pad><pad><pad><pad><pad><pad><pad><pad><pad><pad><pad><pad><pad><pad><pad><pad><pad><pad><pad><pad><pad><pad><pad><pad><pad><pad><pad><pad><pad><pad>AGTTTAGCACGAAAATATACAAGGCTCTCGTGTCTCCCTTCAACGCTCGG
RV-UML-m278,AGCGTTACTGCCTTCCTCTGGATATTATCCTTCTCTGCATCCGCTGTACA,1.06,8.2459716796875,50,C2C12,Luciferase,AGCGTTACTGCCTTCCTCTGGATATTATCCTTCTCTGCATCCGCTGTACA,<pad><pad><pad><pad><pad><pad><pad><pad><pad><pad><pad><pad><pad><pad><pad><pad><pad><pad><pad><pad><pad><pad><pad><pad><pad><pad><pad><pad><pad><pad><pad><pad><pad><pad><pad><pad><pad><pad><pad><pad><pad><pad><pad><pad><pad><pad><pad><pad><pad><pad>AGCGTTACTGCCTTCCTCTGGATATTATCCTTCTCTGCATCCGCTGTACA
RV-UML-m279,AGTCGAGGGGCTTATTCTGCGTTTCTGCACGAGCGAATTCTGACGGATCA,1.16,8.045818328857422,50,C2C12,Luciferase,AGTCGAGGGGCTTATTCTGCGTTTCTGCACGAGCGAATTCTGACGGATCA,<pad><pad><pad><pad><pad><pad><pad><pad><pad><pad><pad><pad><pad><pad><pad><pad><pad><pad><pad><pad><pad><pad><pad><pad><pad><pad><pad><pad><pad><pad><pad><pad><pad><pad><pad><pad><pad><pad><pad><pad><pad><pad><pad><pad><pad><pad><pad><pad><pad><pad>AGTCGAGGGGCTTATTCTGCGTTTCTGCACGAGCGAATTCTGACGGATCA
RV-UML-m280,AGACGGTAGACAAGGAATCGAAAGACTGCTCCTCACTGCTTACGTTTACC,1.18,8.077301979064941,50,C2C12,Luciferase,AGACGGTAGACAAGGAATCGAAAGACTGCTCCTCACTGCTTACGTTTACC,<pad><pad><pad><pad><pad><pad><pad><pad><pad><pad><pad><pad><pad><pad><pad><pad><pad><pad><pad><pad><pad><pad><pad><pad><pad><pad><pad><pad><pad><pad><pad><pad><pad><pad><pad><pad><pad><pad><pad><pad><pad><pad><pad><pad><pad><pad><pad><pad><pad><pad>AGACGGTAGACAAGGAATCGAAAGACTGCTCCTCACTGCTTACGTTTACC
RV-UML-m281,AGGAAATTCAGGAAGAATTTTCCTCCTCTACAGAACTCGTCTGGTCCGTC,1.14,8.091240882873535,50,C2C12,Luciferase,AGGAAATTCAGGAAGAATTTTCCTCCTCTACAGAACTCGTCTGGTCCGTC,<pad><pad><pad><pad><pad><pad><pad><pad><pad><pad><pad><pad><pad><pad><pad><pad><pad><pad><pad><pad><pad><pad><pad><pad><pad><pad><pad><pad><pad><pad><pad><pad><pad><pad><pad><pad><pad><pad><pad><pad><pad><pad><pad><pad><pad><pad><pad><pad><pad><pad>AGGAAATTCAGGAAGAATTTTCCTCCTCTACAGAACTCGTCTGGTCCGTC
RV-UML-m283,AGCCGCAGCAAGAGAGCGAGTGATTACAGAGCGATCTTTGTGCAAAAGCT,1.12,8.109031677246094,50,C2C12,Luciferase,AGCCGCAGCAAGAGAGCGAGTGATTACAGAGCGATCTTTGTGCAAAAGCT,<pad><pad><pad><pad><pad><pad><pad><pad><pad><pad><pad><pad><pad><pad><pad><pad><pad><pad><pad><pad><pad><pad><pad><pad><pad><pad><pad><pad><pad><pad><pad><pad><pad><pad><pad><pad><pad><pad><pad><pad><pad><pad><pad><pad><pad><pad><pad><pad><pad><pad>AGCCGCAGCAAGAGAGCGAGTGATTACAGAGCGATCTTTGTGCAAAAGCT
RV-UML-m284,AGGTCCTCTTTCAGGAAGAGGTCGCATACAGTACAGCAGATCTGACGAAG,1.05,7.910540580749512,50,C2C12,Luciferase,AGGTCCTCTTTCAGGAAGAGGTCGCATACAGTACAGCAGATCTGACGAAG,<pad><pad><pad><pad><pad><pad><pad><pad><pad><pad><pad><pad><pad><pad><pad><pad><pad><pad><pad><pad><pad><pad><pad><pad><pad><pad><pad><pad><pad><pad><pad><pad><pad><pad><pad><pad><pad><pad><pad><pad><pad><pad><pad><pad><pad><pad><pad><pad><pad><pad>AGGTCCTCTTTCAGGAAGAGGTCGCATACAGTACAGCAGATCTGACGAAG
RV-UML-m285,AGGGATTCAAACTACGCCTTCAATCTCTCGATTTACGTGTGAGGGGATCG,1.11,7.968913555145264,50,C2C12,Luciferase,AGGGATTCAAACTACGCCTTCAATCTCTCGATTTACGTGTGAGGGGATCG,<pad><pad><pad><pad><pad><pad><pad><pad><pad><pad><pad><pad><pad><pad><pad><pad><pad><pad><pad><pad><pad><pad><pad><pad><pad><pad><pad><pad><pad><pad><pad><pad><pad><pad><pad><pad><pad><pad><pad><pad><pad><pad><pad><pad><pad><pad><pad><pad><pad><pad>AGGGATTCAAACTACGCCTTCAATCTCTCGATTTACGTGTGAGGGGATCG
RV-UML-m286,AGTGGAGAGCGCAATCCAGTTTCCTTAGCAAAGCATATCACCCTTCGGCT,1.24,8.225702285766602,50,C2C12,Luciferase,AGTGGAGAGCGCAATCCAGTTTCCTTAGCAAAGCATATCACCCTTCGGCT,<pad><pad><pad><pad><pad><pad><pad><pad><pad><pad><pad><pad><pad><pad><pad><pad><pad><pad><pad><pad><pad><pad><pad><pad><pad><pad><pad><pad><pad><pad><pad><pad><pad><pad><pad><pad><pad><pad><pad><pad><pad><pad><pad><pad><pad><pad><pad><pad><pad><pad>AGTGGAGAGCGCAATCCAGTTTCCTTAGCAAAGCATATCACCCTTCGGCT
RV-UML-m287,AGAGAGAAGAATTCGTGTGGCAGCCTCTTGGAACGCACTTGAACCAGATC,1.04,8.232836723327637,50,C2C12,Luciferase,AGAGAGAAGAATTCGTGTGGCAGCCTCTTGGAACGCACTTGAACCAGATC,<pad><pad><pad><pad><pad><pad><pad><pad><pad><pad><pad><pad><pad><pad><pad><pad><pad><pad><pad><pad><pad><pad><pad><pad><pad><pad><pad><pad><pad><pad><pad><pad><pad><pad><pad><pad><pad><pad><pad><pad><pad><pad><pad><pad><pad><pad><pad><pad><pad><pad>AGAGAGAAGAATTCGTGTGGCAGCCTCTTGGAACGCACTTGAACCAGATC
RV-UML-m288,AGCTTAAGTGTTTCCGCTATTCTTGTTGTCTGCTTTACTTGACGGGCGAC,1.12,8.17806339263916,50,C2C12,Luciferase,AGCTTAAGTGTTTCCGCTATTCTTGTTGTCTGCTTTACTTGACGGGCGAC,<pad><pad><pad><pad><pad><pad><pad><pad><pad><pad><pad><pad><pad><pad><pad><pad><pad><pad><pad><pad><pad><pad><pad><pad><pad><pad><pad><pad><pad><pad><pad><pad><pad><pad><pad><pad><pad><pad><pad><pad><pad><pad><pad><pad><pad><pad><pad><pad><pad><pad>AGCTTAAGTGTTTCCGCTATTCTTGTTGTCTGCTTTACTTGACGGGCGAC
RV-UML-m289,AGCGATCCGTGATTTCTGCGTTCCAGTAGATTTCAGATAGGCCTTTCGAT,1.1,8.206819534301758,50,C2C12,Luciferase,AGCGATCCGTGATTTCTGCGTTCCAGTAGATTTCAGATAGGCCTTTCGAT,<pad><pad><pad><pad><pad><pad><pad><pad><pad><pad><pad><pad><pad><pad><pad><pad><pad><pad><pad><pad><pad><pad><pad><pad><pad><pad><pad><pad><pad><pad><pad><pad><pad><pad><pad><pad><pad><pad><pad><pad><pad><pad><pad><pad><pad><pad><pad><pad><pad><pad>AGCGATCCGTGATTTCTGCGTTCCAGTAGATTTCAGATAGGCCTTTCGAT
RV-UML-m290,AGGTTGCACTTTACCCTCCCTTCCCGTGGGAACGCATTGCGAAAATCGCA,1.2,7.641806602478027,50,C2C12,Luciferase,AGGTTGCACTTTACCCTCCCTTCCCGTGGGAACGCATTGCGAAAATCGCA,<pad><pad><pad><pad><pad><pad><pad><pad><pad><pad><pad><pad><pad><pad><pad><pad><pad><pad><pad><pad><pad><pad><pad><pad><pad><pad><pad><pad><pad><pad><pad><pad><pad><pad><pad><pad><pad><pad><pad><pad><pad><pad><pad><pad><pad><pad><pad><pad><pad><pad>AGGTTGCACTTTACCCTCCCTTCCCGTGGGAACGCATTGCGAAAATCGCA
RV-UML-m291,AGTGGAGATTCGGGATCTGCAAATCACCGATAAAACATCCCTTCGGGAGG,1.19,8.000329971313477,50,C2C12,Luciferase,AGTGGAGATTCGGGATCTGCAAATCACCGATAAAACATCCCTTCGGGAGG,<pad><pad><pad><pad><pad><pad><pad><pad><pad><pad><pad><pad><pad><pad><pad><pad><pad><pad><pad><pad><pad><pad><pad><pad><pad><pad><pad><pad><pad><pad><pad><pad><pad><pad><pad><pad><pad><pad><pad><pad><pad><pad><pad><pad><pad><pad><pad><pad><pad><pad>AGTGGAGATTCGGGATCTGCAAATCACCGATAAAACATCCCTTCGGGAGG
RV-UML-m292,AGATTGGTTTGGCTTTGTTTCCCACAGCGACTGCGGGATTCCGTTTCGCT,1.05,7.781790733337402,50,C2C12,Luciferase,AGATTGGTTTGGCTTTGTTTCCCACAGCGACTGCGGGATTCCGTTTCGCT,<pad><pad><pad><pad><pad><pad><pad><pad><pad><pad><pad><pad><pad><pad><pad><pad><pad><pad><pad><pad><pad><pad><pad><pad><pad><pad><pad><pad><pad><pad><pad><pad><pad><pad><pad><pad><pad><pad><pad><pad><pad><pad><pad><pad><pad><pad><pad><pad><pad><pad>AGATTGGTTTGGCTTTGTTTCCCACAGCGACTGCGGGATTCCGTTTCGCT
RV-UML-m293,AGCTTGAATTCCGTTTTACCGAAAATCTTGGTCAAACGACGGCCGGCTTA,1.1,8.006231307983398,50,C2C12,Luciferase,AGCTTGAATTCCGTTTTACCGAAAATCTTGGTCAAACGACGGCCGGCTTA,<pad><pad><pad><pad><pad><pad><pad><pad><pad><pad><pad><pad><pad><pad><pad><pad><pad><pad><pad><pad><pad><pad><pad><pad><pad><pad><pad><pad><pad><pad><pad><pad><pad><pad><pad><pad><pad><pad><pad><pad><pad><pad><pad><pad><pad><pad><pad><pad><pad><pad>AGCTTGAATTCCGTTTTACCGAAAATCTTGGTCAAACGACGGCCGGCTTA
RV-UML-m294,AGCATCGTTTCTGCATTAAGAGAAAACTTTGTCTGCAAGGACAGCCGGGG,1.14,7.992074966430664,50,C2C12,Luciferase,AGCATCGTTTCTGCATTAAGAGAAAACTTTGTCTGCAAGGACAGCCGGGG,<pad><pad><pad><pad><pad><pad><pad><pad><pad><pad><pad><pad><pad><pad><pad><pad><pad><pad><pad><pad><pad><pad><pad><pad><pad><pad><pad><pad><pad><pad><pad><pad><pad><pad><pad><pad><pad><pad><pad><pad><pad><pad><pad><pad><pad><pad><pad><pad><pad><pad>AGCATCGTTTCTGCATTAAGAGAAAACTTTGTCTGCAAGGACAGCCGGGG
RV-UML-m296,AGCAAACGGAGTTGTTTCGCATCAATCGCCTGTCAACGTCACTTGTCGGC,1.02,8.043456077575684,50,C2C12,Luciferase,AGCAAACGGAGTTGTTTCGCATCAATCGCCTGTCAACGTCACTTGTCGGC,<pad><pad><pad><pad><pad><pad><pad><pad><pad><pad><pad><pad><pad><pad><pad><pad><pad><pad><pad><pad><pad><pad><pad><pad><pad><pad><pad><pad><pad><pad><pad><pad><pad><pad><pad><pad><pad><pad><pad><pad><pad><pad><pad><pad><pad><pad><pad><pad><pad><pad>AGCAAACGGAGTTGTTTCGCATCAATCGCCTGTCAACGTCACTTGTCGGC
RV-UML-m297,AGGGGCGGAATCATACTGTTCGTAGGGGAGTACACCAGTATTCGAAAATA,1.07,8.047985076904297,50,C2C12,Luciferase,AGGGGCGGAATCATACTGTTCGTAGGGGAGTACACCAGTATTCGAAAATA,<pad><pad><pad><pad><pad><pad><pad><pad><pad><pad><pad><pad><pad><pad><pad><pad><pad><pad><pad><pad><pad><pad><pad><pad><pad><pad><pad><pad><pad><pad><pad><pad><pad><pad><pad><pad><pad><pad><pad><pad><pad><pad><pad><pad><pad><pad><pad><pad><pad><pad>AGGGGCGGAATCATACTGTTCGTAGGGGAGTACACCAGTATTCGAAAATA
RV-UML-m298,AGCTTGGACCCAACGTAAGAATCAGTCTTTGCGTTGCTAGGACAAAAGCT,0.93,8.172331809997559,50,C2C12,Luciferase,AGCTTGGACCCAACGTAAGAATCAGTCTTTGCGTTGCTAGGACAAAAGCT,<pad><pad><pad><pad><pad><pad><pad><pad><pad><pad><pad><pad><pad><pad><pad><pad><pad><pad><pad><pad><pad><pad><pad><pad><pad><pad><pad><pad><pad><pad><pad><pad><pad><pad><pad><pad><pad><pad><pad><pad><pad><pad><pad><pad><pad><pad><pad><pad><pad><pad>AGCTTGGACCCAACGTAAGAATCAGTCTTTGCGTTGCTAGGACAAAAGCT
RV-UML-m299,AGAGAGCCCAGAGAGGACGTTTTATACCCGATTGACAGATTCCTCCCACT,1.02,8.040506362915039,50,C2C12,Luciferase,AGAGAGCCCAGAGAGGACGTTTTATACCCGATTGACAGATTCCTCCCACT,<pad><pad><pad><pad><pad><pad><pad><pad><pad><pad><pad><pad><pad><pad><pad><pad><pad><pad><pad><pad><pad><pad><pad><pad><pad><pad><pad><pad><pad><pad><pad><pad><pad><pad><pad><pad><pad><pad><pad><pad><pad><pad><pad><pad><pad><pad><pad><pad><pad><pad>AGAGAGCCCAGAGAGGACGTTTTATACCCGATTGACAGATTCCTCCCACT
RV-UML-m300,AGGAGAGGAGAAATCCTACGTCAATTGGATACTCAGTTACCGATTCGGCT,1.06,8.293828964233398,50,C2C12,Luciferase,AGGAGAGGAGAAATCCTACGTCAATTGGATACTCAGTTACCGATTCGGCT,<pad><pad><pad><pad><pad><pad><pad><pad><pad><pad><pad><pad><pad><pad><pad><pad><pad><pad><pad><pad><pad><pad><pad><pad><pad><pad><pad><pad><pad><pad><pad><pad><pad><pad><pad><pad><pad><pad><pad><pad><pad><pad><pad><pad><pad><pad><pad><pad><pad><pad>AGGAGAGGAGAAATCCTACGTCAATTGGATACTCAGTTACCGATTCGGCT
RV-UML-m301,AGTCCGAGAAGAGAAAACAGATTTTCAGCCCACATTGGACAGGGTGGGCA,1.05,7.444863796234131,50,C2C12,Luciferase,AGTCCGAGAAGAGAAAACAGATTTTCAGCCCACATTGGACAGGGTGGGCA,<pad><pad><pad><pad><pad><pad><pad><pad><pad><pad><pad><pad><pad><pad><pad><pad><pad><pad><pad><pad><pad><pad><pad><pad><pad><pad><pad><pad><pad><pad><pad><pad><pad><pad><pad><pad><pad><pad><pad><pad><pad><pad><pad><pad><pad><pad><pad><pad><pad><pad>AGTCCGAGAAGAGAAAACAGATTTTCAGCCCACATTGGACAGGGTGGGCA
RV-UML-m302,AGTTATTTGCGATAAACAGTAGGGAGACAATTGACCTGCACAGCGTGGCC,1.24,8.185946464538574,50,C2C12,Luciferase,AGTTATTTGCGATAAACAGTAGGGAGACAATTGACCTGCACAGCGTGGCC,<pad><pad><pad><pad><pad><pad><pad><pad><pad><pad><pad><pad><pad><pad><pad><pad><pad><pad><pad><pad><pad><pad><pad><pad><pad><pad><pad><pad><pad><pad><pad><pad><pad><pad><pad><pad><pad><pad><pad><pad><pad><pad><pad><pad><pad><pad><pad><pad><pad><pad>AGTTATTTGCGATAAACAGTAGGGAGACAATTGACCTGCACAGCGTGGCC
RV-UML-m303,AGGAAAATCCGGAAACCGGAAATTAACCGAGTGTCTTCAGCTCACTGAGC,1.15,8.148539543151855,50,C2C12,Luciferase,AGGAAAATCCGGAAACCGGAAATTAACCGAGTGTCTTCAGCTCACTGAGC,<pad><pad><pad><pad><pad><pad><pad><pad><pad><pad><pad><pad><pad><pad><pad><pad><pad><pad><pad><pad><pad><pad><pad><pad><pad><pad><pad><pad><pad><pad><pad><pad><pad><pad><pad><pad><pad><pad><pad><pad><pad><pad><pad><pad><pad><pad><pad><pad><pad><pad>AGGAAAATCCGGAAACCGGAAATTAACCGAGTGTCTTCAGCTCACTGAGC
RV-UML-m304,AGTACATTCATCGCTCGCTACCCGTCTGTCGAGCACACATTCAGGACAAG,1.16,7.7937397956848145,50,C2C12,Luciferase,AGTACATTCATCGCTCGCTACCCGTCTGTCGAGCACACATTCAGGACAAG,<pad><pad><pad><pad><pad><pad><pad><pad><pad><pad><pad><pad><pad><pad><pad><pad><pad><pad><pad><pad><pad><pad><pad><pad><pad><pad><pad><pad><pad><pad><pad><pad><pad><pad><pad><pad><pad><pad><pad><pad><pad><pad><pad><pad><pad><pad><pad><pad><pad><pad>AGTACATTCATCGCTCGCTACCCGTCTGTCGAGCACACATTCAGGACAAG
RV-UML-m305,AGCTGCCCAAATTCTCGTTATTTCTTCACCTTCCAGAACCTCCCGATCCA,1.14,8.175947189331055,50,C2C12,Luciferase,AGCTGCCCAAATTCTCGTTATTTCTTCACCTTCCAGAACCTCCCGATCCA,<pad><pad><pad><pad><pad><pad><pad><pad><pad><pad><pad><pad><pad><pad><pad><pad><pad><pad><pad><pad><pad><pad><pad><pad><pad><pad><pad><pad><pad><pad><pad><pad><pad><pad><pad><pad><pad><pad><pad><pad><pad><pad><pad><pad><pad><pad><pad><pad><pad><pad>AGCTGCCCAAATTCTCGTTATTTCTTCACCTTCCAGAACCTCCCGATCCA
RV-UML-m306,AGTTCCGACTGGATTTGCCGCATAAGAGGCTTAACTATACACCAGAGGTG,1.04,7.979919910430908,50,C2C12,Luciferase,AGTTCCGACTGGATTTGCCGCATAAGAGGCTTAACTATACACCAGAGGTG,<pad><pad><pad><pad><pad><pad><pad><pad><pad><pad><pad><pad><pad><pad><pad><pad><pad><pad><pad><pad><pad><pad><pad><pad><pad><pad><pad><pad><pad><pad><pad><pad><pad><pad><pad><pad><pad><pad><pad><pad><pad><pad><pad><pad><pad><pad><pad><pad><pad><pad>AGTTCCGACTGGATTTGCCGCATAAGAGGCTTAACTATACACCAGAGGTG
RV-UML-m307,AGCATCCGATTGCCCTCCTATTACTTGGGACCAGATATCCCTTCAACGTC,0.91,8.04998779296875,50,C2C12,Luciferase,AGCATCCGATTGCCCTCCTATTACTTGGGACCAGATATCCCTTCAACGTC,<pad><pad><pad><pad><pad><pad><pad><pad><pad><pad><pad><pad><pad><pad><pad><pad><pad><pad><pad><pad><pad><pad><pad><pad><pad><pad><pad><pad><pad><pad><pad><pad><pad><pad><pad><pad><pad><pad><pad><pad><pad><pad><pad><pad><pad><pad><pad><pad><pad><pad>AGCATCCGATTGCCCTCCTATTACTTGGGACCAGATATCCCTTCAACGTC
RV-UML-m308,AGGAAAGAATCTTATCACTGCCACACCGTTTCCGTGGTTACCTCCGCATC,1.0,7.851345062255859,50,C2C12,Luciferase,AGGAAAGAATCTTATCACTGCCACACCGTTTCCGTGGTTACCTCCGCATC,<pad><pad><pad><pad><pad><pad><pad><pad><pad><pad><pad><pad><pad><pad><pad><pad><pad><pad><pad><pad><pad><pad><pad><pad><pad><pad><pad><pad><pad><pad><pad><pad><pad><pad><pad><pad><pad><pad><pad><pad><pad><pad><pad><pad><pad><pad><pad><pad><pad><pad>AGGAAAGAATCTTATCACTGCCACACCGTTTCCGTGGTTACCTCCGCATC
RV-UML-m309,AGGCCACTGCTACTGTGCAAATCCGCAGGATCCTTCCCGTTACGGTCGAA,1.0,7.7990522384643555,50,C2C12,Luciferase,AGGCCACTGCTACTGTGCAAATCCGCAGGATCCTTCCCGTTACGGTCGAA,<pad><pad><pad><pad><pad><pad><pad><pad><pad><pad><pad><pad><pad><pad><pad><pad><pad><pad><pad><pad><pad><pad><pad><pad><pad><pad><pad><pad><pad><pad><pad><pad><pad><pad><pad><pad><pad><pad><pad><pad><pad><pad><pad><pad><pad><pad><pad><pad><pad><pad>AGGCCACTGCTACTGTGCAAATCCGCAGGATCCTTCCCGTTACGGTCGAA
RV-UML-m310,AGTCGAGCGCATCTTTCACAGAACTGTACGTGTCTACGAGACACTAGAAC,0.97,8.068775177001953,50,C2C12,Luciferase,AGTCGAGCGCATCTTTCACAGAACTGTACGTGTCTACGAGACACTAGAAC,<pad><pad><pad><pad><pad><pad><pad><pad><pad><pad><pad><pad><pad><pad><pad><pad><pad><pad><pad><pad><pad><pad><pad><pad><pad><pad><pad><pad><pad><pad><pad><pad><pad><pad><pad><pad><pad><pad><pad><pad><pad><pad><pad><pad><pad><pad><pad><pad><pad><pad>AGTCGAGCGCATCTTTCACAGAACTGTACGTGTCTACGAGACACTAGAAC
RV-UML-m311,AGAGAGCCTACAAGTCTTTACTATCAGCTGATTCGATCACTCGTCCCGCC,1.11,7.9007391929626465,50,C2C12,Luciferase,AGAGAGCCTACAAGTCTTTACTATCAGCTGATTCGATCACTCGTCCCGCC,<pad><pad><pad><pad><pad><pad><pad><pad><pad><pad><pad><pad><pad><pad><pad><pad><pad><pad><pad><pad><pad><pad><pad><pad><pad><pad><pad><pad><pad><pad><pad><pad><pad><pad><pad><pad><pad><pad><pad><pad><pad><pad><pad><pad><pad><pad><pad><pad><pad><pad>AGAGAGCCTACAAGTCTTTACTATCAGCTGATTCGATCACTCGTCCCGCC
RV-UML-m312,AGTTGCTTACAGCCTCGCACCTTGTTGTACCCGCGTTTATCCCTCATCTG,0.76,7.780424118041992,50,C2C12,Luciferase,AGTTGCTTACAGCCTCGCACCTTGTTGTACCCGCGTTTATCCCTCATCTG,<pad><pad><pad><pad><pad><pad><pad><pad><pad><pad><pad><pad><pad><pad><pad><pad><pad><pad><pad><pad><pad><pad><pad><pad><pad><pad><pad><pad><pad><pad><pad><pad><pad><pad><pad><pad><pad><pad><pad><pad><pad><pad><pad><pad><pad><pad><pad><pad><pad><pad>AGTTGCTTACAGCCTCGCACCTTGTTGTACCCGCGTTTATCCCTCATCTG
RV-UML-m313,AGCCAAACTTCGGCTATTCTGCGGTACCCTACCCAACGAGATCTCGAACA,1.15,8.075775146484375,50,C2C12,Luciferase,AGCCAAACTTCGGCTATTCTGCGGTACCCTACCCAACGAGATCTCGAACA,<pad><pad><pad><pad><pad><pad><pad><pad><pad><pad><pad><pad><pad><pad><pad><pad><pad><pad><pad><pad><pad><pad><pad><pad><pad><pad><pad><pad><pad><pad><pad><pad><pad><pad><pad><pad><pad><pad><pad><pad><pad><pad><pad><pad><pad><pad><pad><pad><pad><pad>AGCCAAACTTCGGCTATTCTGCGGTACCCTACCCAACGAGATCTCGAACA
RV-UML-m314,AGGGAACAGTGGAGCACAATAGTTGTCACAAACGCGTGACCTGTACCTTA,1.31,7.937662124633789,50,C2C12,Luciferase,AGGGAACAGTGGAGCACAATAGTTGTCACAAACGCGTGACCTGTACCTTA,<pad><pad><pad><pad><pad><pad><pad><pad><pad><pad><pad><pad><pad><pad><pad><pad><pad><pad><pad><pad><pad><pad><pad><pad><pad><pad><pad><pad><pad><pad><pad><pad><pad><pad><pad><pad><pad><pad><pad><pad><pad><pad><pad><pad><pad><pad><pad><pad><pad><pad>AGGGAACAGTGGAGCACAATAGTTGTCACAAACGCGTGACCTGTACCTTA
RV-UML-m315,AGGATCACAGAAAAGGATTCCCAAGCGAATAGCCTTCCCGCGAAGACACA,1.08,8.166170120239258,50,C2C12,Luciferase,AGGATCACAGAAAAGGATTCCCAAGCGAATAGCCTTCCCGCGAAGACACA,<pad><pad><pad><pad><pad><pad><pad><pad><pad><pad><pad><pad><pad><pad><pad><pad><pad><pad><pad><pad><pad><pad><pad><pad><pad><pad><pad><pad><pad><pad><pad><pad><pad><pad><pad><pad><pad><pad><pad><pad><pad><pad><pad><pad><pad><pad><pad><pad><pad><pad>AGGATCACAGAAAAGGATTCCCAAGCGAATAGCCTTCCCGCGAAGACACA
RV-UML-m317,AGCATAGTTAGAGCTTCTTCTCATCTGTTATCGCGATCGTACCTCCCGCT,1.1,8.144210815429688,50,C2C12,Luciferase,AGCATAGTTAGAGCTTCTTCTCATCTGTTATCGCGATCGTACCTCCCGCT,<pad><pad><pad><pad><pad><pad><pad><pad><pad><pad><pad><pad><pad><pad><pad><pad><pad><pad><pad><pad><pad><pad><pad><pad><pad><pad><pad><pad><pad><pad><pad><pad><pad><pad><pad><pad><pad><pad><pad><pad><pad><pad><pad><pad><pad><pad><pad><pad><pad><pad>AGCATAGTTAGAGCTTCTTCTCATCTGTTATCGCGATCGTACCTCCCGCT
RV-UML-m318,AGCCCTTACACGAATTCTCGAAAATCGTGCTTCAAGAAACGTACAACGGC,1.23,8.006242752075195,50,C2C12,Luciferase,AGCCCTTACACGAATTCTCGAAAATCGTGCTTCAAGAAACGTACAACGGC,<pad><pad><pad><pad><pad><pad><pad><pad><pad><pad><pad><pad><pad><pad><pad><pad><pad><pad><pad><pad><pad><pad><pad><pad><pad><pad><pad><pad><pad><pad><pad><pad><pad><pad><pad><pad><pad><pad><pad><pad><pad><pad><pad><pad><pad><pad><pad><pad><pad><pad>AGCCCTTACACGAATTCTCGAAAATCGTGCTTCAAGAAACGTACAACGGC
RV-UML-m319,AGAGAACCCAGTACCCAATTCCACGCGAACGTAGACGAGAAGGAGGTGCG,1.14,7.969263076782227,50,C2C12,Luciferase,AGAGAACCCAGTACCCAATTCCACGCGAACGTAGACGAGAAGGAGGTGCG,<pad><pad><pad><pad><pad><pad><pad><pad><pad><pad><pad><pad><pad><pad><pad><pad><pad><pad><pad><pad><pad><pad><pad><pad><pad><pad><pad><pad><pad><pad><pad><pad><pad><pad><pad><pad><pad><pad><pad><pad><pad><pad><pad><pad><pad><pad><pad><pad><pad><pad>AGAGAACCCAGTACCCAATTCCACGCGAACGTAGACGAGAAGGAGGTGCG
RV-UML-m320,AGAGTTCGTACAGACCAAGTTCATTTCAATCACGGGATACGAGCTGCACT,0.99,7.890495777130127,50,C2C12,Luciferase,AGAGTTCGTACAGACCAAGTTCATTTCAATCACGGGATACGAGCTGCACT,<pad><pad><pad><pad><pad><pad><pad><pad><pad><pad><pad><pad><pad><pad><pad><pad><pad><pad><pad><pad><pad><pad><pad><pad><pad><pad><pad><pad><pad><pad><pad><pad><pad><pad><pad><pad><pad><pad><pad><pad><pad><pad><pad><pad><pad><pad><pad><pad><pad><pad>AGAGTTCGTACAGACCAAGTTCATTTCAATCACGGGATACGAGCTGCACT
RV-UML-m321,AGCTGACTGGTCAAACAACGCAACCAGCGATTCACGGTTTTCCTGTCGCA,1.02,7.878162384033203,50,C2C12,Luciferase,AGCTGACTGGTCAAACAACGCAACCAGCGATTCACGGTTTTCCTGTCGCA,<pad><pad><pad><pad><pad><pad><pad><pad><pad><pad><pad><pad><pad><pad><pad><pad><pad><pad><pad><pad><pad><pad><pad><pad><pad><pad><pad><pad><pad><pad><pad><pad><pad><pad><pad><pad><pad><pad><pad><pad><pad><pad><pad><pad><pad><pad><pad><pad><pad><pad>AGCTGACTGGTCAAACAACGCAACCAGCGATTCACGGTTTTCCTGTCGCA
RV-UML-m322,AGCCGGTAGATTGGCTAATTCGGAGAAAGGACCATCTCGAGTACGCGAAA,1.02,7.706965446472168,50,C2C12,Luciferase,AGCCGGTAGATTGGCTAATTCGGAGAAAGGACCATCTCGAGTACGCGAAA,<pad><pad><pad><pad><pad><pad><pad><pad><pad><pad><pad><pad><pad><pad><pad><pad><pad><pad><pad><pad><pad><pad><pad><pad><pad><pad><pad><pad><pad><pad><pad><pad><pad><pad><pad><pad><pad><pad><pad><pad><pad><pad><pad><pad><pad><pad><pad><pad><pad><pad>AGCCGGTAGATTGGCTAATTCGGAGAAAGGACCATCTCGAGTACGCGAAA
RV-UML-m323,AGGTTACTTCTCGTCCCAACAGAATTGAACCGAAGATCTATTCAGGGAGG,1.03,7.98444128036499,50,C2C12,Luciferase,AGGTTACTTCTCGTCCCAACAGAATTGAACCGAAGATCTATTCAGGGAGG,<pad><pad><pad><pad><pad><pad><pad><pad><pad><pad><pad><pad><pad><pad><pad><pad><pad><pad><pad><pad><pad><pad><pad><pad><pad><pad><pad><pad><pad><pad><pad><pad><pad><pad><pad><pad><pad><pad><pad><pad><pad><pad><pad><pad><pad><pad><pad><pad><pad><pad>AGGTTACTTCTCGTCCCAACAGAATTGAACCGAAGATCTATTCAGGGAGG
RV-UML-m324,AGAGAATCTTGTGCTTATTGTGATCGAGCATTGCAGTGGCGTTGGCCATT,1.14,8.113378524780273,50,C2C12,Luciferase,AGAGAATCTTGTGCTTATTGTGATCGAGCATTGCAGTGGCGTTGGCCATT,<pad><pad><pad><pad><pad><pad><pad><pad><pad><pad><pad><pad><pad><pad><pad><pad><pad><pad><pad><pad><pad><pad><pad><pad><pad><pad><pad><pad><pad><pad><pad><pad><pad><pad><pad><pad><pad><pad><pad><pad><pad><pad><pad><pad><pad><pad><pad><pad><pad><pad>AGAGAATCTTGTGCTTATTGTGATCGAGCATTGCAGTGGCGTTGGCCATT
RV-UML-m325,AGGATCTATCGGAACGTTGTACATTGTATTCGCAGCACCTAGAAACCGTC,1.07,8.274150848388672,50,C2C12,Luciferase,AGGATCTATCGGAACGTTGTACATTGTATTCGCAGCACCTAGAAACCGTC,<pad><pad><pad><pad><pad><pad><pad><pad><pad><pad><pad><pad><pad><pad><pad><pad><pad><pad><pad><pad><pad><pad><pad><pad><pad><pad><pad><pad><pad><pad><pad><pad><pad><pad><pad><pad><pad><pad><pad><pad><pad><pad><pad><pad><pad><pad><pad><pad><pad><pad>AGGATCTATCGGAACGTTGTACATTGTATTCGCAGCACCTAGAAACCGTC
RV-UML-m326,AGTGCCAAGGTATACGGGAAGAAAGTGTGTTCAACATACGCGTGGCGAGG,1.07,7.798778533935547,50,C2C12,Luciferase,AGTGCCAAGGTATACGGGAAGAAAGTGTGTTCAACATACGCGTGGCGAGG,<pad><pad><pad><pad><pad><pad><pad><pad><pad><pad><pad><pad><pad><pad><pad><pad><pad><pad><pad><pad><pad><pad><pad><pad><pad><pad><pad><pad><pad><pad><pad><pad><pad><pad><pad><pad><pad><pad><pad><pad><pad><pad><pad><pad><pad><pad><pad><pad><pad><pad>AGTGCCAAGGTATACGGGAAGAAAGTGTGTTCAACATACGCGTGGCGAGG
RV-UML-m327,AGCTTGGAAAACAGCGCTCACAGAATTCTTAGACACTGCACGTCCCGCCC,1.09,7.328953266143799,50,C2C12,Luciferase,AGCTTGGAAAACAGCGCTCACAGAATTCTTAGACACTGCACGTCCCGCCC,<pad><pad><pad><pad><pad><pad><pad><pad><pad><pad><pad><pad><pad><pad><pad><pad><pad><pad><pad><pad><pad><pad><pad><pad><pad><pad><pad><pad><pad><pad><pad><pad><pad><pad><pad><pad><pad><pad><pad><pad><pad><pad><pad><pad><pad><pad><pad><pad><pad><pad>AGCTTGGAAAACAGCGCTCACAGAATTCTTAGACACTGCACGTCCCGCCC
RV-UML-m328,AGAGAGAAGCAACGAAGGATCTACAGAACGTTCCTCTCCACGTGATCACT,1.02,8.131915092468262,50,C2C12,Luciferase,AGAGAGAAGCAACGAAGGATCTACAGAACGTTCCTCTCCACGTGATCACT,<pad><pad><pad><pad><pad><pad><pad><pad><pad><pad><pad><pad><pad><pad><pad><pad><pad><pad><pad><pad><pad><pad><pad><pad><pad><pad><pad><pad><pad><pad><pad><pad><pad><pad><pad><pad><pad><pad><pad><pad><pad><pad><pad><pad><pad><pad><pad><pad><pad><pad>AGAGAGAAGCAACGAAGGATCTACAGAACGTTCCTCTCCACGTGATCACT
RV-UML-m329,AGTCTGGTCAAAGTTCGCAGAGAACTAAACCACCCACCACAACGAGCATC,0.95,8.135457038879395,50,C2C12,Luciferase,AGTCTGGTCAAAGTTCGCAGAGAACTAAACCACCCACCACAACGAGCATC,<pad><pad><pad><pad><pad><pad><pad><pad><pad><pad><pad><pad><pad><pad><pad><pad><pad><pad><pad><pad><pad><pad><pad><pad><pad><pad><pad><pad><pad><pad><pad><pad><pad><pad><pad><pad><pad><pad><pad><pad><pad><pad><pad><pad><pad><pad><pad><pad><pad><pad>AGTCTGGTCAAAGTTCGCAGAGAACTAAACCACCCACCACAACGAGCATC
RV-UML-m330,AGGACGAGTATACGACCTCAGTCTAGTCCAAGGGTACTTCGATAATTGCC,1.09,7.951663970947266,50,C2C12,Luciferase,AGGACGAGTATACGACCTCAGTCTAGTCCAAGGGTACTTCGATAATTGCC,<pad><pad><pad><pad><pad><pad><pad><pad><pad><pad><pad><pad><pad><pad><pad><pad><pad><pad><pad><pad><pad><pad><pad><pad><pad><pad><pad><pad><pad><pad><pad><pad><pad><pad><pad><pad><pad><pad><pad><pad><pad><pad><pad><pad><pad><pad><pad><pad><pad><pad>AGGACGAGTATACGACCTCAGTCTAGTCCAAGGGTACTTCGATAATTGCC
RV-UML-m331,AGTTGTTCGAAGAAAACAGAGTCGTATACGGTACGAACCCCTTCCACTCG,0.96,7.880053997039795,50,C2C12,Luciferase,AGTTGTTCGAAGAAAACAGAGTCGTATACGGTACGAACCCCTTCCACTCG,<pad><pad><pad><pad><pad><pad><pad><pad><pad><pad><pad><pad><pad><pad><pad><pad><pad><pad><pad><pad><pad><pad><pad><pad><pad><pad><pad><pad><pad><pad><pad><pad><pad><pad><pad><pad><pad><pad><pad><pad><pad><pad><pad><pad><pad><pad><pad><pad><pad><pad>AGTTGTTCGAAGAAAACAGAGTCGTATACGGTACGAACCCCTTCCACTCG
RV-UML-m332,AGCGCGACATATTATCAGAGCTTGTCAGATATCTCGTTGCGAGAGCCCAC,1.0,7.875823020935059,50,C2C12,Luciferase,AGCGCGACATATTATCAGAGCTTGTCAGATATCTCGTTGCGAGAGCCCAC,<pad><pad><pad><pad><pad><pad><pad><pad><pad><pad><pad><pad><pad><pad><pad><pad><pad><pad><pad><pad><pad><pad><pad><pad><pad><pad><pad><pad><pad><pad><pad><pad><pad><pad><pad><pad><pad><pad><pad><pad><pad><pad><pad><pad><pad><pad><pad><pad><pad><pad>AGCGCGACATATTATCAGAGCTTGTCAGATATCTCGTTGCGAGAGCCCAC
RV-UML-m333,AGTACCTGGCCAGGACAAACAGTATCTTGCTGTATTCTCACCTCTCCACT,1.01,8.003536224365234,50,C2C12,Luciferase,AGTACCTGGCCAGGACAAACAGTATCTTGCTGTATTCTCACCTCTCCACT,<pad><pad><pad><pad><pad><pad><pad><pad><pad><pad><pad><pad><pad><pad><pad><pad><pad><pad><pad><pad><pad><pad><pad><pad><pad><pad><pad><pad><pad><pad><pad><pad><pad><pad><pad><pad><pad><pad><pad><pad><pad><pad><pad><pad><pad><pad><pad><pad><pad><pad>AGTACCTGGCCAGGACAAACAGTATCTTGCTGTATTCTCACCTCTCCACT
RV-UML-m334,AGTGGAGTACCTATTTAAGGGAGAGTGTTAGATCCCGACTAACGTTCGCT,1.11,8.240333557128906,50,C2C12,Luciferase,AGTGGAGTACCTATTTAAGGGAGAGTGTTAGATCCCGACTAACGTTCGCT,<pad><pad><pad><pad><pad><pad><pad><pad><pad><pad><pad><pad><pad><pad><pad><pad><pad><pad><pad><pad><pad><pad><pad><pad><pad><pad><pad><pad><pad><pad><pad><pad><pad><pad><pad><pad><pad><pad><pad><pad><pad><pad><pad><pad><pad><pad><pad><pad><pad><pad>AGTGGAGTACCTATTTAAGGGAGAGTGTTAGATCCCGACTAACGTTCGCT
RV-UML-m335,AGGGGATTGGATCAGAGTATTGAGTACGACGACCTCCGACCATTGATCTC,1.06,7.831610679626465,50,C2C12,Luciferase,AGGGGATTGGATCAGAGTATTGAGTACGACGACCTCCGACCATTGATCTC,<pad><pad><pad><pad><pad><pad><pad><pad><pad><pad><pad><pad><pad><pad><pad><pad><pad><pad><pad><pad><pad><pad><pad><pad><pad><pad><pad><pad><pad><pad><pad><pad><pad><pad><pad><pad><pad><pad><pad><pad><pad><pad><pad><pad><pad><pad><pad><pad><pad><pad>AGGGGATTGGATCAGAGTATTGAGTACGACGACCTCCGACCATTGATCTC
RV-UML-m336,AGTCACTTGGCGGAATTCGTCGAAGGTGTATTGCGGTTCATCACAAAGCA,1.1,8.044576644897461,50,C2C12,Luciferase,AGTCACTTGGCGGAATTCGTCGAAGGTGTATTGCGGTTCATCACAAAGCA,<pad><pad><pad><pad><pad><pad><pad><pad><pad><pad><pad><pad><pad><pad><pad><pad><pad><pad><pad><pad><pad><pad><pad><pad><pad><pad><pad><pad><pad><pad><pad><pad><pad><pad><pad><pad><pad><pad><pad><pad><pad><pad><pad><pad><pad><pad><pad><pad><pad><pad>AGTCACTTGGCGGAATTCGTCGAAGGTGTATTGCGGTTCATCACAAAGCA
RV-UML-m337,AGTTATACACAGATTGCCCGTCCTCTACACAGAGCTTTCTGTCATTCACG,1.06,8.085457801818848,50,C2C12,Luciferase,AGTTATACACAGATTGCCCGTCCTCTACACAGAGCTTTCTGTCATTCACG,<pad><pad><pad><pad><pad><pad><pad><pad><pad><pad><pad><pad><pad><pad><pad><pad><pad><pad><pad><pad><pad><pad><pad><pad><pad><pad><pad><pad><pad><pad><pad><pad><pad><pad><pad><pad><pad><pad><pad><pad><pad><pad><pad><pad><pad><pad><pad><pad><pad><pad>AGTTATACACAGATTGCCCGTCCTCTACACAGAGCTTTCTGTCATTCACG
RV-UML-m338,AGTCCATACAAGAGGATCACCGATTCCCTAGGCAAGAGTACATTGTGGCC,1.05,8.069330215454102,50,C2C12,Luciferase,AGTCCATACAAGAGGATCACCGATTCCCTAGGCAAGAGTACATTGTGGCC,<pad><pad><pad><pad><pad><pad><pad><pad><pad><pad><pad><pad><pad><pad><pad><pad><pad><pad><pad><pad><pad><pad><pad><pad><pad><pad><pad><pad><pad><pad><pad><pad><pad><pad><pad><pad><pad><pad><pad><pad><pad><pad><pad><pad><pad><pad><pad><pad><pad><pad>AGTCCATACAAGAGGATCACCGATTCCCTAGGCAAGAGTACATTGTGGCC
RV-UML-m339,AGTTGCCCTTTATTTACGCACAAGAGATCGTACCTGCCCCGATCGCTACT,1.07,8.098231315612793,50,C2C12,Luciferase,AGTTGCCCTTTATTTACGCACAAGAGATCGTACCTGCCCCGATCGCTACT,<pad><pad><pad><pad><pad><pad><pad><pad><pad><pad><pad><pad><pad><pad><pad><pad><pad><pad><pad><pad><pad><pad><pad><pad><pad><pad><pad><pad><pad><pad><pad><pad><pad><pad><pad><pad><pad><pad><pad><pad><pad><pad><pad><pad><pad><pad><pad><pad><pad><pad>AGTTGCCCTTTATTTACGCACAAGAGATCGTACCTGCCCCGATCGCTACT
RV-UML-m341,AGCACCTTAGCTTACCGAAGAGTTGTACCTTCTCTCGCTACCTAGCGCAA,1.01,8.055620193481445,50,C2C12,Luciferase,AGCACCTTAGCTTACCGAAGAGTTGTACCTTCTCTCGCTACCTAGCGCAA,<pad><pad><pad><pad><pad><pad><pad><pad><pad><pad><pad><pad><pad><pad><pad><pad><pad><pad><pad><pad><pad><pad><pad><pad><pad><pad><pad><pad><pad><pad><pad><pad><pad><pad><pad><pad><pad><pad><pad><pad><pad><pad><pad><pad><pad><pad><pad><pad><pad><pad>AGCACCTTAGCTTACCGAAGAGTTGTACCTTCTCTCGCTACCTAGCGCAA
RV-UML-m342,AGGAAACATACAGATTCCGATTCAAGAGCTGCACGGACTACGTGTACGAT,1.06,8.061396598815918,50,C2C12,Luciferase,AGGAAACATACAGATTCCGATTCAAGAGCTGCACGGACTACGTGTACGAT,<pad><pad><pad><pad><pad><pad><pad><pad><pad><pad><pad><pad><pad><pad><pad><pad><pad><pad><pad><pad><pad><pad><pad><pad><pad><pad><pad><pad><pad><pad><pad><pad><pad><pad><pad><pad><pad><pad><pad><pad><pad><pad><pad><pad><pad><pad><pad><pad><pad><pad>AGGAAACATACAGATTCCGATTCAAGAGCTGCACGGACTACGTGTACGAT
RV-UML-m343,AGAGGATACTATATCGTTGCTGCCGATTGGAGTCGATTGCTCTTGCAGTT,1.01,8.107966423034668,50,C2C12,Luciferase,AGAGGATACTATATCGTTGCTGCCGATTGGAGTCGATTGCTCTTGCAGTT,<pad><pad><pad><pad><pad><pad><pad><pad><pad><pad><pad><pad><pad><pad><pad><pad><pad><pad><pad><pad><pad><pad><pad><pad><pad><pad><pad><pad><pad><pad><pad><pad><pad><pad><pad><pad><pad><pad><pad><pad><pad><pad><pad><pad><pad><pad><pad><pad><pad><pad>AGAGGATACTATATCGTTGCTGCCGATTGGAGTCGATTGCTCTTGCAGTT
RV-UML-m344,AGAGTGTTTGGAATCGCCCTTTGCGGCCCATACTCTCTTCCGGTGATCTC,0.86,7.7684807777404785,50,C2C12,Luciferase,AGAGTGTTTGGAATCGCCCTTTGCGGCCCATACTCTCTTCCGGTGATCTC,<pad><pad><pad><pad><pad><pad><pad><pad><pad><pad><pad><pad><pad><pad><pad><pad><pad><pad><pad><pad><pad><pad><pad><pad><pad><pad><pad><pad><pad><pad><pad><pad><pad><pad><pad><pad><pad><pad><pad><pad><pad><pad><pad><pad><pad><pad><pad><pad><pad><pad>AGAGTGTTTGGAATCGCCCTTTGCGGCCCATACTCTCTTCCGGTGATCTC
RV-UML-m345,AGGGAATCGTGTCAGAAATCTGACCAGAAAATTCACCTCGAGTCCATACG,0.97,8.179580688476562,50,C2C12,Luciferase,AGGGAATCGTGTCAGAAATCTGACCAGAAAATTCACCTCGAGTCCATACG,<pad><pad><pad><pad><pad><pad><pad><pad><pad><pad><pad><pad><pad><pad><pad><pad><pad><pad><pad><pad><pad><pad><pad><pad><pad><pad><pad><pad><pad><pad><pad><pad><pad><pad><pad><pad><pad><pad><pad><pad><pad><pad><pad><pad><pad><pad><pad><pad><pad><pad>AGGGAATCGTGTCAGAAATCTGACCAGAAAATTCACCTCGAGTCCATACG
RV-UML-m346,AGTTGACTGCATACGCCTTGATTAACTAAATCGAGCGCCTACCGGAGAGT,0.88,8.145946502685547,50,C2C12,Luciferase,AGTTGACTGCATACGCCTTGATTAACTAAATCGAGCGCCTACCGGAGAGT,<pad><pad><pad><pad><pad><pad><pad><pad><pad><pad><pad><pad><pad><pad><pad><pad><pad><pad><pad><pad><pad><pad><pad><pad><pad><pad><pad><pad><pad><pad><pad><pad><pad><pad><pad><pad><pad><pad><pad><pad><pad><pad><pad><pad><pad><pad><pad><pad><pad><pad>AGTTGACTGCATACGCCTTGATTAACTAAATCGAGCGCCTACCGGAGAGT
RV-UML-m347,AGAAACCGTCCTTTCGAATTACTCGGCTTTAGAGCCGGGGAACACATAAA,0.99,8.17318344116211,50,C2C12,Luciferase,AGAAACCGTCCTTTCGAATTACTCGGCTTTAGAGCCGGGGAACACATAAA,<pad><pad><pad><pad><pad><pad><pad><pad><pad><pad><pad><pad><pad><pad><pad><pad><pad><pad><pad><pad><pad><pad><pad><pad><pad><pad><pad><pad><pad><pad><pad><pad><pad><pad><pad><pad><pad><pad><pad><pad><pad><pad><pad><pad><pad><pad><pad><pad><pad><pad>AGAAACCGTCCTTTCGAATTACTCGGCTTTAGAGCCGGGGAACACATAAA
RV-UML-m348,AGCCTTCGCACAATACTCGCGCGTCCTAAGCAAAATCGGAACAAGTACTG,1.21,7.902820587158203,50,C2C12,Luciferase,AGCCTTCGCACAATACTCGCGCGTCCTAAGCAAAATCGGAACAAGTACTG,<pad><pad><pad><pad><pad><pad><pad><pad><pad><pad><pad><pad><pad><pad><pad><pad><pad><pad><pad><pad><pad><pad><pad><pad><pad><pad><pad><pad><pad><pad><pad><pad><pad><pad><pad><pad><pad><pad><pad><pad><pad><pad><pad><pad><pad><pad><pad><pad><pad><pad>AGCCTTCGCACAATACTCGCGCGTCCTAAGCAAAATCGGAACAAGTACTG
RV-UML-m349,AGACTGAGTAGCGTTGTCGATTGCTGTTTTCATAACCGTACCGAGCCTGC,1.24,7.699001312255859,50,C2C12,Luciferase,AGACTGAGTAGCGTTGTCGATTGCTGTTTTCATAACCGTACCGAGCCTGC,<pad><pad><pad><pad><pad><pad><pad><pad><pad><pad><pad><pad><pad><pad><pad><pad><pad><pad><pad><pad><pad><pad><pad><pad><pad><pad><pad><pad><pad><pad><pad><pad><pad><pad><pad><pad><pad><pad><pad><pad><pad><pad><pad><pad><pad><pad><pad><pad><pad><pad>AGACTGAGTAGCGTTGTCGATTGCTGTTTTCATAACCGTACCGAGCCTGC
RV-UML-m350,AGTGTCGCTCCTACTAGTTTACAGTATATCATCGAGTGAGCCAGCCCTTC,0.79,7.512470245361328,50,C2C12,Luciferase,AGTGTCGCTCCTACTAGTTTACAGTATATCATCGAGTGAGCCAGCCCTTC,<pad><pad><pad><pad><pad><pad><pad><pad><pad><pad><pad><pad><pad><pad><pad><pad><pad><pad><pad><pad><pad><pad><pad><pad><pad><pad><pad><pad><pad><pad><pad><pad><pad><pad><pad><pad><pad><pad><pad><pad><pad><pad><pad><pad><pad><pad><pad><pad><pad><pad>AGTGTCGCTCCTACTAGTTTACAGTATATCATCGAGTGAGCCAGCCCTTC
RV-UML-m351,AGGCGCCTCTACTACTACCCTCGAACGAGGCCGATACTGACGAGAACCCG,1.14,7.601000785827637,50,C2C12,Luciferase,AGGCGCCTCTACTACTACCCTCGAACGAGGCCGATACTGACGAGAACCCG,<pad><pad><pad><pad><pad><pad><pad><pad><pad><pad><pad><pad><pad><pad><pad><pad><pad><pad><pad><pad><pad><pad><pad><pad><pad><pad><pad><pad><pad><pad><pad><pad><pad><pad><pad><pad><pad><pad><pad><pad><pad><pad><pad><pad><pad><pad><pad><pad><pad><pad>AGGCGCCTCTACTACTACCCTCGAACGAGGCCGATACTGACGAGAACCCG
RV-UML-m352,AGCACCTATAGTTCGGGTATTGTAAGGTCGCGATCCTTCCATCGCAAGCT,1.0,7.904148578643799,50,C2C12,Luciferase,AGCACCTATAGTTCGGGTATTGTAAGGTCGCGATCCTTCCATCGCAAGCT,<pad><pad><pad><pad><pad><pad><pad><pad><pad><pad><pad><pad><pad><pad><pad><pad><pad><pad><pad><pad><pad><pad><pad><pad><pad><pad><pad><pad><pad><pad><pad><pad><pad><pad><pad><pad><pad><pad><pad><pad><pad><pad><pad><pad><pad><pad><pad><pad><pad><pad>AGCACCTATAGTTCGGGTATTGTAAGGTCGCGATCCTTCCATCGCAAGCT
RV-UML-m353,AGGGTCACTGCCCTTCGGCAGATCTCTATATCGGGCGCGGCTACGATTTG,1.07,6.793107032775879,50,C2C12,Luciferase,AGGGTCACTGCCCTTCGGCAGATCTCTATATCGGGCGCGGCTACGATTTG,<pad><pad><pad><pad><pad><pad><pad><pad><pad><pad><pad><pad><pad><pad><pad><pad><pad><pad><pad><pad><pad><pad><pad><pad><pad><pad><pad><pad><pad><pad><pad><pad><pad><pad><pad><pad><pad><pad><pad><pad><pad><pad><pad><pad><pad><pad><pad><pad><pad><pad>AGGGTCACTGCCCTTCGGCAGATCTCTATATCGGGCGCGGCTACGATTTG
RV-UML-m354,AGTGAGTCCCCGTCAACCGTATCGGGAGGGCGATCGACAATTCTCTACCA,1.17,6.746494293212891,50,C2C12,Luciferase,AGTGAGTCCCCGTCAACCGTATCGGGAGGGCGATCGACAATTCTCTACCA,<pad><pad><pad><pad><pad><pad><pad><pad><pad><pad><pad><pad><pad><pad><pad><pad><pad><pad><pad><pad><pad><pad><pad><pad><pad><pad><pad><pad><pad><pad><pad><pad><pad><pad><pad><pad><pad><pad><pad><pad><pad><pad><pad><pad><pad><pad><pad><pad><pad><pad>AGTGAGTCCCCGTCAACCGTATCGGGAGGGCGATCGACAATTCTCTACCA
RV-UML-m355,AGACTGGCAGACCAGGTTCCCGACCGTGGTCCCGTTTGGTACTCTTCCGC,1.06,6.567376136779785,50,C2C12,Luciferase,AGACTGGCAGACCAGGTTCCCGACCGTGGTCCCGTTTGGTACTCTTCCGC,<pad><pad><pad><pad><pad><pad><pad><pad><pad><pad><pad><pad><pad><pad><pad><pad><pad><pad><pad><pad><pad><pad><pad><pad><pad><pad><pad><pad><pad><pad><pad><pad><pad><pad><pad><pad><pad><pad><pad><pad><pad><pad><pad><pad><pad><pad><pad><pad><pad><pad>AGACTGGCAGACCAGGTTCCCGACCGTGGTCCCGTTTGGTACTCTTCCGC
RV-UML-m356,AGGCCAGATTGGCGCCGAGTATCGACGCCTACACTCCTACCAAAGTCTCT,1.06,7.627208232879639,50,C2C12,Luciferase,AGGCCAGATTGGCGCCGAGTATCGACGCCTACACTCCTACCAAAGTCTCT,<pad><pad><pad><pad><pad><pad><pad><pad><pad><pad><pad><pad><pad><pad><pad><pad><pad><pad><pad><pad><pad><pad><pad><pad><pad><pad><pad><pad><pad><pad><pad><pad><pad><pad><pad><pad><pad><pad><pad><pad><pad><pad><pad><pad><pad><pad><pad><pad><pad><pad>AGGCCAGATTGGCGCCGAGTATCGACGCCTACACTCCTACCAAAGTCTCT
RV-UML-m357,AGCTCTCGTTGGCAAACACCCTGTGAGAATCGACCCCGGTCTATCCGATC,1.04,7.616774559020996,50,C2C12,Luciferase,AGCTCTCGTTGGCAAACACCCTGTGAGAATCGACCCCGGTCTATCCGATC,<pad><pad><pad><pad><pad><pad><pad><pad><pad><pad><pad><pad><pad><pad><pad><pad><pad><pad><pad><pad><pad><pad><pad><pad><pad><pad><pad><pad><pad><pad><pad><pad><pad><pad><pad><pad><pad><pad><pad><pad><pad><pad><pad><pad><pad><pad><pad><pad><pad><pad>AGCTCTCGTTGGCAAACACCCTGTGAGAATCGACCCCGGTCTATCCGATC
RV-UML-m358,AGAAGGTTCCGCGACGCTCCCGCCTTCTATCCCCTTCTTTAAAGTCGCTG,1.16,7.608983039855957,50,C2C12,Luciferase,AGAAGGTTCCGCGACGCTCCCGCCTTCTATCCCCTTCTTTAAAGTCGCTG,<pad><pad><pad><pad><pad><pad><pad><pad><pad><pad><pad><pad><pad><pad><pad><pad><pad><pad><pad><pad><pad><pad><pad><pad><pad><pad><pad><pad><pad><pad><pad><pad><pad><pad><pad><pad><pad><pad><pad><pad><pad><pad><pad><pad><pad><pad><pad><pad><pad><pad>AGAAGGTTCCGCGACGCTCCCGCCTTCTATCCCCTTCTTTAAAGTCGCTG
RV-UML-m359,AGAATAGCAGCAAACTAGAGCTTTGAACAAGAACGGTGGACCCCGTCACC,1.04,7.690056324005127,50,C2C12,Luciferase,AGAATAGCAGCAAACTAGAGCTTTGAACAAGAACGGTGGACCCCGTCACC,<pad><pad><pad><pad><pad><pad><pad><pad><pad><pad><pad><pad><pad><pad><pad><pad><pad><pad><pad><pad><pad><pad><pad><pad><pad><pad><pad><pad><pad><pad><pad><pad><pad><pad><pad><pad><pad><pad><pad><pad><pad><pad><pad><pad><pad><pad><pad><pad><pad><pad>AGAATAGCAGCAAACTAGAGCTTTGAACAAGAACGGTGGACCCCGTCACC
RV-UML-m360,AGTGTATTTTGGTTAGCTCCAATCTGGATCTTGACACGCCATACCTTCGC,1.06,7.640888690948486,50,C2C12,Luciferase,AGTGTATTTTGGTTAGCTCCAATCTGGATCTTGACACGCCATACCTTCGC,<pad><pad><pad><pad><pad><pad><pad><pad><pad><pad><pad><pad><pad><pad><pad><pad><pad><pad><pad><pad><pad><pad><pad><pad><pad><pad><pad><pad><pad><pad><pad><pad><pad><pad><pad><pad><pad><pad><pad><pad><pad><pad><pad><pad><pad><pad><pad><pad><pad><pad>AGTGTATTTTGGTTAGCTCCAATCTGGATCTTGACACGCCATACCTTCGC
RV-UML-m361,AGACCTATCCAGACCTTCTCGGCCTCACCATTGCCGTCGCACTCGTACTG,1.16,7.500601768493652,50,C2C12,Luciferase,AGACCTATCCAGACCTTCTCGGCCTCACCATTGCCGTCGCACTCGTACTG,<pad><pad><pad><pad><pad><pad><pad><pad><pad><pad><pad><pad><pad><pad><pad><pad><pad><pad><pad><pad><pad><pad><pad><pad><pad><pad><pad><pad><pad><pad><pad><pad><pad><pad><pad><pad><pad><pad><pad><pad><pad><pad><pad><pad><pad><pad><pad><pad><pad><pad>AGACCTATCCAGACCTTCTCGGCCTCACCATTGCCGTCGCACTCGTACTG
RV-UML-m362,AGAATACCGCAGGTTAAAGCTGTGGTGGAGCCGACAGTCATCACCGCCGG,1.09,6.704801559448242,50,C2C12,Luciferase,AGAATACCGCAGGTTAAAGCTGTGGTGGAGCCGACAGTCATCACCGCCGG,<pad><pad><pad><pad><pad><pad><pad><pad><pad><pad><pad><pad><pad><pad><pad><pad><pad><pad><pad><pad><pad><pad><pad><pad><pad><pad><pad><pad><pad><pad><pad><pad><pad><pad><pad><pad><pad><pad><pad><pad><pad><pad><pad><pad><pad><pad><pad><pad><pad><pad>AGAATACCGCAGGTTAAAGCTGTGGTGGAGCCGACAGTCATCACCGCCGG
RV-UML-m363,AGTTGCAGTCGCTCATCAGGTCTGTCTCTGCTGGACACGATCATCCCGTC,1.05,7.537093162536621,50,C2C12,Luciferase,AGTTGCAGTCGCTCATCAGGTCTGTCTCTGCTGGACACGATCATCCCGTC,<pad><pad><pad><pad><pad><pad><pad><pad><pad><pad><pad><pad><pad><pad><pad><pad><pad><pad><pad><pad><pad><pad><pad><pad><pad><pad><pad><pad><pad><pad><pad><pad><pad><pad><pad><pad><pad><pad><pad><pad><pad><pad><pad><pad><pad><pad><pad><pad><pad><pad>AGTTGCAGTCGCTCATCAGGTCTGTCTCTGCTGGACACGATCATCCCGTC
RV-UML-m364,AGGTTGGCGGAAGTGCTCCCGCGTCTACACTCTCAAGTCGTCACCGTAAG,1.05,7.390878677368164,50,C2C12,Luciferase,AGGTTGGCGGAAGTGCTCCCGCGTCTACACTCTCAAGTCGTCACCGTAAG,<pad><pad><pad><pad><pad><pad><pad><pad><pad><pad><pad><pad><pad><pad><pad><pad><pad><pad><pad><pad><pad><pad><pad><pad><pad><pad><pad><pad><pad><pad><pad><pad><pad><pad><pad><pad><pad><pad><pad><pad><pad><pad><pad><pad><pad><pad><pad><pad><pad><pad>AGGTTGGCGGAAGTGCTCCCGCGTCTACACTCTCAAGTCGTCACCGTAAG
RV-UML-m365,AGATATCCTGAAGAGTTCGTTACTTTGTGGTATACACTGCTGCGAGGGCC,1.06,8.204262733459473,50,C2C12,Luciferase,AGATATCCTGAAGAGTTCGTTACTTTGTGGTATACACTGCTGCGAGGGCC,<pad><pad><pad><pad><pad><pad><pad><pad><pad><pad><pad><pad><pad><pad><pad><pad><pad><pad><pad><pad><pad><pad><pad><pad><pad><pad><pad><pad><pad><pad><pad><pad><pad><pad><pad><pad><pad><pad><pad><pad><pad><pad><pad><pad><pad><pad><pad><pad><pad><pad>AGATATCCTGAAGAGTTCGTTACTTTGTGGTATACACTGCTGCGAGGGCC
RV-UML-m366,AGGGAGAGAAGGAGTTTGGACGAGCTAATAAATCCCGTATCCTAGATACC,1.03,8.342650413513184,50,C2C12,Luciferase,AGGGAGAGAAGGAGTTTGGACGAGCTAATAAATCCCGTATCCTAGATACC,<pad><pad><pad><pad><pad><pad><pad><pad><pad><pad><pad><pad><pad><pad><pad><pad><pad><pad><pad><pad><pad><pad><pad><pad><pad><pad><pad><pad><pad><pad><pad><pad><pad><pad><pad><pad><pad><pad><pad><pad><pad><pad><pad><pad><pad><pad><pad><pad><pad><pad>AGGGAGAGAAGGAGTTTGGACGAGCTAATAAATCCCGTATCCTAGATACC
RV-UML-m367,AGGAGCTCCGATTCGAACTAATCCGTCATACTTTACAACTGCGAGGGGCC,0.94,8.058684349060059,50,C2C12,Luciferase,AGGAGCTCCGATTCGAACTAATCCGTCATACTTTACAACTGCGAGGGGCC,<pad><pad><pad><pad><pad><pad><pad><pad><pad><pad><pad><pad><pad><pad><pad><pad><pad><pad><pad><pad><pad><pad><pad><pad><pad><pad><pad><pad><pad><pad><pad><pad><pad><pad><pad><pad><pad><pad><pad><pad><pad><pad><pad><pad><pad><pad><pad><pad><pad><pad>AGGAGCTCCGATTCGAACTAATCCGTCATACTTTACAACTGCGAGGGGCC
RV-UML-m368,AGCGTCATACCAGACTTGCTGTGTGACTGAGTTGACCCACGTACTACGAC,1.0,7.955718517303467,50,C2C12,Luciferase,AGCGTCATACCAGACTTGCTGTGTGACTGAGTTGACCCACGTACTACGAC,<pad><pad><pad><pad><pad><pad><pad><pad><pad><pad><pad><pad><pad><pad><pad><pad><pad><pad><pad><pad><pad><pad><pad><pad><pad><pad><pad><pad><pad><pad><pad><pad><pad><pad><pad><pad><pad><pad><pad><pad><pad><pad><pad><pad><pad><pad><pad><pad><pad><pad>AGCGTCATACCAGACTTGCTGTGTGACTGAGTTGACCCACGTACTACGAC
RV-UML-m369,AGAGCGAGAGGAATCGCACATATCTCACACCCATACATTTACCAGTGGTC,1.03,8.286462783813477,50,C2C12,Luciferase,AGAGCGAGAGGAATCGCACATATCTCACACCCATACATTTACCAGTGGTC,<pad><pad><pad><pad><pad><pad><pad><pad><pad><pad><pad><pad><pad><pad><pad><pad><pad><pad><pad><pad><pad><pad><pad><pad><pad><pad><pad><pad><pad><pad><pad><pad><pad><pad><pad><pad><pad><pad><pad><pad><pad><pad><pad><pad><pad><pad><pad><pad><pad><pad>AGAGCGAGAGGAATCGCACATATCTCACACCCATACATTTACCAGTGGTC
RV-UML-m370,AGACGATTTGGTCTGTACAAACGCGTACCGATATACACGAGGTAGGGGCC,1.09,8.149700164794922,50,C2C12,Luciferase,AGACGATTTGGTCTGTACAAACGCGTACCGATATACACGAGGTAGGGGCC,<pad><pad><pad><pad><pad><pad><pad><pad><pad><pad><pad><pad><pad><pad><pad><pad><pad><pad><pad><pad><pad><pad><pad><pad><pad><pad><pad><pad><pad><pad><pad><pad><pad><pad><pad><pad><pad><pad><pad><pad><pad><pad><pad><pad><pad><pad><pad><pad><pad><pad>AGACGATTTGGTCTGTACAAACGCGTACCGATATACACGAGGTAGGGGCC
RV-UML-m371,AGGAAATCCTACCGCAACGCAGAGCGTAGATAACTAGTCTCTTCGAAGTC,1.13,8.272882461547852,50,C2C12,Luciferase,AGGAAATCCTACCGCAACGCAGAGCGTAGATAACTAGTCTCTTCGAAGTC,<pad><pad><pad><pad><pad><pad><pad><pad><pad><pad><pad><pad><pad><pad><pad><pad><pad><pad><pad><pad><pad><pad><pad><pad><pad><pad><pad><pad><pad><pad><pad><pad><pad><pad><pad><pad><pad><pad><pad><pad><pad><pad><pad><pad><pad><pad><pad><pad><pad><pad>AGGAAATCCTACCGCAACGCAGAGCGTAGATAACTAGTCTCTTCGAAGTC
RV-UML-m372,AGATAATCCACACCTCGAGAGACGTTTGCGAGATTACTAACCAAGGGGCC,1.09,8.181242942810059,50,C2C12,Luciferase,AGATAATCCACACCTCGAGAGACGTTTGCGAGATTACTAACCAAGGGGCC,<pad><pad><pad><pad><pad><pad><pad><pad><pad><pad><pad><pad><pad><pad><pad><pad><pad><pad><pad><pad><pad><pad><pad><pad><pad><pad><pad><pad><pad><pad><pad><pad><pad><pad><pad><pad><pad><pad><pad><pad><pad><pad><pad><pad><pad><pad><pad><pad><pad><pad>AGATAATCCACACCTCGAGAGACGTTTGCGAGATTACTAACCAAGGGGCC
RV-UML-m373,AGTTAGAACGTTATCTGGTTCGAAGAGTTGATAGACGCAGAATCAGGGCC,1.11,8.314346313476562,50,C2C12,Luciferase,AGTTAGAACGTTATCTGGTTCGAAGAGTTGATAGACGCAGAATCAGGGCC,<pad><pad><pad><pad><pad><pad><pad><pad><pad><pad><pad><pad><pad><pad><pad><pad><pad><pad><pad><pad><pad><pad><pad><pad><pad><pad><pad><pad><pad><pad><pad><pad><pad><pad><pad><pad><pad><pad><pad><pad><pad><pad><pad><pad><pad><pad><pad><pad><pad><pad>AGTTAGAACGTTATCTGGTTCGAAGAGTTGATAGACGCAGAATCAGGGCC
RV-UML-m374,AGATTCGGAGGAAACGAGAATTCCAAAGCATCCTTACCTCTCGTAGGGCT,1.13,8.179328918457031,50,C2C12,Luciferase,AGATTCGGAGGAAACGAGAATTCCAAAGCATCCTTACCTCTCGTAGGGCT,<pad><pad><pad><pad><pad><pad><pad><pad><pad><pad><pad><pad><pad><pad><pad><pad><pad><pad><pad><pad><pad><pad><pad><pad><pad><pad><pad><pad><pad><pad><pad><pad><pad><pad><pad><pad><pad><pad><pad><pad><pad><pad><pad><pad><pad><pad><pad><pad><pad><pad>AGATTCGGAGGAAACGAGAATTCCAAAGCATCCTTACCTCTCGTAGGGCT
RV-UML-m375,AGAGAGACCTGAAATCTCTCGTTTTACTTGGCTGTGTAGGAATTGGGGCT,1.04,8.292308807373047,50,C2C12,Luciferase,AGAGAGACCTGAAATCTCTCGTTTTACTTGGCTGTGTAGGAATTGGGGCT,<pad><pad><pad><pad><pad><pad><pad><pad><pad><pad><pad><pad><pad><pad><pad><pad><pad><pad><pad><pad><pad><pad><pad><pad><pad><pad><pad><pad><pad><pad><pad><pad><pad><pad><pad><pad><pad><pad><pad><pad><pad><pad><pad><pad><pad><pad><pad><pad><pad><pad>AGAGAGACCTGAAATCTCTCGTTTTACTTGGCTGTGTAGGAATTGGGGCT
RV-UML-m114,AGCGTTTTGCAGACGCCACCGCCGAGGAAAACCGTGTACTATTAGCC,0.91,7.884461879730225,47,C2C12,Luciferase,<pad><pad><pad>AGCGTTTTGCAGACGCCACCGCCGAGGAAAACCGTGTACTATTAGCC,<pad><pad><pad><pad><pad><pad><pad><pad><pad><pad><pad><pad><pad><pad><pad><pad><pad><pad><pad><pad><pad><pad><pad><pad><pad><pad><pad><pad><pad><pad><pad><pad><pad><pad><pad><pad><pad><pad><pad><pad><pad><pad><pad><pad><pad><pad><pad><pad><pad><pad><pad><pad><pad>AGCGTTTTGCAGACGCCACCGCCGAGGAAAACCGTGTACTATTAGCC
RV-UML-m106,AGAGGCGCCTGAGAGGCTCTCTACCGGTGAGGGTTTGCGGGGAAG,0.65,7.250167846679687,45,C2C12,Luciferase,<pad><pad><pad><pad><pad>AGAGGCGCCTGAGAGGCTCTCTACCGGTGAGGGTTTGCGGGGAAG,<pad><pad><pad><pad><pad><pad><pad><pad><pad><pad><pad><pad><pad><pad><pad><pad><pad><pad><pad><pad><pad><pad><pad><pad><pad><pad><pad><pad><pad><pad><pad><pad><pad><pad><pad><pad><pad><pad><pad><pad><pad><pad><pad><pad><pad><pad><pad><pad><pad><pad><pad><pad><pad><pad><pad>AGAGGCGCCTGAGAGGCTCTCTACCGGTGAGGGTTTGCGGGGAAG
RV-UML-m101,AGACTCTTCTGGTCCCCACAGACTCAGAGAGAACCCACC,1.1,6.854050636291504,39,C2C12,Luciferase,<pad><pad><pad><pad><pad><pad><pad><pad><pad><pad><pad>AGACTCTTCTGGTCCCCACAGACTCAGAGAGAACCCACC,<pad><pad><pad><pad><pad><pad><pad><pad><pad><pad><pad><pad><pad><pad><pad><pad><pad><pad><pad><pad><pad><pad><pad><pad><pad><pad><pad><pad><pad><pad><pad><pad><pad><pad><pad><pad><pad><pad><pad><pad><pad><pad><pad><pad><pad><pad><pad><pad><pad><pad><pad><pad><pad><pad><pad><pad><pad><pad><pad><pad><pad>AGACTCTTCTGGTCCCCACAGACTCAGAGAGAACCCACC
RV-UML-m104,AGCTCTCCGCCAGACCGCCGCCGCGCCGCCATC,1.01,6.47363805770874,33,C2C12,Luciferase,<pad><pad><pad><pad><pad><pad><pad><pad><pad><pad><pad><pad><pad><pad><pad><pad><pad>AGCTCTCCGCCAGACCGCCGCCGCGCCGCCATC,<pad><pad><pad><pad><pad><pad><pad><pad><pad><pad><pad><pad><pad><pad><pad><pad><pad><pad><pad><pad><pad><pad><pad><pad><pad><pad><pad><pad><pad><pad><pad><pad><pad><pad><pad><pad><pad><pad><pad><pad><pad><pad><pad><pad><pad><pad><pad><pad><pad><pad><pad><pad><pad><pad><pad><pad><pad><pad><pad><pad><pad><pad><pad><pad><pad><pad><pad>AGCTCTCCGCCAGACCGCCGCCGCGCCGCCATC
RV-UML-m113,AGACTCGGCTCAAACTCTGGGATCTGGAAC,0.97,7.599980354309082,30,C2C12,Luciferase,<pad><pad><pad><pad><pad><pad><pad><pad><pad><pad><pad><pad><pad><pad><pad><pad><pad><pad><pad><pad>AGACTCGGCTCAAACTCTGGGATCTGGAAC,<pad><pad><pad><pad><pad><pad><pad><pad><pad><pad><pad><pad><pad><pad><pad><pad><pad><pad><pad><pad><pad><pad><pad><pad><pad><pad><pad><pad><pad><pad><pad><pad><pad><pad><pad><pad><pad><pad><pad><pad><pad><pad><pad><pad><pad><pad><pad><pad><pad><pad><pad><pad><pad><pad><pad><pad><pad><pad><pad><pad><pad><pad><pad><pad><pad><pad><pad><pad><pad><pad>AGACTCGGCTCAAACTCTGGGATCTGGAAC
